Date,target
2005-02-01,-0.0017958883005682426
2005-02-02,0.0008384704032099346
2005-02-03,0.005373522791686349
2005-02-04,0.0049892972045208215
2005-02-07,0.007672840862171484
2005-02-08,0.0007052728493703425
2005-02-09,-0.000940534202309064
2005-02-10,-0.005661677478436793
2005-02-11,0.00035478421741192665
2005-02-14,-0.007239106137467875
2005-02-15,-0.004416632147417298
2005-02-16,0.0009566165225757831
2005-02-17,-0.002393167936164512
2005-02-18,0.00023953813214750897
2005-02-21,0.0007184529482818613
2005-02-22,-0.013738458354554691
2005-02-23,0.003270905291641417
2005-02-24,0.0024160068672957674
2005-02-25,-0.002657891985042105
2005-02-28,-0.0018163293800524671
2005-03-01,0.0031461123331166757
2005-03-02,0.0037383847076354147
2005-03-03,0.002404388601326762
2005-03-04,-0.008925374232535869
2005-03-07,0.0030242567927846052
2005-03-08,-0.009831936184750931
2005-03-09,-0.004278548207851952
2005-03-10,-0.00073526424532636
2005-03-11,-0.001840622985385571
2005-03-14,0.006732420971182284
2005-03-15,0.0018282840396788187
2005-03-16,-0.006107261968185004
2005-03-17,0.0026917132676831193
2005-03-18,0.0035372474140271575
2005-03-21,0.009090421061695319
2005-03-22,0.005774839955022102
2005-03-23,0.007648213516381114
2005-03-24,0.0015463900725278558
2005-03-28,0.00580748883391474
2005-03-29,-0.003551596575961454
2005-03-30,-0.00035583630276756764
2005-03-31,-0.002732444337671723
2005-04-01,0.004391991762594943
2005-04-04,0.004136859230060523
2005-04-05,-0.0014163731765680365
2005-04-06,0.00023617152109212832
2005-04-07,0.002241256473274712
2005-04-08,-0.004724250153083216
2005-04-11,-0.0036766636876708163
2005-04-12,0.003084526161475638
2005-04-13,0.0
2005-04-14,0.006846937825785082
2005-04-15,-0.005189943800215601
2005-04-18,-0.006644513846787237
2005-04-19,-0.0028612067768482973
2005-04-20,-0.0028695081253079023
2005-04-21,0.0021528570936047682
2005-04-22,-0.002392309177952381
2005-04-25,0.003825006999268719
2005-04-26,0.0016688451920260077
2005-04-27,0.001903899437155055
2005-04-28,0.002730407416866819
2005-04-29,0.0009480013938241924
2005-05-02,0.0007103665849764336
2005-05-03,0.0002367369533060116
2005-05-04,-0.006053096990919455
2005-05-05,-0.0007145118527340568
2005-05-06,0.007950183159534654
2005-05-09,0.0003544907487270697
2005-05-10,-0.0022473537818926232
2005-05-11,0.005785546510891635
2005-05-12,0.0064542314222275875
2005-05-13,0.007110008661446456
2005-05-16,0.00023231067714690143
2005-05-17,0.0010444652134377534
2005-05-18,-0.00453409359471844
2005-05-19,0.0031411421243316352
2005-05-20,0.0062529260655919345
2005-05-23,-0.0026584507266584944
2005-05-24,-0.00034726837826598323
2005-05-25,-0.00023163817055356668
2005-05-26,0.005773688196158325
2005-05-27,-0.004963365802055276
2005-05-31,0.01538673099277838
2005-06-01,0.003980200497085431
2005-06-02,-0.004094178459817498
2005-06-03,0.0032994047112787643
2005-06-06,-0.005010286533617202
2005-06-07,-0.0012565038223167038
2005-06-08,0.004447739561310903
2005-06-09,0.0021597330895872097
2005-06-10,0.007015221563555665
2005-06-13,0.0029272088873819402
2005-06-14,0.0034791033306419646
2005-06-15,-0.006857433401184656
2005-06-16,0.0007893070685511661
2005-06-17,-0.011221402396497318
2005-06-20,0.008625572733666806
2005-06-21,-0.0035093437477141756
2005-06-22,0.00430007744194059
2005-06-23,0.006303546165332188
2005-06-24,-0.0038224213417565973
2005-06-27,-0.0037239995529739544
2005-06-28,0.006086593760322164
2005-06-29,0.00134758861056181
2005-06-30,0.0
2005-07-01,0.011381473620711601
2005-07-04,0.003323032032349903
2005-07-05,0.00011060027742322848
2005-07-06,-0.0006637008106652132
2005-07-07,-0.0011070351658322656
2005-07-08,-0.0003323412150428126
2005-07-11,-0.008792009442217974
2005-07-12,-0.011806460931169261
2005-07-13,0.01012830951987679
2005-07-14,0.0010072628879852507
2005-07-15,0.0035730240102393777
2005-07-18,-0.0008920811338978673
2005-07-19,0.002339954123247041
2005-07-20,-0.005692321313784487
2005-07-21,-0.0045997280900800025
2005-07-22,0.007952095280617442
2005-07-25,-0.000446339172820428
2005-07-26,0.004454367379279017
2005-07-27,-0.003004471608802811
2005-07-28,-0.004355923788193131
2005-07-29,0.00011194959461977655
2005-08-01,-0.00617454016312311
2005-08-02,-0.00045056223288231413
2005-08-03,-0.008712974752519562
2005-08-04,-0.0021616119802319875
2005-08-05,0.0029568372041254482
2005-08-08,-0.0015910833342644471
2005-08-09,-0.0003412636369329718
2005-08-10,-0.0031908719870992266
2005-08-11,-0.0058382873052053915
2005-08-12,-0.001378620575947905
2005-08-15,0.003901282423022975
2005-08-16,0.001258948496484771
2005-08-17,0.006498337794891245
2005-08-18,0.006682128608005144
2005-08-19,-0.00011282391996200444
2005-08-22,-0.0049796666772050965
2005-08-23,-0.0006809392860791266
2005-08-24,-0.0019319076823953532
2005-08-25,-0.003076097757607623
2005-08-26,0.0025071377315362595
2005-08-29,0.004429050318907711
2005-08-30,0.0011324856814569615
2005-08-31,-0.008753499214386852
2005-09-01,-0.011830365398202964
2005-09-02,-0.002892683430692105
2005-09-06,0.003123698250910402
2005-09-07,0.004609913935092559
2005-09-08,0.0008045479885151651
2005-09-09,-0.001724849799401241
2005-09-12,0.00939296369847403
2005-09-13,0.0004559548208032414
2005-09-14,-0.0009121176312423741
2005-09-15,0.005233221231715737
2005-09-16,-0.000908096344860795
2005-09-19,0.004419513992884134
2005-09-20,0.001807456794453596
2005-09-21,-0.005205387899881096
2005-09-22,0.0047538083435153585
2005-09-23,0.007312869830523219
2005-09-26,-0.0011215621890375124
2005-09-27,0.005483734476940611
2005-09-28,-0.0014519157477672472
2005-09-29,-0.000782687955753836
2005-09-30,0.0013413272569458882
2005-10-03,0.006791015590346206
2005-10-04,-0.0003328944158580925
2005-10-05,-0.001332686958320882
2005-10-06,-0.014778590098580593
2005-10-07,0.005735768990365059
2005-10-10,0.0032469481584096976
2005-10-11,0.005684707226145606
2005-10-12,-0.0037862402712053804
2005-10-13,0.002006245773020461
2005-10-14,-0.005135075970844159
2005-10-17,0.005023784764204276
2005-10-18,0.005441713167147632
2005-10-19,-0.003328193151915753
2005-10-20,-0.0008893185798095063
2005-10-21,0.004438958501571026
2005-10-24,-0.002217016208735317
2005-10-25,-0.009701807394057377
2005-10-26,0.002797517697308517
2005-10-27,-0.004367545972303781
2005-10-28,0.005484348381869018
2005-10-31,0.0053434766742770645
2005-11-01,0.00011104231091907568
2005-11-02,-0.004004461460659354
2005-11-03,0.007992951146826074
2005-11-04,0.009025924502905427
2005-11-07,0.00032866369833383014
2005-11-08,0.0008759644647573251
2005-11-09,0.001421745210948628
2005-11-10,0.0063188120176279105
2005-11-11,-0.0010865856909838976
2005-11-14,0.0016293947006936619
2005-11-15,-0.00043427334217304955
2005-11-16,0.00260281564952906
2005-11-17,-0.004885787688415991
2005-11-18,0.0005440732675636792
2005-11-21,0.0010871763912613415
2005-11-22,-0.005775625305102861
2005-11-23,0.00010930699004081841
2005-11-25,0.005774995842708105
2005-11-28,-0.011583536074877629
2005-11-29,0.007009879397223392
2005-11-30,-0.0005459146496342406
2005-12-01,0.0027264317105092657
2005-12-02,0.001414782363566175
2005-12-05,-0.005124512010611785
2005-12-06,-0.0004373596643012378
2005-12-07,0.004909156684497486
2005-12-08,-0.006879603963159856
2005-12-09,-0.00010960644483494032
2005-12-12,-0.009911992312895997
2005-12-13,0.0003319734441603584
2005-12-14,-0.006103957969195914
2005-12-15,0.002112814949141171
2005-12-16,-0.0035610955308870485
2005-12-19,0.0018934771890808458
2005-12-20,0.01007477134948622
2005-12-21,0.0017609916617146314
2005-12-22,-0.002422121808041019
2005-12-23,0.001321823488351143
2005-12-27,0.003845591794799478
2005-12-28,0.0007673301891211009
2005-12-29,-0.0017548113910173418
2005-12-30,0.0007680879964321815
2006-01-03,-0.014695605845234633
2006-01-04,-0.00782210899631825
2006-01-05,0.0021292375400954362
2006-01-06,-0.005387860784384178
2006-01-09,0.004491883232739484
2006-01-10,0.0008959775516447308
2006-01-11,-0.003813418347909346
2006-01-12,0.005044056839886426
2006-01-13,-0.006168393316155891
2006-01-17,0.004601878669458195
2006-01-18,-0.0004480389228750342
2006-01-19,0.0014553291380014308
2006-01-20,-0.004934432468643374
2006-01-23,-0.011305943318370109
2006-01-24,0.0012499361184721404
2006-01-25,0.003061448883486325
2006-01-26,0.003277775277400243
2006-01-27,0.007867826791156378
2006-01-30,0.0011189267735189554
2006-01-31,-0.005157530117996549
2006-02-01,0.0061635545378549445
2006-02-02,-0.0015652886226703475
2006-02-03,0.005801607669317835
2006-02-06,0.004440028663916028
2006-02-07,-0.000553958382259205
2006-02-08,0.0021033100501252583
2006-02-09,-0.0015493516678661923
2006-02-10,0.0028754955726414686
2006-02-13,-0.00011046591221504372
2006-02-14,0.0
2006-02-15,0.0019861013154966697
2006-02-16,0.00011024674553064087
2006-02-17,-0.0009924901947431632
2006-02-21,-0.0009933919540691882
2006-02-22,0.0013243034313684305
2006-02-23,-0.003092886405354835
2006-02-24,0.002430953912102
2006-02-27,0.00022066479125183117
2006-02-28,-0.005754100740898449
2006-03-01,0.0012199924901923303
2006-03-02,-0.007342381039997377
2006-03-03,0.0011160151011513433
2006-03-06,0.0025619142236272536
2006-03-07,0.009742103760356835
2006-03-08,-0.0016538280079059146
2006-03-09,0.0014335035971842767
2006-03-10,0.0011013049016348256
2006-03-13,-0.003418025926927527
2006-03-14,-0.005982081789402349
2006-03-15,-0.0033389352873414474
2006-03-16,-0.007048161025392085
2006-03-17,-0.0016855055136939501
2006-03-20,0.0023588788233269015
2006-03-21,0.005482592677808336
2006-03-22,0.0011151832527314122
2006-03-23,0.008214030671195159
2006-03-24,-0.004320611521454818
2006-03-27,0.0
2006-03-28,0.0019964548055456484
2006-03-29,0.0
2006-03-30,-0.009574784941191572
2006-03-31,0.003796386449663528
2006-04-03,-0.0011151439957496536
2006-04-04,-0.00896560333108187
2006-04-05,-0.002254081633628861
2006-04-06,0.0037164504498208195
2006-04-07,0.007503234514890031
2006-04-10,0.0010036685319917324
2006-04-11,-0.0031256865543341766
2006-04-12,0.0020105033016027
2006-04-13,0.0
2006-04-17,-0.010995323891734453
2006-04-18,-0.004522865377312543
2006-04-19,-0.005112741369202391
2006-04-20,0.005226086446682549
2006-04-21,-0.002268826211818329
2006-04-24,-0.006837703034150688
2006-04-25,-0.0014876383806066754
2006-04-26,-0.0011458517765311185
2006-04-27,-0.006787532212995538
2006-04-28,-0.006020588401184912
2006-05-01,-0.001627143410590751
2006-05-02,-0.002095952128928735
2006-05-03,0.0005825954038043846
2006-05-04,0.0
2006-05-05,-0.008422997799893894
2006-05-08,0.0012914660604561314
2006-05-09,-0.004704248516333011
2006-05-10,-0.0038977410415048145
2006-05-11,-0.0027256444143196274
2006-05-12,-0.0036854059007039946
2006-05-15,0.0068843219200558645
2006-05-16,-0.004386264498919628
2006-05-17,0.008046432227742706
2006-05-18,-0.004015077862750323
2006-05-19,0.00436856611308177
2006-05-22,-0.006263671045188428
2006-05-23,0.0
2006-05-24,0.007088021291649037
2006-05-25,-0.0035376855888911503
2006-05-26,0.00718030978766249
2006-05-30,-0.011560861940459057
2006-05-31,0.00520714124974019
2006-06-01,0.0008259064116698063
2006-06-02,-0.00876572595003619
2006-06-05,0.0010701747449130621
2006-06-06,0.006987698921182808
2006-06-07,0.0030638075458967067
2006-06-08,0.010766701901786895
2006-06-09,-0.0022140944312780825
2006-06-12,0.001515384723742319
2006-06-13,0.006733271725742192
2006-06-14,-0.003360968755059974
2006-06-15,-0.001394084209834386
2006-06-16,-0.001163178881157053
2006-06-19,0.004528828495687439
2006-06-20,-0.0015073022162481137
2006-06-21,-0.004652270870727801
2006-06-22,0.007086056447612881
2006-06-23,0.004965085050686614
2006-06-26,-0.003808230737148559
2006-06-27,-0.0002312285298490536
2006-06-28,0.0018485971078940958
2006-06-29,-0.008811587527560581
2006-06-30,-0.007598394273838256
2006-07-03,-0.0004694943181211125
2006-07-05,0.004918597244224368
2006-07-06,-0.0029248339594603206
2006-07-07,-0.004344457173251997
2006-07-10,0.00610040175341873
2006-07-11,-0.0016387617988937776
2006-07-12,0.006422665133420465
2006-07-13,-0.001397819020641895
2006-07-14,0.003490757875112397
2006-07-17,0.010055014153098788
2006-07-18,0.000574846844673261
2006-07-19,-0.006341210479026096
2006-07-20,-0.002779685173465199
2006-07-21,-0.003369168600414722
2006-07-24,0.004759932835772478
2006-07-25,0.003468647935698902
2006-07-26,-0.008228580771471544
2006-07-27,-0.0006984582068347728
2006-07-28,-0.005020152883347513
2006-07-31,-0.001639913512000642
2006-08-01,-0.0029351355505987994
2006-08-02,0.0
2006-08-03,-0.00035287127719895264
2006-08-04,-0.005306893261024794
2006-08-07,0.002126156074987113
2006-08-08,-0.001062467911116616
2006-08-09,0.0005903692862329351
2006-08-10,0.004358364217924486
2006-08-11,0.005158215609989305
2006-08-14,0.001402229130947316
2006-08-15,-0.004916294198632221
2006-08-16,-0.003997700448589936
2006-08-17,0.001883282852221248
2006-08-18,0.0005877320238588999
2006-08-21,-0.005420695595381083
2006-08-22,0.00647788684976986
2006-08-23,-0.0005872004452044169
2006-08-24,0.0017604784708939302
2006-08-25,0.0011719030574265017
2006-08-28,-0.0017583252399337595
2006-08-29,-0.003761608780388816
2006-08-30,0.0007063522411563645
2006-08-31,0.0009410873420627065
2006-09-01,-0.001294201095956073
2006-09-05,0.0007061028624763314
2006-09-06,0.0011757611585899942
2006-09-07,0.005040159671562031
2006-09-08,0.0048985190021900585
2006-09-11,-0.00034908687326212437
2006-09-12,0.0
2006-09-13,-0.0005820527796532473
2006-09-14,-0.0024485417308337627
2006-09-15,0.0038449706411175584
2006-09-18,-0.0020954642123000686
2006-09-19,0.0015138853873861863
2006-09-20,-0.0015138853873862294
2006-09-21,-0.007368853289943119
2006-09-22,0.00023472993873198807
2006-09-25,0.0010558270487894756
2006-09-26,0.003978431897797639
2006-09-27,0.0003503579758067848
2006-09-28,0.0007001699070538039
2006-09-29,0.0029122275395649933
2006-10-02,-0.004430001278660832
2006-10-03,0.0014010831222376053
2006-10-04,0.0015155614312988529
2006-10-05,0.0009315537889927647
2006-10-06,0.006033950433229281
2006-10-09,0.0009250024027217247
2006-10-10,0.0057623764306104774
2006-10-11,0.0011485714351702728
2006-10-12,-0.0022983758288761895
2006-10-13,0.0022983758288760733
2006-10-16,-0.001378391496544468
2006-10-17,-0.001495338765602674
2006-10-18,0.00011504468313039828
2006-10-19,-0.007393742182186256
2006-10-20,0.00034779178661532514
2006-10-23,0.005087332654030751
2006-10-24,-0.0009230626332674957
2006-10-25,-0.0028900084612533874
2006-10-26,-0.005688735064117544
2006-10-27,-0.003849544992163213
2006-10-30,0.00035055542709781806
2006-10-31,-0.003159521080555092
2006-11-01,0.0
2006-11-02,0.00023434482154907285
2006-11-03,0.004326259381243656
2006-11-06,0.0004665918169443555
2006-11-07,-0.003738755310289956
2006-11-08,-0.0002340979008822231
2006-11-09,-0.002696564757093218
2006-11-10,-0.00152731335398761
2006-11-13,0.003638259420024699
2006-11-14,-0.001406831974766386
2006-11-15,0.0011724526788068354
2006-11-16,0.00187314109485325
2006-11-17,-0.0015215927478160099
2006-11-20,0.0005854607825203352
2006-11-21,-0.002109461808364503
2006-11-22,-0.006945655564170075
2006-11-23,-0.0020102669105039913
2006-11-24,-0.009156425959308854
2006-11-27,-0.0023920229893989735
2006-11-28,-0.0035988888359461597
2006-11-29,0.002760318042213099
2006-11-30,-0.006251574466544778
2006-12-01,-0.00532038507672021
2006-12-04,0.00012116756712379449
2006-12-05,-0.00048503598362724967
2006-12-06,0.0038736243477615106
2006-12-07,0.0003624619082591044
2006-12-08,0.006380552119458548
2006-12-11,-0.0025232705331030697
2006-12-12,-0.0018062684457691922
2006-12-13,0.0
2006-12-14,0.008162334285284888
2006-12-15,0.0048893548592925965
2006-12-18,-0.0009520853042965858
2006-12-19,-0.006211251035306687
2006-12-20,0.0007186197474050563
2006-12-21,0.0005985164204489139
2006-12-22,0.0044176866289733245
2006-12-26,0.0015474945266058474
2006-12-27,-0.0015474945266058173
2006-12-28,-0.0014306481345010373
2006-12-29,-0.0011937266974971208
2007-01-02,-0.006230601011200693
2007-01-03,0.008616631121610418
2007-01-04,0.004755138904803439
2007-01-05,0.0036697000542191644
2007-01-08,-0.0003545326522301754
2007-01-09,0.0016534714133952745
2007-01-10,0.004004291864421493
2007-01-11,0.002699640448947708
2007-01-12,-0.003287531260993552
2007-01-16,0.00023523368224150328
2007-01-17,-0.0008233805345003169
2007-01-18,-0.0008240590487187069
2007-01-19,-0.0005890681739453507
2007-01-22,0.0018836364799653892
2007-01-23,-0.004125157418190462
2007-01-24,0.0031838275994331947
2007-01-25,0.001999391032355488
2007-01-26,0.001995401443277508
2007-01-29,-0.0021129284545669566
2007-01-30,-0.0008228966073516984
2007-01-31,-0.004951650891440402
2007-02-01,0.00023631107789977545
2007-02-02,0.003891765489633679
2007-02-05,0.0014114651359527655
2007-02-06,-0.0035323603275893463
2007-02-07,-0.00035390526545141845
2007-02-08,-0.0005901806327500387
2007-02-09,0.0020051407160004476
2007-02-12,0.0032937186847804235
2007-02-13,-0.004944655199032855
2007-02-14,-0.006274884825431703
2007-02-15,-0.0022590201990824194
2007-02-16,0.0009517454898826149
2007-02-20,0.0011885680534138789
2007-02-21,0.00023748982160569243
2007-02-22,0.0013054130038491363
2007-02-23,-0.0029692996566093454
2007-02-26,-0.00166665978637422
2007-02-27,-0.005375999309382855
2007-02-28,0.0010774779401780063
2007-03-01,0.0013154036019444944
2007-03-02,0.0007167311171705935
2007-03-05,0.004884203688938356
2007-03-06,-0.0009511572524744114
2007-03-07,-0.0034554805686372943
2007-03-08,0.003812247886728359
2007-03-09,0.0016632936315817935
2007-03-12,-0.004521093446021602
2007-03-13,-0.0015513727121337923
2007-03-14,-0.0014342388467538164
2007-03-15,0.0008368665016015654
2007-03-16,-0.005392103872331605
2007-03-19,0.0019204906884329371
2007-03-20,-0.0033633518708168883
2007-03-21,-0.0040994025689026735
2007-03-22,0.00385867726294777
2007-03-23,0.002284096046014383
2007-03-26,-0.0024043886013267396
2007-03-27,-0.0008429128460082792
2007-03-28,0.0002408653704267127
2007-03-29,0.0007223400308937697
2007-03-30,-0.00192743145984787
2007-04-02,-0.0007237341388211263
2007-04-03,0.0033730759856439724
2007-04-04,-0.0022876711043519154
2007-04-05,-0.003380814380888766
2007-04-09,0.005066944994827259
2007-04-10,-0.004825118371342547
2007-04-11,-0.00036280801247746643
2007-04-12,-0.003635430818019042
2007-04-13,-0.0029180019873878446
2007-04-16,-0.0007307863870764431
2007-04-17,-0.0029285910075234505
2007-04-18,-0.0011004949139407849
2007-04-19,-0.0012241215361642654
2007-04-20,0.0
2007-04-23,0.0012241215361641737
2007-04-24,-0.002327085512729406
2007-04-25,-0.001472607262198081
2007-04-26,0.003922050550615748
2007-04-27,-0.0026947740749846114
2007-04-30,-0.0009817381221923268
2007-05-01,0.0018399456903787736
2007-05-02,0.0017142087311097284
2007-05-03,0.002565815948897914
2007-05-04,-0.0025658159488980135
2007-05-07,-0.0007342744090280941
2007-05-08,0.003178124321126314
2007-05-09,0.0009757771219074041
2007-05-10,0.0032865257075621354
2007-05-11,-0.0020679791465526664
2007-05-14,-0.0006090876735510032
2007-05-15,-0.003906728145775984
2007-05-16,0.005002800415838011
2007-05-17,0.001945477625404611
2007-05-18,-0.0014588228824792579
2007-05-21,0.0019446246342391363
2007-05-22,0.0003641733490551296
2007-05-23,-0.000971485595981695
2007-05-24,0.0012142558895346103
2007-05-25,-0.000971249662207784
2007-05-29,-0.00024300622732672573
2007-05-30,0.0014568747039392198
2007-05-31,-0.0015783072634575478
2007-06-01,0.00024294305468500527
2007-06-04,-0.003163430556043333
2007-06-05,-0.0020737814337752265
2007-06-06,0.0001221336612369506
2007-06-07,0.004750595253218829
2007-06-08,0.0048491005156390725
2007-06-11,0.00024179737580836165
2007-06-12,0.0021739176053529666
2007-06-13,0.00180801020267229
2007-06-14,0.0010831840606802057
2007-06-15,-0.003373889048190997
2007-06-18,-0.001691222820514336
2007-06-19,-0.002057467218330874
2007-06-20,-0.00024238789355093634
2007-06-21,0.002541686256263109
2007-06-22,-0.004725361912773525
2007-06-25,-0.0002428840476922323
2007-06-26,-0.0003644830753629978
2007-06-27,0.0003644830753630818
2007-06-28,0.00012149573216008899
2007-06-29,-0.004992444611309833
2007-07-02,-0.006490731099603279
2007-07-03,0.0004913513868946597
2007-07-05,0.0013499493923140127
2007-07-06,-0.0009816176377749114
2007-07-09,-0.00036833175453910975
2007-07-10,-0.007024487465871332
2007-07-11,-0.0016089767717202723
2007-07-12,-0.0011154982349405916
2007-07-13,-0.0007442942675750669
2007-07-16,-0.0007449434057302719
2007-07-17,0.0002484077097608055
2007-07-18,-0.0014910880901905918
2007-07-19,0.0
2007-07-20,-0.0016177871011301933
2007-07-23,0.0007469815937686522
2007-07-24,-0.0033659153208349924
2007-07-25,0.007092665618697732
2007-07-26,-0.0024829879861856035
2007-07-27,0.006195806919554653
2007-07-30,-0.0012360752741953085
2007-07-31,-0.0009899992575896463
2007-08-01,0.0012373931780938227
2007-08-02,-0.001980489077796771
2007-08-03,-0.006588360972367598
2007-08-06,0.0008726509896309085
2007-08-07,0.0028619860527044853
2007-08-08,-0.001741164714335531
2007-08-09,0.004966505618157213
2007-08-10,-0.0007433720980946989
2007-08-13,0.004575568965907706
2007-08-14,0.005414001283030509
2007-08-15,0.00404142165391432
2007-08-16,-0.0011005361699152538
2007-08-17,-0.00367741337474695
2007-08-20,-0.00036846747281140145
2007-08-21,0.0011049953635592555
2007-08-22,-0.002949465907647878
2007-08-23,-0.0013547709537488504
2007-08-24,-0.005809314005302352
2007-08-27,0.0008673527158557547
2007-08-28,0.0002477309295757843
2007-08-29,-0.0007432824364066742
2007-08-30,0.0011146693639831366
2007-08-31,0.0
2007-09-04,0.0011133339296825187
2007-09-05,-0.0032197489962204574
2007-09-06,-0.0018623324295570572
2007-09-07,-0.006357961145326071
2007-09-10,-0.001752402385094374
2007-09-11,-0.0015045482916818168
2007-09-12,-0.0042750768380671175
2007-09-13,0.0018883561132964973
2007-09-14,0.001382525287466831
2007-09-17,0.001255158588673603
2007-09-18,-0.006417968739017301
2007-09-19,0.0011356252065476524
2007-09-20,-0.009120929692402824
2007-09-21,0.0002544425898391878
2007-09-24,-0.0008909781795775928
2007-09-25,-0.0028054242556943736
2007-09-26,0.0022959233354569583
2007-09-27,-0.0019129194307977839
2007-09-28,-0.007945641275668826
2007-10-01,0.00231333224870361
2007-10-02,0.005121669507587364
2007-10-03,0.0034423013316519984
2007-10-04,-0.0011460852721142342
2007-10-05,-0.0021685804448189614
2007-10-08,0.004586587479347121
2007-10-09,-0.0017811632236527722
2007-10-10,-0.0019119441127539527
2007-10-11,-0.003834792173766877
2007-10-12,0.0017914193775464488
2007-10-15,-0.0016634241548178306
2007-10-16,0.0020468686416893474
2007-10-17,-0.0016626882532848905
2007-10-18,-0.0068076354593343226
2007-10-19,-0.0023224871830600045
2007-10-22,0.008361711951863408
2007-10-23,-0.006039224768803387
2007-10-24,-0.0005155767329646962
2007-10-25,-0.003487754866264184
2007-10-26,-0.003240233590653335
2007-10-29,-0.0024696502762998544
2007-10-30,-0.0009113951288089153
2007-10-31,-0.0037845824765473154
2007-11-01,0.0014371594709373973
2007-11-02,-0.003269472761002413
2007-11-05,0.0011782939016320671
2007-11-06,-0.0051157635873683785
2007-11-07,-0.00831958888310025
2007-11-08,0.0006627616263427268
2007-11-09,-0.0007954071525155373
2007-11-12,0.006609409254359425
2007-11-13,-0.0002635956349671408
2007-11-14,-0.0009229310064885004
2007-11-15,0.003423787133499135
2007-11-16,-0.0031599481377526336
2007-11-19,-0.0006596273777399377
2007-11-20,-0.0075502008165768105
2007-11-21,-0.0018631811456698269
2007-11-23,-0.0002664087772291079
2007-11-26,-0.002534888112942494
2007-11-27,0.0032008278226043772
2007-11-28,-0.000266302345771063
2007-11-29,0.006769714750719268
2007-11-30,0.00738114852190072
2007-12-03,-0.0028932321346612686
2007-12-04,-0.0031657836679052794
2007-12-05,0.009467542010160045
2007-12-06,-0.00039277974864034107
2007-12-07,-0.0011789657351710056
2007-12-10,-0.003019409701070981
2007-12-11,0.002101441059549063
2007-12-12,-0.0010501685230602667
2007-12-13,0.005500972317725667
2007-12-14,0.011428759238842913
2007-12-17,-0.0005166741848657446
2007-12-18,0.0001292182147044769
2007-12-19,0.0023224871830600908
2007-12-20,0.0025743942802555486
2007-12-21,-0.000900259772237757
2007-12-24,-0.0019318896470796112
2007-12-26,-0.005429151981331514
2007-12-27,-0.007023974091524599
2007-12-28,-0.005103713034488996
2007-12-31,0.006277757123735694
2008-01-02,-0.009563127001616264
2008-01-03,-0.001053626210116782
2008-01-04,-0.0013185454695108026
2008-01-07,0.005001290441914806
2008-01-08,-0.0007879900470083556
2008-01-09,0.004064747759706627
2008-01-10,-0.006432550814026485
2008-01-11,0.0006583246969690608
2008-01-14,-0.004881634298740123
2008-01-15,-0.0005291826482347727
2008-01-16,0.009089207447571588
2008-01-17,-0.0011809220962375722
2008-01-18,0.002753185492286173
2008-01-22,-0.0003928341586046055
2008-01-23,0.0006547044653866485
2008-01-24,-0.009336632568301827
2008-01-25,0.0036924580069462028
2008-01-28,-0.005146819435304163
2008-01-29,-0.0005293927439722846
2008-01-30,-0.006774312115976272
2008-01-31,0.001997224907196747
2008-02-01,0.003584902571137438
2008-02-04,-0.0010607904697429492
2008-02-05,0.009901724213518993
2008-02-06,0.00026266442796288113
2008-02-07,0.010452186117272699
2008-02-08,-0.0035154553669298244
2008-02-11,-0.0011745037290198854
2008-02-12,-0.003400946818102689
2008-02-13,0.0010476930033149962
2008-02-14,-0.003277616765735263
2008-02-15,-0.0006568545623075724
2008-02-19,-0.0013149045303377483
2008-02-20,0.001577738223882244
2008-02-21,-0.0068548155083096255
2008-02-22,-0.001058785615580908
2008-02-25,0.00013243477720239805
2008-02-26,-0.010246901001652098
2008-02-27,-0.007384111516811665
2008-02-28,-0.006624750284796474
2008-02-29,-0.00013568657973426262
2008-03-03,-0.0001357049930806639
2008-03-04,-0.0005427970541407978
2008-03-05,-0.0024466547013881775
2008-03-06,-0.006553864883529894
2008-03-07,0.00041085776853573764
2008-03-10,-0.0005478827208266108
2008-03-11,0.003965287511707729
2008-03-12,-0.01208138324046207
2008-03-13,-0.004568455765432045
2008-03-14,-0.0057051017211530225
2008-03-17,-0.0027949231972429025
2008-03-18,0.0015381477029700393
2008-03-19,0.007932679528251102
2008-03-20,0.008420239036862677
2008-03-24,0.00274532708363714
2008-03-25,-0.009226784299743971
2008-03-26,-0.010710118902019857
2008-03-27,0.0020954330472856366
2008-03-28,0.0002790099433887929
2008-03-31,0.0016727456336186495
2008-04-01,0.010529253602388934
2008-04-02,-0.0041430168775515785
2008-04-03,-0.0005537225307308191
2008-04-04,-0.0027732211422769517
2008-04-07,0.0024961920210679433
2008-04-08,0.00041551490770237444
2008-04-09,-0.005553276960154966
2008-04-10,0.004029194840402632
2008-04-11,-0.00430772829452777
2008-04-14,0.0009743155806122861
2008-04-15,0.0019457879048975074
2008-04-16,-0.00850584476571581
2008-04-17,0.0037738060802676135
2008-04-18,0.004593255002372707
2008-04-21,-0.005011852356055507
2008-04-22,-0.004476153610329938
2008-04-23,0.0068459625886244
2008-04-24,0.009975161926995008
2008-04-25,0.0034404492320629565
2008-04-28,0.0
2008-04-29,0.001372851312704373
2008-04-30,-0.0052269341758383395
2008-05-01,0.010563190863122959
2008-05-02,0.002997702510982862
2008-05-05,-0.004226573248554375
2008-05-06,-0.002599391821845396
2008-05-07,0.006962039298010958
2008-05-08,-0.00040817441448113255
2008-05-09,-0.005869126058925737
2008-05-12,-0.0013699468377561092
2008-05-13,0.004376969220696807
2008-05-14,0.001772754053074717
2008-05-15,-0.0006814726227318753
2008-05-16,-0.006977279202948831
2008-05-19,0.0027420442379852616
2008-05-20,-0.008800928353969194
2008-05-21,-0.006373848263167973
2008-05-22,0.00471497663131721
2008-05-23,-0.005410284329790987
2008-05-27,0.006240011394671923
2008-05-28,0.0028988454940212342
2008-05-29,0.00645730886029603
2008-05-30,-0.0019191149893527221
2008-06-02,0.0006858659153037657
2008-06-03,0.004241609458127269
2008-06-04,0.0024546624904624235
2008-06-05,-0.005189104307919091
2008-06-06,-0.008939088947699857
2008-06-09,0.006334351822108925
2008-06-10,0.011600246091725776
2008-06-11,-0.006670746634394493
2008-06-12,0.008839406534989602
2008-06-13,0.003918671474168324
2008-06-16,-0.007309194799905344
2008-06-17,-0.001359413915905894
2008-06-18,-0.0009527008906185454
2008-06-19,0.0005445264761373443
2008-06-20,-0.006143007114994168
2008-06-23,0.005462276702601775
2008-06-24,-0.0025908849807569534
2008-06-25,-0.004241609458127405
2008-06-26,-0.006051489337171036
2008-06-27,-0.001794922881448628
2008-06-30,0.001381003869971943
2008-07-01,-0.0012427860020192312
2008-07-02,-0.004709204875854855
2008-07-03,0.009808728236690418
2008-07-07,-0.0009627907591132801
2008-07-08,0.004667827895717043
2008-07-09,-0.005907020314404062
2008-07-10,-0.0012408351695393836
2008-07-11,-0.005394568715939264
2008-07-14,-0.0024996584237731594
2008-07-15,-0.0006953950074366786
2008-07-16,0.002640101743435746
2008-07-17,0.0024948080976729082
2008-07-18,-0.0006923135671887512
2008-07-21,-0.0027743751630220285
2008-07-22,0.006369435837207408
2008-07-23,0.004956648230995558
2008-07-24,0.0016468063052194606
2008-07-25,-0.0009602812231807688
2008-07-28,-0.0028863889380210538
2008-07-29,0.009043580913552392
2008-07-30,0.00013642687626448682
2008-07-31,-0.001228199895321
2008-08-01,0.0025911342152956664
2008-08-04,0.0005446747993499526
2008-08-05,0.005701090226194942
2008-08-06,0.004860941548509358
2008-08-07,0.0041670224431764324
2008-08-08,0.017287603531017295
2008-08-11,0.003684683563112502
2008-08-12,0.0002627301383815171
2008-08-13,0.0007875762858315922
2008-08-14,0.006017798023711211
2008-08-15,0.006629886375032017
2008-08-18,-0.0007776741468681326
2008-08-19,-0.003637395675221829
2008-08-20,0.0015605042198444303
2008-08-21,-0.009924371818020986
2008-08-22,0.00797338558230022
2008-08-25,-0.00026037296065142503
2008-08-26,0.005972480512921263
2008-08-27,-0.002592314404231735
2008-08-28,0.0012969972136268645
2008-08-29,0.002976715190388432
2008-09-02,0.008749416698808273
2008-09-03,0.0003842303021264036
2008-09-04,0.0066369647913911535
2008-09-05,0.0040624620167573275
2008-09-08,0.008327023218855817
2008-09-09,-0.004280998048187285
2008-09-10,0.007542442794314894
2008-09-11,0.003750042541647377
2008-09-12,-0.014831849126054392
2008-09-15,-0.0007600400256697546
2008-09-16,0.002025523281642878
2008-09-17,-0.012343494915132903
2008-09-18,-0.0010248762562063056
2008-09-19,-0.004367333140234906
2008-09-22,-0.019892728532720626
2008-09-23,0.004193423640321046
2008-09-24,0.004175912245636198
2008-09-25,0.0026010802781680355
2008-09-26,-0.0005196949171849202
2008-09-29,0.006734959775002097
2008-09-30,0.025237074170757077
2008-10-01,0.00012588429291282826
2008-10-02,0.012257856390512049
2008-10-03,-0.0016174794545090255
2008-10-06,0.016915061792055073
2008-10-07,-0.008730446818630873
2008-10-08,-0.000741259692750874
2008-10-09,0.0030850889984451787
2008-10-10,0.022418047716888233
2008-10-13,-0.013585880547501285
2008-10-14,-0.006370968006929254
2008-10-15,0.008445095487811399
2008-10-16,0.0049844614460908985
2008-10-17,-0.0006064829630963806
2008-10-20,0.008337850286468784
2008-10-21,0.010653035203750343
2008-10-22,0.016297064491705985
2008-10-23,-0.00011716905107766743
2008-10-24,0.012572945738804952
2008-10-27,0.005652640718939486
2008-10-28,0.0011496721736233544
2008-10-29,-0.022778429374744554
2008-10-30,-0.006013130710343076
2008-10-31,0.01257434427300194
2008-11-03,0.008373129958723078
2008-11-04,-0.018349135395814738
2008-11-05,-0.0020071813758968282
2008-11-06,0.015014930521818631
2008-11-07,0.00023287860530842182
2008-11-10,0.0
2008-11-11,0.013412110058335333
2008-11-12,0.004583502051864324
2008-11-13,-0.006077637745288097
2008-11-14,-0.006693640928020257
2008-11-17,0.005197181566023279
2008-11-18,0.006430211466060743
2008-11-19,-0.0006870298860052756
2008-11-20,0.007530885280728542
2008-11-21,0.0024977444426305885
2008-11-24,-0.02421648789855054
2008-11-25,-0.01262586119470373
2008-11-26,0.007851428112288271
2008-11-28,0.009872877682742556
2008-12-01,0.002308989482362363
2008-12-02,-0.00023070318026614206
2008-12-03,0.0037990241877450116
2008-12-04,-0.0068023128925627585
2008-12-05,0.007835950268502418
2008-12-08,-0.018068654471358653
2008-12-09,0.0032671999806340737
2008-12-10,-0.004202585937890053
2008-12-11,-0.019491509230272753
2008-12-12,-0.002269093229172564
2008-12-15,-0.01651538688609058
2008-12-16,-0.01951576350842105
2008-12-17,-0.02218270792692851
2008-12-18,0.007071598371012644
2008-12-19,0.022766446778120092
2008-12-22,-0.0025864502953437144
2008-12-23,0.0018481066214630364
2008-12-24,-0.00036932939613937857
2008-12-26,-0.003948181536330676
2008-12-29,-0.002599482615853203
2008-12-30,0.00272312605718582
2008-12-31,0.005055137268099132
2009-01-02,0.006497096702346314
2009-01-05,0.009727740529527443
2009-01-06,0.0025379080294886764
2009-01-07,-0.006903675506411898
2009-01-08,-0.009034341329731244
2009-01-09,0.013642144767807306
2009-01-12,0.004345648802783888
2009-01-13,0.014944387759156264
2009-01-14,0.0017784287157229521
2009-01-15,0.00023693322849945185
2009-01-16,-0.002727583723085379
2009-01-20,0.023588515307047028
2009-01-21,-0.004650107469612454
2009-01-22,-0.0035018485437903722
2009-01-23,0.001051878420246877
2009-01-26,-0.010332336054279101
2009-01-27,-0.003546977533606994
2009-01-28,0.0028385337324562617
2009-01-29,0.00717862007506638
2009-01-30,0.008407350150034413
2009-02-02,0.0008136188622058284
2009-02-03,-0.011921560391917283
2009-02-04,0.007613435270161094
2009-02-05,0.004191909047843075
2009-02-06,-0.008284267679252654
2009-02-09,-0.006582809249049914
2009-02-10,0.011957899254228951
2009-02-11,-0.00034965650961887705
2009-02-12,0.008936452024165346
2009-02-13,-0.005910001842026421
2009-02-17,0.017740367240229402
2009-02-18,0.004897786377831957
2009-02-19,-0.006497596869093807
2009-02-20,-0.010924096169955424
2009-02-23,0.008634141227345748
2009-02-24,-0.0040199730199067685
2009-02-25,0.011670661693871858
2009-02-26,-0.002049651115903382
2009-02-27,0.003186514253641635
2009-03-02,0.010511543874278412
2009-03-03,-0.00033734921059172643
2009-03-04,-0.0037185441557453197
2009-03-05,0.005965449307795999
2009-03-06,-0.006756004357790036
2009-03-09,0.005633182854477178
2009-03-10,-0.0008992001275436204
2009-03-11,-0.011991066078102698
2009-03-12,-0.0023927439981364287
2009-03-13,-0.0026272600836346038
2009-03-16,-0.005505270980870948
2009-03-17,-0.00023000510087905013
2009-03-18,-0.027168952025781425
2009-03-19,-0.017528634072388544
2009-03-20,0.008504562389596253
2009-03-23,-0.004902216321141966
2009-03-24,0.005140788448987467
2009-03-25,-0.0005964460402725784
2009-03-26,0.004286238488676508
2009-03-27,0.011106003190954927
2009-03-30,0.008890012009547376
2009-03-31,-0.005137225933983909
2009-04-01,0.0008190452069551481
2009-04-02,-0.012356768825765974
2009-04-03,-0.0033210656477077227
2009-04-06,0.0047410487163315794
2009-04-07,0.008477634879732713
2009-04-08,0.0008203890785156803
2009-04-09,0.005024846112778716
2009-04-13,-0.013495499357758185
2009-04-14,0.0
2009-04-15,0.005185050954759291
2009-04-16,0.0017615120673654442
2009-04-17,0.00876122619036004
2009-04-20,0.007646845536723381
2009-04-21,-0.0006927324855124754
2009-04-22,-0.004514673177365216
2009-04-23,-0.007803962521582017
2009-04-24,-0.009516579827913867
2009-04-27,0.01161914235828142
2009-04-28,-0.006320906965986094
2009-04-29,-0.008135426837244568
2009-04-30,0.001656013959387613
2009-05-01,-0.0007093587114060793
2009-05-04,-0.006883504705864513
2009-05-05,0.0022601857702121337
2009-05-06,-0.004286748597861478
2009-05-07,0.0016692430853851704
2009-05-08,-0.016940438177009815
2009-05-11,0.0018158896910447976
2009-05-12,-0.004485161181175944
2009-05-13,0.002305716017196645
2009-05-14,-0.002670243391843039
2009-05-15,0.008953452240860024
2009-05-18,-0.0042247450740302665
2009-05-19,-0.008381401091229417
2009-05-20,-0.012149692139966401
2009-05-21,-0.0053234457795597705
2009-05-22,-0.0074757199224838216
2009-05-26,0.002123783331020073
2009-05-27,0.0024928914664759877
2009-05-28,0.0012440717304019323
2009-05-29,0.0
2009-06-01,-0.01578982865507635
2009-06-02,-0.009773469236101003
2009-06-03,0.01393307484118319
2009-06-04,-0.001132670636691534
2009-06-05,0.015742385227200853
2009-06-08,0.002970734830469063
2009-06-09,-0.013939276286863533
2009-06-10,0.00674497818547739
2009-06-11,-0.011518821956283823
2009-06-12,0.009150746568337358
2009-06-15,0.012400952664165911
2009-06-16,-0.005313578263236086
2009-06-17,-0.0067131147776513045
2009-06-18,0.005473361651959463
2009-06-19,-0.004351327412022176
2009-06-22,0.006458003568666263
2009-06-23,-0.011704808888710188
2009-06-24,0.008977631969762269
2009-06-25,-0.001988022941352476
2009-06-26,-0.006488720999751129
2009-06-29,-0.0005008880286586551
2009-06-30,0.0036256953782986623
2009-07-01,-0.006259409735849757
2009-07-02,0.0065090263157993695
2009-07-06,0.0037359374114431096
2009-07-07,0.0021109562524702554
2009-07-08,0.0018587761352992923
2009-07-09,-0.011330458614720311
2009-07-10,0.004622442329095012
2009-07-13,-0.0012472700935371069
2009-07-14,0.0006238295070916383
2009-07-15,-0.01078381121629928
2009-07-16,-0.0012614922013975233
2009-07-17,0.00163962013989258
2009-07-20,-0.0055604188010620025
2009-07-21,0.00025337864509350554
2009-07-22,-0.002791187064014993
2009-07-23,0.0011428350690171878
2009-07-24,-0.0006347578859812942
2009-07-27,-0.0015250066327779283
2009-07-28,0.002794022984416104
2009-07-29,0.009843577720172188
2009-07-30,-0.004278842946677877
2009-07-31,-0.011926079504006985
2009-08-03,-0.009103198887361594
2009-08-04,0.0016729591024533324
2009-08-05,-0.003219785263546859
2009-08-06,0.0070699319447847875
2009-08-07,0.011462192744100253
2009-08-10,0.0036655657471793336
2009-08-11,-0.0010098691822897573
2009-08-12,-0.004937648654748797
2009-08-13,-0.003814895955310691
2009-08-14,0.005083268448128403
2009-08-17,0.005057559460618589
2009-08-18,-0.004423927668808783
2009-08-19,-0.005971699466381229
2009-08-20,-0.0011476439660736406
2009-08-21,-0.004347230243187209
2009-08-24,0.002942817441173745
2009-08-25,-0.0003833465045957023
2009-08-26,0.005353815136843239
2009-08-27,-0.008297762575564954
2009-08-28,0.0046041851268365346
2009-08-31,-0.0025553173028862817
2009-09-01,0.007519362085985376
2009-09-02,-0.0048365231646048
2009-09-03,0.0010201713830803206
2009-09-04,-0.0040868472967676385
2009-09-08,-0.01054943142271313
2009-09-09,-0.002979127426378856
2009-09-10,-0.0035085040216819795
2009-09-11,-0.0027373944494247754
2009-09-14,0.001174044089246836
2009-09-15,-0.00208817662599279
2009-09-16,-0.003927260632845267
2009-09-17,-0.0006559787975592035
2009-09-18,0.0031450407190971104
2009-09-21,0.00456888042626715
2009-09-22,-0.008633095163725955
2009-09-23,-0.0009200196766044288
2009-09-24,0.011114837520367713
2009-09-25,-0.001171088128391689
2009-09-28,0.003119793148038257
2009-09-29,0.0009080845430598718
2009-09-30,-0.0061130606917641495
2009-10-01,0.007020321365373287
2009-10-02,-0.0024645247366083933
2009-10-05,-0.00468629615495621
2009-10-06,-0.003922126352687518
2009-10-07,0.001962986059502134
2009-10-08,-0.006821443822186158
2009-10-09,0.0060367516643161315
2009-10-12,-0.0039329240070773135
2009-10-13,-0.0019721772993107115
2009-10-14,-0.005675462828654049
2009-10-15,-0.0009269641378037295
2009-10-16,0.001588498027077308
2009-10-19,-0.001191136895873732
2009-10-20,0.0007942488882792655
2009-10-21,-0.007971325196784009
2009-10-22,0.0015992955446646284
2009-10-23,0.005047897129267383
2009-10-26,0.007787227930230203
2009-10-27,0.0010512725364888059
2009-10-28,0.003801550309495997
2009-10-29,-0.006695163064212489
2009-10-30,0.004992848103776629
2009-11-02,-0.00013109818447791814
2009-11-03,0.0013099094605691748
2009-11-04,-0.009866553842234936
2009-11-05,0.001321158547769998
2009-11-06,0.0010557117943224023
2009-11-09,-0.01047408877508169
2009-11-10,-0.00013331738154510157
2009-11-11,0.001864523362885293
2009-11-12,0.005837039732460304
2009-11-13,-0.0035777768571894956
2009-11-16,-0.0055910442981347555
2009-11-17,0.006121912450114942
2009-11-18,-0.0025241121013943094
2009-11-19,0.0014620938267432863
2009-11-20,0.004902331585024404
2009-11-23,-0.0075623222648779475
2009-11-24,-0.00026633782249508436
2009-11-25,-0.010713951037542767
2009-11-27,0.009781057054158363
2009-11-30,-0.0016013180467559151
2009-12-01,-0.006968624428248379
2009-12-02,0.004160209464344659
2009-12-03,-0.0005358461850090348
2009-12-04,0.01700594193081311
2009-12-07,-0.0018460846324315076
2009-12-08,0.007101567669250323
2009-12-09,-0.003544429647969802
2009-12-10,0.0
2009-12-11,0.006945821479149186
2009-12-14,-0.002877339460128237
2009-12-15,0.007957782781980813
2009-12-16,0.0005196273923781429
2009-12-17,0.008921158533619225
2009-12-18,0.0016718832475446017
2009-12-21,0.002823063851576454
2009-12-22,0.0026873019338382906
2009-12-23,-0.00448285695589779
2009-12-24,-0.0007705816332423973
2009-12-28,-0.002701475793954391
2009-12-29,0.002573069460463914
2009-12-30,0.001027376849489754
2009-12-31,-0.0006420113257218428
2010-01-04,-0.004247407535445612
2010-01-05,0.0011602188397838232
2010-01-06,-0.0016762931177009084
2010-01-07,0.0054054931390843984
2010-01-08,-0.00566358094620307
2010-01-11,-0.00608535854723481
2010-01-12,-0.0006496012277672727
2010-01-13,-0.0013003704966001665
2010-01-14,-0.0015626401897943162
2010-01-15,0.0076598404536890805
2010-01-19,0.002325285966090271
2010-01-20,0.010780345132028886
2010-01-21,-0.0002552871655995085
2010-01-22,-0.0005108673919166577
2010-01-25,-0.0011503335733702115
2010-01-26,0.00306471775519059
2010-01-27,0.003182486283919753
2010-01-28,0.002792249791677514
2010-01-29,0.007072491673357045
2010-02-01,-0.0027725439932298496
2010-02-02,-0.0029067410992474054
2010-02-03,0.004546043935460603
2010-02-04,0.006905613721631517
2010-02-05,0.006485483825897176
2010-02-08,-0.0017419362979292075
2010-02-09,-0.005494549679326584
2010-02-10,0.0021264398480409855
2010-02-11,-0.0004999489713745062
2010-02-12,0.004117051989408847
2010-02-16,-0.007749104638313439
2010-02-17,0.008495807345479965
2010-02-18,0.0002488403124274445
2010-02-19,0.00298060159070081
2010-02-22,-0.0016133699085972703
2010-02-23,0.0042141403045372694
2010-02-24,0.0
2010-02-25,-0.000742360326350926
2010-02-26,-0.005336659281853923
2010-03-01,0.0037262873050737506
2010-03-02,-0.0017372757661139652
2010-03-03,-0.006728913690074956
2010-03-04,0.007225572714031923
2010-03-05,-0.0016149733945858948
2010-03-08,0.0
2010-03-09,0.0019872821849003146
2010-03-10,-0.0017386913903855346
2010-03-11,-0.0016171833608755045
2010-03-12,-0.00611925554928795
2010-03-15,0.005247365415493372
2010-03-16,-0.0062500203451712946
2010-03-17,-0.001380270132840455
2010-03-18,0.00725640402673575
2010-03-19,0.006213515609189026
2010-03-22,-0.0008675676770573162
2010-03-23,0.0030950194347616187
2010-03-24,0.011552233970445405
2010-03-25,0.0034155487005017126
2010-03-26,-0.005372448004043383
2010-03-29,-0.003925418350479121
2010-03-30,0.0013511100638508872
2010-03-31,-0.004921894070751511
2010-04-01,-0.0035835802114523923
2010-04-05,0.0038302087716026996
2010-04-06,0.003692804044435308
2010-04-07,0.0006141749403343219
2010-04-08,0.001104452922191356
2010-04-09,-0.005411431906961217
2010-04-12,-0.006557385690550603
2010-04-13,-0.0006207912592489711
2010-04-14,-0.00398257758140992
2010-04-15,0.003609898798622335
2010-04-16,0.004215707811504656
2010-04-19,0.002224698798104552
2010-04-20,0.0006171311620255271
2010-04-21,0.00135627424524534
2010-04-22,0.005038983491504494
2010-04-23,-0.002700728663130285
2010-04-26,0.001596817649999729
2010-04-27,0.008189230499495081
2010-04-28,0.0027957926099566096
2010-04-29,-0.004623408403282515
2010-04-30,-0.001586590327808037
2010-05-03,0.0048738234405325785
2010-05-04,0.01244210543156675
2010-05-05,0.009320162537680568
2010-05-06,0.00958754521374016
2010-05-07,-0.0051966864430165625
2010-05-10,-0.0034398146138927407
2010-05-11,0.003676663687670803
2010-05-12,0.004252819213906304
2010-05-13,0.004469511690866564
2010-05-14,0.01039060661601463
2010-05-17,0.001276775890584599
2010-05-18,0.010959382490260027
2010-05-19,-0.00887363078663785
2010-05-20,-0.009537170442144926
2010-05-21,-0.0023399676686773714
2010-05-24,0.00979138640720017
2010-05-25,0.0065899967014646215
2010-05-26,0.003910343847564868
2010-05-27,-0.010848374422292346
2010-05-28,0.0034750764195721844
2010-06-01,0.001848383499641545
2010-06-02,0.001729822556869247
2010-06-03,0.004024595480113293
2010-06-04,0.012431065596510879
2010-06-07,0.0019249076231284351
2010-06-08,-0.00011315273702524639
2010-06-09,-0.0055590121172554045
2010-06-10,-0.00833960803246638
2010-06-11,0.0038928829410878932
2010-06-14,-0.011493058073278205
2010-06-15,-0.0061452887744077814
2010-06-16,0.0011623675736940977
2010-06-17,-0.004540956512847663
2010-06-18,0.00011662882178486254
2010-06-21,0.002680224882620593
2010-06-22,0.0020925409195409585
2010-06-23,-0.004306119541502355
2010-06-24,-0.00011657440690625508
2010-06-25,-0.004911209545162049
2010-06-28,0.003977590282862576
2010-06-29,0.004426815858573206
2010-06-30,-0.00011627011343047395
2010-07-01,-0.015228072628725544
2010-07-02,-0.0034289234058774336
2010-07-06,-0.004154043949725515
2010-07-07,-0.0030971094901463716
2010-07-08,0.0
2010-07-09,0.0015497083153822365
2010-07-12,0.0029735378326649015
2010-07-13,-0.006673017741057512
2010-07-14,-0.0025139066912189703
2010-07-15,-0.010482688409893904
2010-07-16,-0.0008482241861571793
2010-07-19,0.00024247603101747352
2010-07-20,0.0029044902503563724
2010-07-21,0.007704376522479944
2010-07-22,-0.009518728725830329
2010-07-23,-0.0016963458777523638
2010-07-26,-0.0044971544268030735
2010-07-27,0.0010958054195013014
2010-07-28,0.0
2010-07-29,-0.006592636703257702
2010-07-30,-0.001225621846449294
2010-08-02,-0.007385539008180981
2010-08-03,-0.0042095390297976635
2010-08-04,0.003591568903327371
2010-08-05,-0.0008657436100755225
2010-08-06,-0.005085863771318144
2010-08-09,0.0037238798898457156
2010-08-10,0.0011145313034669224
2010-08-11,0.01827260144691364
2010-08-12,0.004244212682473168
2010-08-13,0.0037441624204079993
2010-08-16,-0.00507613103255375
2010-08-17,-0.0036416090070575053
2010-08-18,-0.00012164348998945362
2010-08-19,0.0027934156756481195
2010-08-20,0.007371196817150935
2010-08-23,0.000722171025225357
2010-08-24,0.00036084415530799414
2010-08-25,0.0013220434343176536
2010-08-26,-0.003971385281140594
2010-08-27,-0.00012061665763785063
2010-08-30,0.002890241541325713
2010-08-31,0.00048080412066045427
2010-09-01,-0.008206663624572895
2010-09-02,-0.0007273313467382889
2010-09-03,0.00773136732337232
2010-09-07,-0.0033751090668285625
2010-09-08,-0.002781010950821492
2010-09-09,0.000968193633830188
2010-09-10,0.00036280801247750243
2010-09-13,-0.00959843689164852
2010-09-14,-0.010184784069342931
2010-09-15,0.005043942950386899
2010-09-16,-0.003072576700614774
2010-09-17,0.0019675813370555106
2010-09-20,-0.000737436297102689
2010-09-21,-0.011126260201732482
2010-09-22,-0.007612198660468567
2010-09-23,0.0022522569669438885
2010-09-24,-0.007779245512569285
2010-09-27,-0.0006300391199870941
2010-09-28,-0.004167915156908141
2010-09-29,-0.00405834019959684
2010-09-30,0.00038115467838310433
2010-10-01,-0.008035307472324128
2010-10-04,0.004599479499794542
2010-10-05,-0.008962889219024116
2010-10-06,-0.004640985663673875
2010-10-07,0.0
2010-10-08,-0.0009049150024585814
2010-10-11,0.0015508241015336872
2010-10-12,-0.0010336154599493612
2010-10-13,-0.0037557632046154965
2010-10-14,-0.005464470605260945
2010-10-15,0.005075154148743224
2010-10-18,-0.0014288579358907151
2010-10-19,0.016117942830539262
2010-10-20,-0.013003107526344758
2010-10-21,0.0032343647566100337
2010-10-22,0.000645658902342791
2010-10-25,-0.004787519622541659
2010-10-26,0.007880676661441334
2010-10-27,0.005646138952669111
2010-10-28,-0.010806794639541248
2010-10-29,-0.0005175432516579514
2010-11-01,0.0003882565714898437
2010-11-02,-0.00753154858644924
2010-11-03,-0.003133133850223642
2010-11-04,-0.007876203765681714
2010-11-05,0.008791053099471247
2010-11-08,0.006250778547866512
2010-11-09,0.005308533976983697
2010-11-10,0.0024504405424231775
2010-11-11,0.0075714698962230514
2010-11-12,-0.001791419377546479
2010-11-15,0.005619361099822004
2010-11-16,0.008749215262292423
2010-11-17,-0.001642520461083171
2010-11-18,-0.00583386652825964
2010-11-19,-0.0015275301402534096
2010-11-22,0.0022903726111914123
2010-11-23,0.01262961970680603
2010-11-24,0.0023817302110929737
2010-11-26,0.006116200224496506
2010-11-29,0.00595529969275972
2010-11-30,0.004443362349697863
2010-12-01,-0.006052737591545373
2010-12-02,-0.005092813035690706
2010-12-03,-0.01152324620268126
2010-12-06,0.002390720799641297
2010-12-07,0.003637975723713229
2010-12-08,0.0017515253960370604
2010-12-09,0.0008746135992985179
2010-12-10,0.0
2010-12-13,-0.009915373648813095
2010-12-14,0.0011346230832045077
2010-12-15,0.011150893747576229
2010-12-16,-0.0009972804346536392
2010-12-17,0.002366895378351754
2010-12-20,0.003229748234062777
2010-12-21,0.0011156365351295075
2010-12-22,0.0001239038211169669
2010-12-23,-0.0028531105646376915
2010-12-27,-0.0016161780256715487
2010-12-28,-0.00012445885689638082
2010-12-29,-0.0069930048436082585
2010-12-30,-0.0035150225649834437
2010-12-31,-0.006181008362546889
2011-01-03,0.0012645231405463168
2011-01-04,0.00391001555826619
2011-01-05,0.010269340985524093
2011-01-06,0.006581815368655769
2011-01-07,0.002719423388556015
2011-01-10,-0.0016060894588736314
2011-01-11,-0.0003709736033314315
2011-01-12,-0.010194018024269034
2011-01-13,-0.010551490073835691
2011-01-14,-0.00037889205556639033
2011-01-18,-0.00252978346608181
2011-01-19,-0.0040609154528277605
2011-01-20,0.0022862998174774346
2011-01-21,-0.007769262987545058
2011-01-24,-0.0020478188460298376
2011-01-25,-0.0006408593718845574
2011-01-26,-0.0012828542252269323
2011-01-27,-0.002184646035133513
2011-01-28,0.005132744425420814
2011-01-31,-0.005004172909742806
2011-02-01,-0.008655802114729617
2011-02-02,0.001167139668588568
2011-02-03,0.007617315560575114
2011-02-04,0.0037229764270807256
2011-02-07,-0.00012817500177769278
2011-02-08,-0.00038452579505487484
2011-02-09,-0.004626076250085235
2011-02-10,0.007826078980756134
2011-02-11,0.002680099692429205
2011-02-14,0.001909996457272418
2011-02-15,-0.0005089822663600906
2011-02-16,-0.0044645583702132155
2011-02-17,-0.0028165582437992983
2011-02-18,-0.0043684552304010076
2011-02-22,0.0014153380827690069
2011-02-23,-0.004639691017376292
2011-02-24,-0.0045317110084598594
2011-02-25,0.0028508665922909893
2011-02-28,-0.005059353002308734
2011-03-01,0.00207878026751749
2011-03-02,-0.0049441276851040815
2011-03-03,-0.002481161052414051
2011-03-04,-0.0010465964913934074
2011-03-07,0.0013080246877785738
2011-03-08,0.00391393905756544
2011-03-09,-0.0010422334037268619
2011-03-10,0.007272727622085829
2011-03-11,-0.0064910004344752885
2011-03-14,-0.0056161619946144565
2011-03-15,-0.0002619418802826316
2011-03-16,0.004574852358263058
2011-03-17,-0.008381392497001428
2011-03-18,-0.004217187197904488
2011-03-21,-0.004235047211368441
2011-03-22,0.0003977826603229862
2011-03-23,0.0047612919923746555
2011-03-24,-0.0017167022966606412
2011-03-25,0.0073742438541686516
2011-03-28,-0.0011815422206416498
2011-03-29,0.0015750462469260173
2011-03-30,-0.0017063369773076121
2011-03-31,-0.003421534203697789
2011-04-01,-0.0003955274468341837
2011-04-04,0.001054459411773514
2011-04-05,-0.0003953674010315461
2011-04-06,-0.004887982764393372
2011-04-07,0.0010588247510456218
2011-04-08,-0.006902943337380885
2011-04-11,-0.0001332463388830409
2011-04-12,-0.0028016707009983553
2011-04-13,0.001735365599005029
2011-04-14,-0.004009133318850745
2011-04-15,0.0020065758018257673
2011-04-18,0.00891375769318549
2011-04-19,-0.006244638966875673
2011-04-20,-0.008835345641578396
2011-04-21,-0.004987578442355157
2011-04-25,-0.00013517313859148856
2011-04-26,-0.0020293794661801756
2011-04-27,-0.00434310821210889
2011-04-28,-0.005455467678730831
2011-04-29,-0.0026018835279140525
2011-05-02,0.0002741519545948108
2011-05-03,0.0026011712410197486
2011-05-04,-0.0015051054593319955
2011-05-05,0.015759104191991377
2011-05-06,0.008723049364455115
2011-05-09,-0.0013370569981936144
2011-05-10,-0.0017408408111969837
2011-05-11,0.009603931480731472
2011-05-12,-0.0011955101041027823
2011-05-13,0.006887501034550758
2011-05-16,-0.0038352346037050576
2011-05-17,-0.0009279472204262502
2011-05-18,0.0009279472204263166
2011-05-19,-0.004648371008856874
2011-05-20,0.00411820644875345
2011-05-23,0.008843166905314843
2011-05-24,-0.002895135946245479
2011-05-25,0.0006587583738916931
2011-05-26,-0.0050171381316849
2011-05-27,-0.007973545281273267
2011-05-31,-0.004144635469540232
2011-06-01,0.0005357743981511347
2011-06-02,-0.004697659388638639
2011-06-03,-0.007426987747976263
2011-06-06,0.002301472265600997
2011-06-07,-0.0058317155016646355
2011-06-08,0.005561271309621388
2011-06-09,0.0035106994120076077
2011-06-10,0.008054795335964976
2011-06-13,-0.003750825208861173
2011-06-14,-0.002418709864692697
2011-06-15,0.016941599630574546
2011-06-16,0.0019821813875747535
2011-06-17,-0.010083701563052095
2011-06-20,0.0005332744616770412
2011-06-21,-0.006552110954628059
2011-06-22,0.0032145468915670676
2011-06-23,0.008919691541395098
2011-06-24,0.002911611742097806
2011-06-27,-0.0037071243808468523
2011-06-28,-0.0043868709468767066
2011-06-29,-0.004941514124646565
2011-06-30,-0.005235254258996065
2011-07-01,0.0006726595860773808
2011-07-05,0.0045625946729187005
2011-07-06,0.005740624406435173
2011-07-07,-0.0021322457459788907
2011-07-08,0.0029306164786785014
2011-07-11,0.010716482374398553
2011-07-12,-0.0023715467057637
2011-07-13,-0.007945989198570291
2011-07-14,0.0005317149636204048
2011-07-15,-0.0015959938056435668
2011-07-18,0.004647855151484751
2011-07-19,-0.0034505957041979446
2011-07-20,-0.0057329708257453545
2011-07-21,-0.010348916838584446
2011-07-22,0.002428827438223839
2011-07-25,-0.0018885665243040725
2011-07-26,-0.007998366273044972
2011-07-27,0.00840334475354132
2011-07-28,0.0017531510788280163
2011-07-29,-0.004320823477499206
2011-08-01,0.0048596289137964035
2011-08-02,0.00336089572018185
2011-08-03,-0.006327873165417994
2011-08-04,0.014481371391996518
2011-08-05,-0.006946384707026268
2011-08-08,0.0025437116893090206
2011-08-09,-0.002409643780900344
2011-08-10,0.0004019936978339732
2011-08-11,0.0005357743981511347
2011-08-12,-0.00093776809598513
2011-08-15,-0.010374014064584554
2011-08-16,0.0022997074740551764
2011-08-17,-0.004604612233552774
2011-08-18,0.007707423863388053
2011-08-19,-0.0033731396377103314
2011-08-22,0.0010806678395198195
2011-08-23,-0.00270375918316062
2011-08-24,0.0018934193515157513
2011-08-25,0.0036414719772452577
2011-08-26,-0.006347529345641782
2011-08-29,-0.0012200413447919678
2011-08-30,0.0029798371669687023
2011-08-31,0.0025662850905100822
2011-09-01,0.004710406422677899
2011-09-02,0.003618534230374207
2011-09-06,0.015530917912663814
2011-09-07,-0.006077427779913193
2011-09-08,0.010283528922587784
2011-09-09,0.01238371526415803
2011-09-12,0.00491080397828935
2011-09-13,-0.008544795884103886
2011-09-14,-0.0010407419723862238
2011-09-15,-0.007708981385957353
2011-09-16,0.0044497386333650895
2011-09-19,0.010521595436170445
2011-09-20,-0.004662624877908545
2011-09-21,0.004016298310608061
2011-09-22,0.013357518901242245
2011-09-23,-0.0010211157576592263
2011-09-26,0.0007659588934583296
2011-09-27,-0.010906613011282913
2011-09-28,0.004376890825636712
2011-09-29,0.0008987571553533279
2011-09-30,0.008052767717661497
2011-10-03,0.011392451018896538
2011-10-04,0.0018862191093286305
2011-10-05,-0.008706064739376082
2011-10-06,-0.004827307099262622
2011-10-07,0.002416566408531998
2011-10-10,-0.014329860725112466
2011-10-11,-0.0002577219118154608
2011-10-12,-0.007634170070867958
2011-10-13,0.0
2011-10-14,-0.0048173404237963615
2011-10-17,0.006763769748518857
2011-10-18,-0.00012967053169291346
2011-10-19,-0.00025929257592577685
2011-10-20,-0.0018172303545130326
2011-10-21,-0.008742773118455945
2011-10-24,-0.0036765588846928523
2011-10-25,0.003020996084977566
2011-10-26,-0.0006559928442363482
2011-10-27,-0.01760810971601092
2011-10-28,0.0029340324149162
2011-10-31,0.014280315003453385
2011-11-01,0.014208724542381255
2011-11-02,-0.0032410735972157596
2011-11-03,-0.0044248376022894675
2011-11-04,0.0031254809959587056
2011-11-07,0.0006498397768277528
2011-11-08,-0.003775320772786568
2011-11-09,0.016300518082974752
2011-11-10,-0.0037282413319874507
2011-11-11,-0.00905682138405758
2011-11-14,0.008025869841355227
2011-11-15,0.004117346340347367
2011-11-16,0.003588909351384037
2011-11-17,0.0016618380253393048
2011-11-18,-0.003454731561943109
2011-11-21,0.0035824809200204577
2011-11-22,-0.0008943933638864156
2011-11-23,0.009794603858955708
2011-11-25,0.007691868300235251
2011-11-28,-0.004027691936381795
2011-11-29,-0.0036641763638535544
2011-11-30,-0.007751492052480325
2011-12-01,-0.0008933660888105729
2011-12-02,0.003950276747233969
2011-12-05,-0.000254345503000253
2011-12-06,-0.0012728931501397008
2011-12-07,-0.00038217438833461944
2011-12-08,0.00419600335568612
2011-12-09,-0.002286590314211561
2011-12-12,0.011883862481166825
2011-12-13,0.008509628455993953
2011-12-14,0.0034830086389632505
2011-12-15,-0.0036076536184206517
2011-12-16,0.0001246449794572531
2011-12-19,0.0
2011-12-20,-0.004621287846362538
2011-12-21,0.0017510873141432467
2011-12-22,-0.0012504500487028486
2011-12-23,0.0011255421323726196
2011-12-27,-0.002753458767174529
2011-12-28,0.00873473177091958
2011-12-29,-0.0001241785024910221
2011-12-30,-0.0038593908476190633
2012-01-03,-0.007009636447953856
2012-01-04,0.006011235843406343
2012-01-05,0.010557213000216765
2012-01-06,0.0036995408059998344
2012-01-09,-0.0023414245824156022
2012-01-10,-0.003089282538135489
2012-01-11,0.006783811611755204
2012-01-12,-0.007155247015519087
2012-01-13,0.008138191334182103
2012-01-17,-0.0030748440567469034
2012-01-18,-0.0071702845889176315
2012-01-19,-0.004850446616378965
2012-01-20,0.00012469159414564454
2012-01-23,-0.006628737512899049
2012-01-24,0.0021309712318945484
2012-01-25,-0.0036379757237132294
2012-01-26,-0.002012782530536653
2012-01-27,-0.006443103832363271
2012-01-30,0.0032899198052518067
2012-01-31,0.0015147076278837813
2012-02-01,-0.004551216671355274
2012-02-02,0.0006333910142860629
2012-02-03,-0.00037994780523148224
2012-02-06,0.0018982970661939192
2012-02-07,-0.006596454924656064
2012-02-08,0.0008905247739697194
2012-02-09,-0.001017835108327347
2012-02-10,0.006976663779284996
2012-02-13,-0.0021511955864651293
2012-02-14,0.008074726845696796
2012-02-15,0.0011302524015229679
2012-02-16,-0.004150711480266737
2012-02-17,-0.00012597853361685213
2012-02-21,-0.0036623253727012302
2012-02-22,0.0021484768952578655
2012-02-23,-0.005062680530782779
2012-02-24,-0.005853912060308051
2012-02-27,0.0026766836423783155
2012-02-28,-0.0036982880416483554
2012-02-29,0.0058599749073338205
2012-03-01,0.0006348222127385425
2012-03-02,0.007839245423037891
2012-03-05,-0.0010080876665132614
2012-03-06,0.006784809473649625
2012-03-07,-0.0018800723237404622
2012-03-08,-0.006923869957620834
2012-03-09,0.01105535415742195
2012-03-12,-0.002126173836452064
2012-03-13,0.003998501946754274
2012-03-14,0.004603368840658871
2012-03-15,-0.005102320011514053
2012-03-16,-0.004627066916958256
2012-03-19,-0.004144976604718414
2012-03-20,0.0017605562339017612
2012-03-21,0.0005024609719755695
2012-03-22,0.001380443385707438
2012-03-23,-0.005028946234241178
2012-03-26,-0.0051809813422976254
2012-03-27,0.001392677435979658
2012-03-28,0.001517101973782184
2012-03-29,0.0002525785357039566
2012-03-30,-0.0031623579454658312
2012-04-02,-0.0013946196916703832
2012-04-03,0.008338692024769345
2012-04-04,0.0035166925169925188
2012-04-05,0.0038790958363670736
2012-04-09,-0.004255279655006845
2012-04-10,0.002004712235877845
2012-04-11,-0.0013778496776571255
2012-04-12,-0.006286956552026892
2012-04-13,0.007539599539395654
2012-04-16,-0.004139681017204422
2012-04-17,-0.0010061858339177293
2012-04-18,0.0007546863074388845
2012-04-19,0.00037712967933844994
2012-04-20,-0.004787677767230525
2012-04-23,0.0030264571155829527
2012-04-24,-0.002521395044972808
2012-04-25,-0.0026543538306864184
2012-04-26,-0.0012664448304830196
2012-04-27,-0.002664892295371841
2012-04-30,0.0011429802311822286
2012-05-01,0.0008880393117276484
2012-05-02,0.0034178987221913726
2012-05-03,0.001136772691440064
2012-05-04,0.003150799709843096
2012-05-07,0.001634466368363493
2012-05-08,0.001631894937169177
2012-05-09,0.004380189254109879
2012-05-10,0.00037453997366087346
2012-05-11,0.0021198108766238132
2012-05-14,0.003978121858514586
2012-05-15,0.0076629067066570165
2012-05-16,0.0018451511750600322
2012-05-17,0.0001228203606573977
2012-05-18,-0.001106489802491764
2012-05-21,-0.0025866748538571852
2012-05-22,0.007250370782913482
2012-05-23,0.005129446799245261
2012-05-24,0.002433442993975929
2012-05-25,0.0013358506901314099
2012-05-29,0.0004853302032249027
2012-05-30,0.006890322564961205
2012-05-31,0.00036132224115529855
2012-06-01,-0.0018080102026722515
2012-06-04,-0.0041102129053079625
2012-06-05,0.003023890913456737
2012-06-06,-0.005814010429586383
2012-06-07,-0.003285233088626634
2012-06-08,0.005590669276837112
2012-06-11,0.0
2012-06-12,-0.0012126907938427164
2012-06-13,-0.004377978482994471
2012-06-14,-0.0018298452399550169
2012-06-15,-0.003792348933607661
2012-06-18,0.004280641357356935
2012-06-19,-0.006980613450973327
2012-06-20,0.0014735986546953082
2012-06-21,0.01013380070111063
2012-06-22,-0.0012154915020824648
2012-06-25,0.0029147198595467693
2012-06-26,-0.0010919898784666952
2012-06-27,0.002303945864352536
2012-06-28,0.0013314849536664455
2012-06-29,-0.012414919011102634
2012-07-02,0.0026908188319257746
2012-07-03,-0.0010999569266195552
2012-07-05,0.012516097553760703
2012-07-06,0.005779707375706923
2012-07-09,-0.0015619979125725879
2012-07-10,0.002402078300211969
2012-07-11,0.0025160150346737616
2012-07-12,0.0009568453124565502
2012-07-13,-0.00419285986551867
2012-07-16,-0.002524272205663998
2012-07-17,-0.0007223400308938189
2012-07-18,-0.0009639937258629679
2012-07-19,-0.0006028992986150158
2012-07-20,0.0068522199395901024
2012-07-23,0.002871133247973061
2012-07-24,0.0035774310699717236
2012-07-25,-0.005849780863885988
2012-07-26,-0.008537286377571162
2012-07-27,-0.001208294928896379
2012-07-30,0.0009667895744537902
2012-07-31,-0.0018134747834279493
2012-08-01,0.005069391383606497
2012-08-02,0.003245441558328344
2012-08-03,-0.011465994700114803
2012-08-06,-0.001336175290557895
2012-08-07,-0.0007295423493831215
2012-08-08,0.00218712489182579
2012-08-09,0.0030297545062952127
2012-08-10,-0.0010896100909806147
2012-08-13,-0.0013334216981363788
2012-08-14,0.0004850947720758009
2012-08-15,0.0020589623202933254
2012-08-16,-0.0035149531586024458
2012-08-17,0.00290977248345676
2012-08-20,-0.0016963458777523638
2012-08-21,-0.006692187939618737
2012-08-22,-0.005140841118956121
2012-08-23,-0.0015965278753274634
2012-08-24,0.0028229013142484923
2012-08-27,0.0008576701808291544
2012-08-28,-0.00355764227444571
2012-08-29,0.002209678026145665
2012-08-30,0.001592811103701403
2012-08-31,-0.005278356382799501
2012-09-04,0.0008611637975224541
2012-09-05,-0.0009842745904894822
2012-09-06,-0.0019713662497719987
2012-09-07,-0.010289582156982748
2012-09-10,0.0013697855318244615
2012-09-11,-0.006241438264105116
2012-09-12,-0.0015037941145842322
2012-09-13,-0.006037700448783186
2012-09-14,-0.0051863206570965615
2012-09-17,0.00202715971473031
2012-09-18,0.0030329589852788738
2012-09-19,-0.0024003857692740764
2012-09-20,0.004417324035478892
2012-09-21,-0.0010079606281923961
2012-09-24,0.0023921297379557276
2012-09-25,0.0003772730132002717
2012-09-26,0.004264887707492894
2012-09-27,-0.004264887707492811
2012-09-28,0.0048905906771021905
2012-10-01,-0.0015022880263723794
2012-10-02,-0.0010027806340277483
2012-10-03,0.002880264445051356
2012-10-04,-0.007783151865621635
2012-10-05,-0.00012605881367080838
2012-10-08,0.0025176823608012537
2012-10-09,0.005141349819312761
2012-10-10,-0.00037528967992998434
2012-10-11,-0.0017532802528091316
2012-10-12,-0.0011286931304439207
2012-10-15,0.0006271771173104178
2012-10-16,-0.004650817455688732
2012-10-17,-0.0044195552064032135
2012-10-18,0.004419555206403266
2012-10-19,0.0033959738245418333
2012-10-22,0.00012558398124330497
2012-10-23,0.004134589877477507
2012-10-24,-0.0001250657825226522
2012-10-25,0.0008749415455934789
2012-10-26,0.00037472711927495915
2012-10-31,-0.0018751368439770377
2012-11-01,0.0016253661366654952
2012-11-02,0.006723049329312103
2012-11-05,0.0019834352075850923
2012-11-06,-0.0017352432355958272
2012-11-07,0.0018591010290570414
2012-11-08,0.00037138692757644287
2012-11-09,0.0029662345840006992
2012-11-12,0.00012342982985135234
2012-11-13,0.0004934729294522807
2012-11-14,-0.00024675308545378614
2012-11-15,0.0002467530854537808
2012-11-16,0.0022175726813041296
2012-11-19,-0.00481095577775332
2012-11-20,0.0011122331601054673
2012-11-21,-0.0003706069522927332
2012-11-23,-0.009185738014264049
2012-11-26,0.0007479127459178879
2012-11-27,0.0018674331533887075
2012-11-28,-0.0007466118150197014
2012-11-29,-0.001744106527869123
2012-11-30,-0.0006235787272728268
2012-12-03,-0.0033744239295895755
2012-12-04,-0.0030090026316491442
2012-12-05,0.0016309803082661003
2012-12-06,0.006123939614768244
2012-12-07,0.0019914872453316015
2012-12-10,-0.0011197057206008844
2012-12-11,-0.003366849910158604
2012-12-12,-0.002125642215668833
2012-12-13,0.0005005746019146615
2012-12-14,-0.004137181774961584
2012-12-17,-0.0003769401268727503
2012-12-18,-0.0026426628865921227
2012-12-19,-0.0013870579101491858
2012-12-20,0.00012620195708718787
2012-12-21,0.004531737353825438
2012-12-24,0.00025111946381092554
2012-12-26,-0.00025111946381092815
2012-12-27,0.0
2012-12-28,0.0007532650380575031
2012-12-31,0.0011288347340195968
2013-01-02,0.0010024037113252591
2013-01-03,0.0072373891585754855
2013-01-04,0.0008699397142371743
2013-01-07,-0.0029857929693697244
2013-01-08,0.0011206817379702024
2013-01-09,0.002610144911748216
2013-01-10,-0.010230902941605963
2013-01-11,-0.002259891863842551
2013-01-14,-0.0008802225886009366
2013-01-15,0.0036416304655770373
2013-01-16,0.00025071152194741273
2013-01-17,-0.0018814871849845514
2013-01-18,0.0050094220525116985
2013-01-22,-0.002251130248415496
2013-01-23,0.0006257641117499715
2013-01-24,0.0003752896799299223
2013-01-25,-0.002504659444179154
2013-01-28,0.0003760895114401499
2013-01-29,-0.0027614078769760838
2013-01-30,-0.003525548675050821
2013-01-31,-0.0008833327064081462
2013-02-01,-0.0010105070066013494
2013-02-04,0.005293758235200732
2013-02-05,-0.0007545924357413784
2013-02-06,0.0028893099461592586
2013-02-07,0.005878338607231264
2013-02-08,0.0007479127459178879
2013-02-11,0.000747353790466093
2013-02-12,-0.0024934179546475047
2013-02-13,-0.00024974123528075304
2013-02-14,0.0046091985323143125
2013-02-15,0.001490347343661946
2013-02-19,-0.0013660431589310332
2013-02-20,0.007675144467708459
2013-02-21,0.00455248718586905
2013-02-22,0.0002455415767977288
2013-02-25,0.002329082391937568
2013-02-26,0.0024459419864236625
2013-02-27,-0.003303413665880254
2013-02-28,0.004646112753827818
2013-03-01,0.00401722129904606
2013-03-04,-0.0010939810069157823
2013-03-05,-0.0015824345672563374
2013-03-06,0.00449715442680311
2013-03-07,-0.004618912445439322
2013-03-08,0.007525161397469083
2013-03-11,-0.001573150394726718
2013-03-12,0.00012112789767229276
2013-03-13,0.0037468776089977928
2013-03-14,-0.003383674277279334
2013-03-15,-0.004245757191236295
2013-03-18,0.005213716487354117
2013-03-19,0.0036213876106571865
2013-03-20,-0.00253362129530558
2013-03-21,0.0002416266739588363
2013-03-22,-0.0032662494346219462
2013-03-25,0.004111299190641707
2013-03-26,0.00012059736769898145
2013-03-27,0.003973776537816082
2013-03-28,-0.0026474290401879395
2013-04-01,-0.003137759090467344
2013-04-02,0.0025351504749757127
2013-04-03,-0.002656058736878575
2013-04-04,-0.0004836870125535479
2013-04-05,-0.0021794451639793907
2013-04-08,0.00302572091653689
2013-04-09,-0.005331436933733549
2013-04-10,0.002669271490131195
2013-04-11,-0.0033984591680884836
2013-04-12,0.0007291876779574575
2013-04-15,0.001335526371087196
2013-04-16,-0.008162293917163036
2013-04-17,0.01107004360950568
2013-04-18,-0.001331646052133471
2013-04-19,0.001936295299954835
2013-04-22,-0.00036276413007509643
2013-04-23,0.004224235067371889
2013-04-24,-0.0012050914289539233
2013-04-25,-0.002293746928361414
2013-04-26,-0.0031472548059966626
2013-04-29,-0.004009017351095659
2013-04-30,-0.005125690456084913
2013-05-01,-0.0011018421359836447
2013-05-02,0.006957607562084346
2013-05-03,-0.0013389401548261897
2013-05-06,0.0026760899458369456
2013-05-07,-0.00024294305468506813
2013-05-08,-0.004872135273896699
2013-05-09,0.010808282719119959
2013-05-10,0.004218634274097389
2013-05-13,0.0014423409409322911
2013-05-14,0.0037163329374331287
2013-05-15,0.00310636013063462
2013-05-16,-0.0007160523997430024
2013-05-17,0.006069666359589832
2013-05-20,-0.005592271471523327
2013-05-21,0.0005964460402725552
2013-05-22,0.004639820211634142
2013-05-23,-0.005355525327276794
2013-05-24,-0.0011941028704321739
2013-05-28,0.005243129873612573
2013-05-29,-0.005960203645306395
2013-05-30,-0.0075607590615085
2013-05-31,0.0044473313105527785
2013-06-03,-0.008430701007497918
2013-06-04,0.0010878978353179016
2013-06-05,-0.0024192216065598575
2013-06-06,-0.012798066998168201
2013-06-07,0.0020832775048044215
2013-06-10,-0.0004897871354896611
2013-06-11,-0.0072522470228652165
2013-06-12,-0.001234396850889852
2013-06-13,-0.0042084024734986725
2013-06-14,0.0006199444935299668
2013-06-17,-0.0012403682494008912
2013-06-18,0.0006204237558708628
2013-06-19,0.009996967469481421
2013-06-20,0.00502231766944114
2013-06-21,0.005848010922417354
2013-06-24,0.0013353642087725296
2013-06-25,0.0018180906036672866
2013-06-26,0.004470437215078552
2013-06-27,-0.00048225354830266556
2013-06-28,0.0031309575669677446
2013-07-01,-0.002287028505336407
2013-07-02,0.006725914668726543
2013-07-03,-0.003717669936959377
2013-07-05,0.014196418573312176
2013-07-08,-0.002609433660405572
2013-07-09,0.004502968689006697
2013-07-10,-0.006404966822385536
2013-07-11,-0.015468872613574753
2013-07-12,0.0028960786123662795
2013-07-15,0.0006023375731764783
2013-07-16,-0.007372978415337228
2013-07-17,0.0033910506073120245
2013-07-18,0.0013290717979236293
2013-07-19,-0.0029020318015683527
2013-07-22,-0.0043689463145222
2013-07-23,-0.002557379219788882
2013-07-24,0.003529927667186457
2013-07-25,-0.004017803206909402
2013-07-26,-0.004278977928506169
2013-07-29,0.0004899671087404241
2013-07-30,0.0020796161783700664
2013-07-31,-0.004654649335429349
2013-08-01,0.010867674286111705
2013-08-02,-0.005235843629846759
2013-08-05,-0.00036640098735426027
2013-08-06,-0.0034254839785318784
2013-08-07,-0.0038062242495995975
2013-08-08,-0.0034503888086054664
2013-08-09,0.0014801423405269166
2013-08-12,0.002462202139687028
2013-08-13,0.004906197908920221
2013-08-14,-0.00036720808875424457
2013-08-15,-0.007001191959853098
2013-08-16,0.0016011442955254937
2013-08-19,-0.00036923845927204995
2013-08-20,-0.003947207307875387
2013-08-21,0.0050545139261046965
2013-08-22,0.002088302110125255
2013-08-23,-0.0018424316606618723
2013-08-26,0.0003688330059666141
2013-08-27,-0.002460990247984299
2013-08-28,0.003075222371013597
2013-08-29,0.006488347364743776
2013-08-30,0.0017068937986942296
2013-09-03,0.003283727821098698
2013-09-04,-0.0023096399110063273
2013-09-05,0.005582527814207435
2013-09-06,-0.005825914415987552
2013-09-09,-0.004391865117062025
2013-09-10,0.00036671083089219876
2013-09-11,-0.0036733610362045797
2013-09-12,-0.00036806061770988685
2013-09-13,-0.0004909895373089307
2013-09-16,-0.002458476370338986
2013-09-17,-0.0009851229950316744
2013-09-18,-0.011523581184147258
2013-09-19,0.0014944305112817463
2013-09-20,0.0009950477131506865
2013-09-23,0.0001242402496948256
2013-09-24,0.0013663826000711364
2013-09-25,-0.0028590451249877837
2013-09-26,0.002362386101030689
2013-09-27,-0.0031096487579503752
2013-09-30,-0.0006230347641098073
2013-10-01,-0.001497040534209991
2013-10-02,-0.0027503608608763987
2013-10-03,-0.0013780223233830515
2013-10-04,0.004378093238091227
2013-10-07,-0.002249161254810486
2013-10-08,0.001499939246059497
2013-10-09,0.0038646833291259984
2013-10-10,0.0006218723016333983
2013-10-11,-0.0007463311585297937
2013-10-14,-0.0012451560868017315
2013-10-15,0.002737356607681685
2013-10-16,0.0002484363616879544
2013-10-17,-0.010615128911160836
2013-10-18,-0.00012558398124332262
2013-10-21,0.0005021455742466128
2013-10-22,-0.0055374222350015705
2013-10-23,0.0002524198431186379
2013-10-24,-0.0008835556624273899
2013-10-25,-0.00012631351986235804
2013-10-28,0.0008836672252025311
2013-10-29,0.0047834590201629385
2013-10-30,0.0015058698874009682
2013-10-31,0.005626735155671078
2013-11-01,0.006586818168530195
2013-11-04,-0.002232147479669747
2013-11-05,0.0019843244833762184
2013-11-06,-0.0028537239300322707
2013-11-07,0.004215707811504656
2013-11-08,0.0048139251464063455
2013-11-11,-0.0014787772253235223
2013-11-12,0.0012325131492202876
2013-11-13,-0.0032075296661658198
2013-11-14,0.0006176647794028523
2013-11-15,-0.0017304048231648024
2013-11-18,-0.00012364083579970064
2013-11-19,-0.0016096689390893838
2013-11-20,0.005067728147418327
2013-11-21,-0.0007399797727743887
2013-11-22,-0.004203813841602324
2013-11-25,0.002598517678720531
2013-11-26,-0.003838270804412337
2013-11-27,0.0016113700994813138
2013-11-29,-0.0007433720980946989
2013-12-02,0.0028467542127081063
2013-12-03,-0.003590679323999088
2013-12-04,0.0001239628756433246
2013-12-05,-0.00447484430994986
2013-12-06,0.0
2013-12-09,-0.0017456288095563598
2013-12-10,-0.001998701905090919
2013-12-11,-0.0010008987542604966
2013-12-12,0.0038727959665738627
2013-12-13,0.00012470714407846923
2013-12-16,-0.0017469356915232426
2013-12-17,-0.00012492520346011075
2013-12-18,0.0006243747762240038
2013-12-19,0.006470056786964994
2013-12-20,-0.0006202521462692203
2013-12-23,-0.0016146669818442683
2013-12-24,0.0009939351442932486
2013-12-26,-0.0006210225862587814
2013-12-27,-0.0011189653153419654
2013-12-30,-0.0048631480736061015
2013-12-31,0.0004998864800236374
2014-01-02,0.00734423347900373
2014-01-03,0.0019824521908947393
2014-01-06,-0.001734383332822718
2014-01-07,0.0022293829079289493
2014-01-08,0.0025946648387458783
2014-01-09,-0.000370241025296031
2014-01-10,-0.00432979536533623
2014-01-13,-0.0018614080014060235
2014-01-14,0.0012412920215526919
2014-01-15,0.0048264358052686395
2014-01-16,-0.0012353117466962187
2014-01-17,0.0044400739226694835
2014-01-21,-0.0019709745418280598
2014-01-22,0.0008627559082312536
2014-01-23,-0.009034102959714742
2014-01-24,0.0002485598878772782
2014-01-27,0.0004970292815401279
2014-01-28,0.0008691835768770763
2014-01-29,-0.0007449411557773579
2014-01-30,0.007178176949799648
2014-01-31,0.0022172996637575067
2014-02-03,-0.0032042732468147554
2014-02-04,0.0013569434887724927
2014-02-05,-0.0011101322933278423
2014-02-06,-0.0017292419233945848
2014-02-07,-0.002475517367380307
2014-02-10,-0.0002479458662338987
2014-02-11,-0.0004959816178867553
2014-02-12,0.0006199622356478
2014-02-13,-0.004845625269207276
2014-02-14,-0.001994810085946708
2014-02-18,-0.0014986279518269822
2014-02-19,0.0019977036536349187
2014-02-20,0.0014957343841386144
2014-02-21,-0.0006229745686814897
2014-02-24,-0.00037393306596453333
2014-02-25,-0.0007482858713511969
2014-02-26,0.0032386940096639726
2014-02-27,-0.0014935005036667637
2014-02-28,-0.006372260422955307
2014-03-03,0.003628417096786195
2014-03-04,0.001123434748370674
2014-03-05,-0.0006239851756068583
2014-03-06,-0.005382080739583839
2014-03-07,0.0005018935506162131
2014-03-10,0.00037623100797777766
2014-03-11,0.00025071017542575185
2014-03-12,-0.0020077310731228576
2014-03-13,0.00012563130104563576
2014-03-14,-0.002263301598678772
2014-03-17,-0.0006296424206173925
2014-03-18,0.00025194297458828037
2014-03-19,0.0072772491309162635
2014-03-20,0.002746583810192444
2014-03-21,-0.001247486118759484
2014-03-24,-0.002249442389978204
2014-03-25,0.00012512836769476785
2014-03-26,0.000500261567173983
2014-03-27,0.0016240524551096303
2014-03-28,0.0008734131745504784
2014-03-31,-0.0009982759958551903
2014-04-01,-0.00024967715235600104
2014-04-02,0.0017467176865660426
2014-04-03,0.0031115837688594017
2014-04-04,-0.0006215806272290922
2014-04-07,-0.0024900031416303526
2014-04-08,-0.005876133893895159
2014-04-09,-0.0033912817451335216
2014-04-10,-0.0012590471653304294
2014-04-11,0.0008814418171857267
2014-04-14,0.0035181140464976093
2014-04-15,0.0008775740801680404
2014-04-16,0.0002505530989466925
2014-04-17,0.00012530079734377457
2014-04-21,0.001502004514501213
2014-04-22,-0.000500353894839084
2014-04-23,-0.0006259379364493156
2014-04-24,-0.0007515665795031997
2014-04-25,-0.0003760908579617731
2014-04-28,-0.0011288347340195149
2014-04-29,0.0016301621913268943
2014-04-30,-0.004017578586870082
2014-05-01,0.000503092909262471
2014-05-02,-0.00012577348672143914
2014-05-05,-0.000377319422541079
2014-05-06,-0.004412772465840526
2014-05-07,0.001010379357821177
2014-05-08,0.00264732688431513
2014-05-09,0.00589973738247418
2014-05-12,0.0
2014-05-13,0.002999225722345179
2014-05-14,-0.0008738493187518938
2014-05-15,-0.0008746135992985461
2014-05-16,0.0004998864800236374
2014-05-19,-0.0006249209993941508
2014-05-20,0.0006249209993941702
2014-05-21,0.0007493138707339837
2014-05-22,0.0018709269854860638
2014-05-23,0.0017430207373626148
2014-05-27,-0.0004977095543697113
2014-05-28,0.0027342948082766535
2014-05-29,-0.000993441436074047
2014-05-30,-0.00149192016647462
2014-06-02,0.003353790355368673
2014-06-03,-0.0011166492447290646
2014-06-04,0.0014885887413101015
2014-06-05,-0.0037257298519495514
2014-06-06,0.0004975857041700697
2014-06-09,0.002980231387964686
2014-06-10,0.0021056323833533795
2014-06-11,-0.00037124905053062253
2014-06-12,-0.0026027043371640085
2014-06-13,0.0
2014-06-16,-0.0013660431589310332
2014-06-17,0.001986295305200203
2014-06-18,-0.0006202521462692203
2014-06-19,-0.0032318503427197828
2014-06-20,0.0006223542549263774
2014-06-23,-0.0013696149436981029
2014-06-24,0.0008717815247306338
2014-06-25,-0.0013702974210294794
2014-06-26,0.00012467604809054765
2014-06-27,-0.0023710304530344816
2014-06-30,-0.0032536899775111486
2014-07-01,0.0005012646208941033
2014-07-02,0.00175240238509447
2014-07-03,0.0031216857823207936
2014-07-07,0.00012469159414564454
2014-07-08,-0.0004987645383547553
2014-07-09,-0.0023725108659833458
2014-07-10,0.0017486813588916805
2014-07-11,0.0007485677508047197
2014-07-14,0.0
2014-07-15,0.0024909334832802603
2014-07-16,0.0021124353573785492
2014-07-17,-0.0004966590239569555
2014-07-18,0.0
2014-07-21,0.000496659023956969
2014-07-22,0.0027271769189479524
2014-07-23,0.00037129500985680233
2014-07-24,0.0007422710369876451
2014-07-25,0.001976480337145629
2014-07-28,0.0
2014-07-29,0.0022189396129361676
2014-07-30,0.002582539565088148
2014-07-31,0.0004911703954573774
2014-08-01,-0.00196603689052539
2014-08-04,0.00036892060181308023
2014-08-05,0.0023333730426307805
2014-08-06,-0.0009817649550179243
2014-08-07,0.000981764955017859
2014-08-08,-0.001595939895352261
2014-08-11,0.0009824614661658989
2014-08-12,0.000368150940798984
2014-08-13,0.0012262230237477991
2014-08-14,-0.00012258271414876702
2014-08-15,-0.0020857399705872387
2014-08-18,0.00196323574848033
2014-08-19,0.003670570914787681
2014-08-20,0.004508662396384699
2014-08-21,-0.0012165265879023825
2014-08-22,0.002310108808718674
2014-08-25,0.002547235468437173
2014-08-26,0.0012106353942329205
2014-08-27,-0.0026653907015899646
2014-08-28,0.0006064283812967602
2014-08-29,0.003268133848497806
2014-09-02,0.0028960786123662795
2014-09-03,-0.001446944865326972
2014-09-04,0.011398490851867109
2014-09-05,-0.0007160467896132918
2014-09-08,0.005595600115176394
2014-09-09,0.0005933822704461259
2014-09-10,-0.0003560052196166969
2014-09-11,0.0005933319764983476
2014-09-12,-0.0007120587421108496
2014-09-15,0.0002374394368535776
2014-09-16,-0.0022575003865266843
2014-09-17,0.007465784110624034
2014-09-18,-0.00449648445401471
2014-09-19,0.005676497611771969
2014-09-22,-0.0015342527571599925
2014-09-23,-0.00011804767896379245
2014-09-24,0.004596076374353068
2014-09-25,0.0017620432927195214
2014-09-26,0.005151058578021354
2014-09-29,-0.0005840454876697728
2014-09-30,0.004080995648245658
2014-10-01,0.00034900563041516424
2014-10-02,-0.0043131470635201065
2014-10-03,0.012653299721030485
2014-10-06,-0.011369070813933582
2014-10-07,-0.0004668096265001047
2014-10-08,-0.0043281943282097645
2014-10-09,0.0025757371891948484
2014-10-10,0.004550051813651386
2014-10-13,-0.0056029485414820805
2014-10-14,0.004554745271620884
2014-10-15,-0.007837650978789936
2014-10-16,-0.0017631685382739108
2014-10-17,0.0022328282227988576
2014-10-20,-0.0028212725193398607
2014-10-21,0.004228840108772779
2014-10-22,0.0050277839520682455
2014-10-23,0.001165619405787215
2014-10-24,-0.0012821938126934913
2014-10-27,-0.002686485904995698
2014-10-28,-0.0010531431078374832
2014-10-29,0.006302463487781423
2014-10-30,0.002324284363165042
2014-10-31,0.008437843886287908
2014-11-03,0.0049371512881000975
2014-11-04,-0.003786730096404121
2014-11-05,0.005274626025406656
2014-11-06,0.006497596869093889
2014-11-07,-0.004212960895345812
2014-11-10,0.0019378538056589404
2014-11-11,-0.003193783770385966
2014-11-12,0.0033076838603216903
2014-11-13,-0.001709516943823998
2014-11-14,-0.0015981669164975365
2014-11-17,0.004559469063342846
2014-11-18,-0.0039883645811019395
2014-11-19,0.0007989464955396857
2014-11-20,-0.0006848344106934459
2014-11-21,0.008186529469523997
2014-11-24,-0.0018133976809400676
2014-11-25,-0.002612636884913341
2014-11-26,-0.003532135624032258
2014-11-28,0.008524231814510688
2014-12-01,-0.004650948974686079
2014-12-02,0.007927613247827371
2014-12-03,0.003490770478209947
2014-12-04,-0.0029269653006764036
2014-12-05,0.007077543301246826
2014-12-08,-0.003251680961900923
2014-12-09,-0.003938546333718707
2014-12-10,-0.004746909913921535
2014-12-11,0.004408609620145718
2014-12-12,-0.0033894851625262505
2014-12-15,0.0011310766310897306
2014-12-16,-0.0037374961441126097
2014-12-17,0.011282981380716012
2014-12-18,0.0012333982991292998
2014-12-19,0.00402595732469225
2014-12-22,0.0018955034227835562
2014-12-23,0.003225281390991791
2014-12-24,-0.00099979276784352
2014-12-26,0.0006666395646189669
2014-12-29,0.001775648685668707
2014-12-30,-0.002220053939880443
2014-12-31,0.0031066128150386268
2015-01-02,0.008933119176981367
2015-01-05,0.00328834477907132
2015-01-06,0.0013123662030592302
2015-01-07,0.004253230589119972
2015-01-08,0.005210077468490509
2015-01-09,-0.004666063406662007
2015-01-12,0.00043498167569568216
2015-01-13,0.003581252946033692
2015-01-14,-0.0016262148701430995
2015-01-15,0.0020594534384568565
2015-01-16,0.0018391109574419197
2015-01-20,0.005712214805317757
2015-01-21,-0.0016133536404725687
2015-01-22,0.014321034990542054
2015-01-23,0.008032194365244959
2015-01-26,-0.002107450148027133
2015-01-27,-0.00826195156099266
2015-01-28,0.004774846811117266
2015-01-29,0.003276066957471415
2015-01-30,0.00021103779240393226
2015-02-02,-0.003169606952816686
2015-02-03,-0.009569467318275873
2015-02-04,0.004158003722514638
2015-02-05,0.007525597062564856
2015-02-06,0.0
2015-02-09,-0.0026434063298118957
2015-02-10,0.003276840197484233
2015-02-11,0.002424198578913868
2015-02-12,-0.009519868315758748
2015-02-13,0.001168417088408813
2015-02-17,-0.0014872986246748715
2015-02-18,0.0014872986246747884
2015-02-19,0.0021209401296892623
2015-02-20,-0.0015902629873061637
2015-02-23,0.0033894714723176574
2015-02-24,-0.0008463116139093573
2015-02-25,-0.0029676628438944468
2015-02-26,0.011398559625263595
2015-02-27,-0.0004198689610873802
2015-03-02,0.0022022879802493143
2015-03-03,-0.0008384179131867331
2015-03-04,0.006166771275295813
2015-03-05,0.004263027365590325
2015-03-06,0.012783735879685785
2015-03-09,-0.0003074269665330726
2015-03-10,0.010499117018220226
2015-03-11,0.011894105250021353
2015-03-12,-0.00653434354074788
2015-03-13,0.011830900832436621
2015-03-16,-0.0073026219173589245
2015-03-17,-0.00010042809879398446
2015-03-18,-0.010497656606366697
2015-03-19,0.005565361373254303
2015-03-20,-0.012080699169785011
2015-03-23,-0.009028530312261213
2015-03-24,0.001647654178780802
2015-03-25,-0.002163044343406044
2015-03-26,0.004732022725163901
2015-03-27,-0.0015406106194408428
2015-03-30,0.0070671920742160005
2015-03-31,0.003870813081429276
2015-04-01,-0.0017298215079727382
2015-04-02,-0.007667573028231793
2015-04-06,-0.003392466125650176
2015-04-07,0.007386934294617252
2015-04-08,0.002450209106376541
2015-04-09,0.011053237805892893
2015-04-10,0.0023167547406326007
2015-04-13,0.0010056162905187046
2015-04-14,-0.007364429021955488
2015-04-15,-0.004363498693910646
2015-04-16,-0.009297677830664637
2015-04-17,0.0010259411670620867
2015-04-20,0.0042976204517529
2015-04-21,0.00040833927010335686
2015-04-22,0.000408094762120937
2015-04-23,-0.007578099564455141
2015-04-24,-0.0037075286136195747
2015-04-27,-0.0015488828528574768
2015-04-28,-0.007051780025101189
2015-04-29,-0.010145932920490125
2015-04-30,-0.0054818213294078435
2015-05-01,0.007372382754763962
2015-05-04,0.0018869939463306339
2015-05-05,-0.003672488282644516
2015-05-06,-0.010567571965960327
2015-05-07,0.0051921228499773
2015-05-08,0.001795028892929075
2015-05-11,0.002318243579497091
2015-05-12,-0.005064940179028701
2015-05-13,-0.0096731663144184
2015-05-14,-0.0027810706935668256
2015-05-15,-0.0023592635147377567
2015-05-18,0.011210313753565005
2015-05-19,0.011400885727947958
2015-05-20,0.0018875877167488446
2015-05-21,-0.0019925004014613467
2015-05-22,0.007842357161638872
2015-05-26,0.01334664559676103
2015-05-27,0.0007191626419705009
2015-05-28,-0.004116518293430361
2015-05-29,-0.0006189143696918625
2015-06-01,0.004940779170796627
2015-06-02,-0.01604343354953991
2015-06-03,-0.0038680213602913203
2015-06-04,-0.00010477280913042816
2015-06-05,0.008864828236255447
2015-06-08,-0.010542287540516926
2015-06-09,-0.0013650958383770895
2015-06-10,-0.0054788530678120465
2015-06-11,0.0034804846879498454
2015-06-12,-0.00010531335613230182
2015-06-15,-0.0016862019290733758
2015-06-16,0.0020020284211875066
2015-06-17,-0.007395669598904624
2015-06-18,-0.0027609885942576906
2015-06-19,0.000531498689949662
2015-06-22,0.0025475599755929736
2015-06-23,0.01159370555414304
2015-06-24,-0.0017829798290882094
2015-06-25,-0.0007350978870449008
2015-06-26,0.00293715488525876
2015-06-29,-0.007148146672759543
2015-06-30,0.007357579467432491
2015-07-01,0.008550622632452175
2015-07-02,-0.002078755037570055
2015-07-06,0.001974975308446672
2015-07-07,0.005901551297379307
2015-07-08,-0.006005421031357485
2015-07-09,0.003317781086889777
2015-07-10,-0.006021631908907179
2015-07-13,0.008606013338265753
2015-07-14,-0.002273915405681178
2015-07-15,0.0050575312660768364
2015-07-16,0.005441836995215882
2015-07-17,0.002045795965891168
2015-07-20,0.0017356497233275746
2015-07-21,-0.007166256570040266
2015-07-22,0.0027701925337893602
2015-07-23,-0.00493012219356099
2015-07-24,0.001234771887802716
2015-07-27,-0.007639119134343046
2015-07-28,0.002793985858093338
2015-07-29,0.002167812088872071
2015-07-30,0.0059627420311494095
2015-07-31,-0.0019493651247080854
2015-08-03,0.0012316035305295703
2015-08-04,0.004503154120091089
2015-08-05,0.0003062818890689324
2015-08-06,-0.0013279255519999438
2015-08-07,-0.002763748862981577
2015-08-10,-0.004108406497550563
2015-08-11,0.0013370765721243702
2015-08-12,-0.010643332330369007
2015-08-13,0.0019718216436505212
2015-08-14,0.0012434231077653288
2015-08-17,0.0025854505408816376
2015-08-18,0.0015480835453593365
2015-08-19,-0.00527325975535483
2015-08-20,-0.007387777088806155
2015-08-21,-0.00965479385630706
2015-08-24,-0.01615857712298336
2015-08-25,0.01298997444243397
2015-08-26,0.006011721982451701
2015-08-27,0.005348469974766777
2015-08-28,0.005215951704627573
2015-08-31,-0.0016661845377460068
2015-09-01,-0.005224672448561533
2015-09-02,0.003973289263555428
2015-09-03,0.006034161198041619
2015-09-04,-0.0018687744082446635
2015-09-08,-0.003643813332643528
2015-09-09,0.001354994039468901
2015-09-10,-0.005745072972555457
2015-09-11,-0.002832382076128414
2015-09-14,0.0006300940958789642
2015-09-15,0.0037724094743071686
2015-09-16,-0.0019892425825791607
2015-09-17,-0.009159353517416438
2015-09-18,0.0032732995025491467
2015-09-21,0.010799567916796657
2015-09-22,0.004058905435725498
2015-09-23,-0.00218351099114401
2015-09-24,-0.0008330921243226494
2015-09-25,0.0029127117991616645
2015-09-28,-0.002496078981692029
2015-09-29,-0.0014589351377284631
2015-09-30,0.004785684223074182
2015-10-01,-0.0016619514779361534
2015-10-02,-0.003749620082612705
2015-10-05,0.002917567722752291
2015-10-06,-0.006786073198685401
2015-10-07,0.0004189454996249484
2015-10-08,-0.0018865984577355478
2015-10-09,-0.005364785849595791
2015-10-12,0.00031635940429755496
2015-10-13,-0.0008438207494776591
2015-10-14,-0.008797574578778902
2015-10-15,0.004673427882244741
2015-10-16,0.001799779911472124
2015-10-19,0.004432705611111973
2015-10-20,-0.0011590603664842615
2015-10-21,0.0021064207475669024
2015-10-22,0.013480462148422597
2015-10-23,0.007548801390533288
2015-10-26,-0.0021657213037996263
2015-10-27,0.0005161072587626544
2015-10-28,0.008937294131094814
2015-10-29,-0.005126638996808802
2015-10-30,-0.0033980554584965147
2015-11-02,-0.00020627855808332828
2015-11-03,0.0023700701725736808
2015-11-04,0.008097971408762976
2015-11-05,-0.00010204203252586077
2015-11-06,0.012379672896564362
2015-11-09,-0.0018169006592947165
2015-11-10,0.003127026827232241
2015-11-11,-0.0028239935559142243
2015-11-12,-0.003642628774103296
2015-11-13,0.0034405654152245267
2015-11-16,0.004535658402556135
2015-11-17,0.0019088247349367665
2015-11-18,0.00020076548224280517
2015-11-19,-0.006645248619735564
2015-11-20,0.005842097983605451
2015-11-23,0.002307302561097525
2015-11-24,-0.0027091199028565177
2015-11-25,0.0027091199028566174
2015-11-27,0.0022019185319802842
2015-11-30,0.001498591916067253
2015-12-01,-0.0037005104480474366
2015-12-02,0.001901945727163299
2015-12-03,-0.023987741028871697
2015-12-04,0.007450110725840098
2015-12-07,0.0031471036037878726
2015-12-08,-0.001927687267661453
2015-12-09,-0.01143922951235701
2015-12-10,0.006042355057687032
2015-12-11,-0.003785005209645278
2015-12-14,0.00030741179294538123
2015-12-15,0.006332395254311158
2015-12-16,-0.0035697775380504368
2015-12-17,0.014203281284133569
2015-12-18,-0.005758461265532425
2015-12-21,-0.0024345504883187736
2015-12-22,-0.0022369223777694504
2015-12-23,0.0010173820907119033
2015-12-24,-0.0036674142726823965
2015-12-28,-0.000612610407325364
2015-12-29,0.0018365509524768035
2015-12-30,0.0017314071970294064
2015-12-31,0.003656688904547397
2016-01-04,0.002430436570199398
2016-01-05,0.005346245324650184
2016-01-06,-0.002215744875445693
2016-01-07,-0.009726511098624322
2016-01-08,0.00325269336738527
2016-01-11,0.0019263192177703934
2016-01-12,0.002427900618163526
2016-01-13,-0.00040425382277587974
2016-01-14,0.0016159586935050462
2016-01-15,-0.0013127722806576976
2016-01-18,0.0016155461978084554
2016-01-19,-0.0013124516791016162
2016-01-20,0.0010096777619507662
2016-01-21,-0.00030278859904218447
2016-01-22,0.005135208820696883
2016-01-25,-0.0021112870070575324
2016-01-26,0.0
2016-01-27,-0.0046403702708294236
2016-01-28,-0.003951166504163949
2016-01-29,0.011104479731481815
2016-02-01,-0.006142717149896857
2016-02-02,-0.001313966445817438
2016-02-03,-0.01610966529114382
2016-02-04,-0.008464126561459383
2016-02-05,0.0057881046203615
2016-02-08,-0.004752065637855208
2016-02-09,-0.00519104157362651
2016-02-10,-0.0018753944445813989
2016-02-11,-0.003447397891271171
2016-02-12,0.004385574496247075
2016-02-16,0.009230030386127384
2016-02-17,-0.0008262091716695627
2016-02-18,0.00165165759111259
2016-02-19,-0.0036166247883896467
2016-02-22,0.008042097127144503
2016-02-23,0.00102644064438831
2016-02-24,-0.00020523517267491818
2016-02-25,-0.0017458096238535813
2016-02-26,0.008800717871238836
2016-02-29,0.0006110975786756625
2016-03-01,0.0014244954727418043
2016-03-02,-0.0014244954727419257
2016-03-03,-0.006537967855446876
2016-03-04,-0.0023600992086232394
2016-03-07,-0.002777602203211351
2016-03-08,0.0014412128346793487
2016-03-09,-0.00041157440742060344
2016-03-10,-0.01138491376247122
2016-03-11,0.0010403504395711499
2016-03-14,0.004668347868280734
2016-03-15,0.00010343603461687892
2016-03-16,-0.007687528787050091
2016-03-17,-0.011854292966294479
2016-03-18,0.002424198578913868
2016-03-21,0.0031532825548106934
2016-03-22,0.0037708288710970456
2016-03-23,0.004173209148166096
2016-03-24,0.0009365351300833265
2016-03-28,-0.0020824345961069956
2016-03-29,-0.008163297602675932
2016-03-30,-0.003368501334810414
2016-03-31,-0.0026394990741806625
2016-04-01,0.0003171757210312652
2016-04-04,-0.0011632276203153399
2016-04-05,0.0012688498855225841
2016-04-06,-0.002115698988963529
2016-04-07,0.0005293849129877515
2016-04-08,-0.0025435101844367442
2016-04-11,-0.0030820038586089216
2016-04-12,0.0001064566702260485
2016-04-13,0.008267124900344648
2016-04-14,0.0016874467474326303
2016-04-15,-0.0021097537281895597
2016-04-18,-0.00221998177997224
2016-04-19,-0.005411956792200072
2016-04-20,0.0054119567921999895
2016-04-21,0.0011634737415057305
2016-04-22,0.005481821329407838
2016-04-25,-0.0029480586737912723
2016-04-26,-0.0028509247832131128
2016-04-27,-0.0019051689298583425
2016-04-28,-0.00669678025784921
2016-04-29,-0.007278990506801436
2016-05-02,-0.004846324491100004
2016-05-03,0.0033411163106307727
2016-05-04,0.002578959738312209
2016-05-05,0.006418490981000346
2016-05-06,0.0011722771249750468
2016-05-09,0.0027653935403064117
2016-05-10,0.0014858778772294016
2016-05-11,-0.004997099539750637
2016-05-12,0.003404979842018371
2016-05-13,0.004980155678039542
2016-05-16,-0.00042288736715235625
2016-05-17,-0.00021147041931596778
2016-05-18,0.005589834368913741
2016-05-19,0.0022062212178620283
2016-05-20,0.00020982836621039964
2016-05-23,-0.0008396578773550876
2016-05-24,0.0035639066281177747
2016-05-25,-0.0023046440413680433
2016-05-26,-0.0018895691990817509
2016-05-27,0.0036708676560930856
2016-05-31,0.0038660802999535126
2016-06-01,-0.004494392813408037
2016-06-02,0.0010469949221367314
2016-06-03,-0.016140429602271262
2016-06-06,-0.001383464842666535
2016-06-07,-0.0007457486477030241
2016-06-08,-0.0025611527766719023
2016-06-09,0.005434529335946221
2016-06-10,0.005299429552204275
2016-06-13,-0.0024342047903951154
2016-06-14,0.005916525970813431
2016-06-15,-0.0033765959408623117
2016-06-16,-0.00042288736715235625
2016-06-17,-0.0038139744578037384
2016-06-20,-0.006389101438827284
2016-06-21,0.0043702679877142
2016-06-22,-0.003195863226924869
2016-06-23,-0.0020293992695974007
2016-06-24,0.02032029080443867
2016-06-27,0.0113549215163083
2016-06-28,-0.003008466547852222
2016-06-29,-0.004999524686403345
2016-06-30,0.0038560076357538795
2016-07-01,-0.005109744278249496
2016-07-05,0.005421727845625437
2016-07-06,-0.0011444688633726558
2016-07-07,0.0028068449564303006
2016-07-08,-0.00031146528348623256
2016-07-11,0.0027997803244838738
2016-07-12,-0.0013470521904187652
2016-07-13,-0.0022838296703649747
2016-07-14,-0.0014560521285587975
2016-07-15,0.00519050257500542
2016-07-18,-0.00020714789888874358
2016-07-19,0.005061789554780938
2016-07-20,0.0015443390094770288
2016-07-21,-0.002059701566324724
2016-07-22,0.004833672369621285
2016-07-25,-0.0018484324753754672
2016-07-26,-0.0013370765721242867
2016-07-27,-0.0011328007652736804
2016-07-28,-0.0031993957475776554
2016-07-29,-0.012586623808953727
2016-08-01,0.0018824551384764244
2016-08-02,-0.006814531139105087
2016-08-03,0.0052460514061259105
2016-08-04,0.0020907866486920583
2016-08-05,0.004480343987716962
2016-08-08,0.00218078989951364
2016-08-09,-0.0022847784226374644
2016-08-10,-0.005525727183486929
2016-08-11,0.0021930882596047224
2016-08-12,-0.0014615243055734713
2016-08-15,-0.0009407261524997511
2016-08-16,-0.00882262151709567
2016-08-17,-0.0007387441002441978
2016-08-18,-0.005929682178755231
2016-08-19,0.003710169765755092
2016-08-22,0.00010574519293021104
2016-08-23,0.00021161824599503278
2016-08-24,0.002640893074319124
2016-08-25,-0.00021106006322891812
2016-08-26,0.00840609202466939
2016-08-29,0.00010465222244054072
2016-08-30,0.004905308679849279
2016-08-31,-0.00031245284514184476
2016-09-01,-0.0038607563030241643
2016-09-02,0.0024016690811514527
2016-09-06,-0.011117026664648682
2016-09-07,0.0014753864047256345
2016-09-08,0.000736877717550456
2016-09-09,0.0032567929878566998
2016-09-12,-0.002520457859279507
2016-09-13,0.005557596134175342
2016-09-14,-0.0031419739275006416
2016-09-15,-0.0004196927451278349
2016-09-16,0.008568492217847442
2016-09-19,-0.002813279029263643
2016-09-20,0.0018763719855374522
2016-09-21,-0.003756191607312113
2016-09-22,-0.002197758335269344
2016-09-23,0.00031431842969134957
2016-09-26,-0.0017821252950206972
2016-09-27,0.001363092036087075
2016-09-28,-0.0001048057431308869
2016-09-29,0.001152019917411439
2016-09-30,-0.0008377155574161144
2016-10-03,0.003033326073695626
2016-10-04,0.003856811382023722
2016-10-05,0.00010397406340634744
2016-10-06,0.005498290797254784
2016-10-07,-0.0014494983262782067
2016-10-11,0.012151321835568232
2016-10-12,0.0027597940037891963
2016-10-13,-0.00460387106653091
2016-10-14,0.005114054483977292
2016-10-17,-0.001327112195702479
2016-10-18,0.00010217208429854153
2016-10-19,-0.0003064696212594782
2016-10-20,0.0045873666525737935
2016-10-21,0.00385745336602744
2016-10-24,-0.0003039852081880104
2016-10-25,0.0005066422106694892
2016-10-26,-0.000912125403811704
2016-10-27,0.002632667991301258
2016-10-28,-0.005475585789589378
2016-10-31,0.0010162447668012
2016-11-01,-0.007647246274355892
2016-11-02,-0.003075301498133131
2016-11-03,-0.0024670844890928665
2016-11-04,-0.0009267772452427063
2016-11-07,0.007287680086057764
2016-11-08,0.0008178474316452193
2016-11-09,0.006518656080078563
2016-11-10,0.0029398461457485576
2016-11-14,0.01327319320440974
2016-11-15,0.0007988201107335815
2016-11-16,0.0021934327239695613
2016-11-17,0.0047689680077098616
2016-11-18,0.003166748784376302
2016-11-21,-0.0015820831048880349
2016-11-22,-9.898694682842051e-05
2016-11-23,0.006510785943788135
2016-11-25,-0.0020670226350151095
2016-11-28,-0.0015777148816081919
2016-11-29,-0.003955325256032957
2016-11-30,0.005631588207435985
2016-12-01,-0.004542311378567723
2016-12-02,-0.002675828123790909
2016-12-05,-0.0062714581726672994
2016-12-06,0.0034889979959112543
2016-12-07,-0.002590620273649366
2016-12-08,0.008345764538043497
2016-12-09,0.00493486987970243
2016-12-12,-0.006023823222139515
2016-12-13,0.0006931006323756298
2016-12-14,0.009555322927211006
2016-12-15,0.011017488411474825
2016-12-16,-0.001746897865054242
2016-12-19,0.0018438788744214569
2016-12-20,0.001453292177087982
2016-12-21,-0.0026174633300235137
2016-12-22,0.000679246032695013
2016-12-23,-0.0007762659511826071
2016-12-27,9.701991848749403e-05
2016-12-28,0.002326988587205086
2016-12-29,-0.005632741164337589
2016-12-30,-0.002828313349366325
2017-01-03,0.00797669308163363
2017-01-04,-0.004953651488066265
2017-01-05,-0.011556296879836272
2017-01-06,0.006871574942644141
2017-01-09,-0.0028410591077585464
2017-01-10,0.0007845624615147682
2017-01-11,-0.002257259468669827
2017-01-12,-0.00423375132467081
2017-01-13,-0.0016787459625126151
2017-01-17,-0.008436340692115072
2017-01-18,0.005962439086564131
2017-01-19,0.0021773684246563342
2017-01-20,-0.0040616595869429825
2017-01-23,-0.005773975197738033
2017-01-24,0.001895116122396036
2017-01-25,-0.0031939312430584316
2017-01-26,0.003492828071222979
2017-01-27,0.0014932214097115898
2017-01-30,-0.0009952078307145361
2017-01-31,-0.00920280734937316
2017-02-01,0.0013055211738460344
2017-02-02,0.002105360311700464
2017-02-03,0.00020032317650275786
2017-02-06,0.00040044964239381055
2017-02-07,0.0034970157432549385
2017-02-08,0.00019942797488166892
2017-02-09,0.003682906128902192
2017-02-10,0.0014892186665950236
2017-02-13,0.0015860038120415014
2017-02-14,0.0028683162619640473
2017-02-15,-0.000691594106691455
2017-02-16,-0.007340553283461909
2017-02-17,0.005064755931961521
2017-02-21,0.004151901960475189
2017-02-22,-0.0003946809584927989
2017-02-23,-0.002767061480336302
2017-02-24,0.00039569888963501647
2017-02-27,0.000395617815416492
2017-02-28,-9.883319499702614e-05
2017-03-01,0.006505651606983271
2017-03-02,0.004118038741819326
2017-03-03,-0.006478829373290897
2017-03-06,0.0009843339112613448
2017-03-07,0.0016711546921498286
2017-03-08,0.002550542286459419
2017-03-09,-0.0021577217343537207
2017-03-10,-0.005908421704537284
2017-03-13,0.0012830999656029236
2017-03-14,0.0031514670948108304
2017-03-15,-0.009484353934942957
2017-03-16,-0.004676405055228734
2017-03-17,0.00029921133729797744
2017-03-20,0.0010961149687160046
2017-03-21,-0.005993486124947342
2017-03-22,-0.0013032961372594193
2017-03-23,0.0008022646847806116
2017-03-24,-0.0013040262965350801
2017-03-27,-0.004627765754706149
2017-03-28,0.005430432924563369
2017-03-29,0.002904222329290823
2017-03-30,0.004091654374813208
2017-03-31,-0.0005977803261271349
2017-04-03,0.001891607333752231
2017-04-04,0.0
2017-04-05,0.00019887263335704864
2017-04-06,0.0010932825487625188
2017-04-07,0.005053289327307972
2017-04-10,-0.0015826280704371322
2017-04-11,-0.003073393240196003
2017-04-12,0.0006948205705745944
2017-04-13,-0.002185371136012036
2017-04-17,-0.002588814609697952
2017-04-18,-0.00800808122964154
2017-04-19,0.0024091345354376008
2017-04-20,0.00040097149896045154
2017-04-21,0.002002449362529632
2017-04-24,-0.00894170844807372
2017-04-25,-0.002728480783995704
2017-04-26,0.001415708503338163
2017-04-27,0.0012119042689833245
2017-04-28,-0.00030281914689155053
2017-05-01,0.000908182481131327
2017-05-02,-0.0016151429969554864
2017-05-03,0.0023209629946238874
2017-05-04,-0.004546120326133395
2017-05-05,-0.0011144381712757606
2017-05-08,0.005055622419179544
2017-05-09,0.004427850816283636
2017-05-10,0.0008029894365037792
2017-05-11,-0.000501735392467431
2017-05-12,-0.003721055648425721
2017-05-15,-0.003431536790888509
2017-05-16,-0.008121078380017518
2017-05-17,-0.00705779481346727
2017-05-18,0.004710700930836769
2017-05-19,-0.0074860189838921115
2017-05-22,-0.0017513852379655737
2017-05-23,0.0038079098521490388
2017-05-24,-0.0011305886647711926
2017-05-25,0.00010285501927254134
2017-05-26,0.0015412438160415651
2017-05-30,-0.0012328206450866802
2017-05-31,-0.0037075286136195747
2017-06-01,0.0028848030138166995
2017-06-02,-0.004950461142170393
2017-06-05,0.0008268068814172949
2017-06-06,-0.001654297938173634
2017-06-07,0.0011376040391103365
2017-06-08,0.0017555451459996996
2017-06-09,0.0036047053139574574
2017-06-12,-0.0013373517354653868
2017-06-13,-0.0016484243424776935
2017-06-14,-0.000412550689961078
2017-06-15,0.005041918967562297
2017-06-16,-0.0027750327440023963
2017-06-19,0.0038008686422384037
2017-06-20,0.002253188397732519
2017-06-21,-0.0019456505424202929
2017-06-22,-0.0002049886549751346
2017-06-23,-0.002463539111703472
2017-06-26,0.0013351540131302964
2017-06-27,-0.009902082733337389
2017-06-28,-0.004363170849008463
2017-06-29,-0.004382371346634591
2017-06-30,0.00031372689418055654
2017-07-03,0.005629049413899271
2017-07-05,0.000935154811607445
2017-07-06,-0.004893052490123573
2017-07-07,0.0019809466895251543
2017-07-10,0.0004165460275457043
2017-07-11,-0.003232759335629342
2017-07-12,0.0005221433009193721
2017-07-13,-0.0006265409275062649
2017-07-14,-0.0064976411133277415
2017-07-17,0.00021022543486755782
2017-07-18,-0.004952785181404699
2017-07-19,0.001477878287434059
2017-07-20,-0.0056064716542315275
2017-07-21,-0.003506663210437869
2017-07-24,0.00042572280648414017
2017-07-25,0.0007445588009593957
2017-07-26,-0.004048640522179665
2017-07-27,0.002026369195950229
2017-07-28,-0.006413002582702488
2017-07-31,-0.004298325121765617
2017-08-01,0.0018290194942696175
2017-08-02,-0.0021521255222026682
2017-08-03,-0.00021551683477844105
2017-08-04,0.007834795783410448
2017-08-07,-0.0011766660140674224
2017-08-08,0.002245140033423782
2017-08-09,-0.0012823548361880573
2017-08-10,-0.0012839196966272842
2017-08-11,-0.0035394666532028883
2017-08-14,0.004181632557725803
2017-08-15,0.004164219297465601
2017-08-16,-0.003843290920423138
2017-08-17,0.001389609356085087
2017-08-18,-0.0020315691382587235
2017-08-21,-0.003538328177877307
2017-08-22,0.00482191744842985
2017-08-23,-0.0042849719132977545
2017-08-24,0.001394596087265614
2017-08-25,-0.005805853587045631
2017-08-28,-0.005731281306367537
2017-08-29,0.001517115500137932
2017-08-30,0.005722617695871955
2017-08-31,-0.0022635319786113387
2017-09-01,0.001509590462151015
2017-09-05,-0.005401914747725401
2017-09-06,-0.00021664835655369304
2017-09-07,-0.008269029137556765
2017-09-08,-0.0021874333076797115
2017-09-11,0.005786344789651318
2017-09-12,0.0005441916725177909
2017-09-13,0.006614923865376428
2017-09-14,-0.004332696312161769
2017-09-15,-0.0027175405879750277
2017-09-18,0.0019573766525768374
2017-09-19,-0.002828571627198046
2017-09-20,0.007813400669963071
2017-09-21,-0.00270606859097994
2017-09-22,-0.0009760231446206904
2017-09-25,0.005194291061136483
2017-09-26,0.0034479043971922065
2017-09-27,0.004186120918071678
2017-09-28,-0.0028962667269656368
2017-09-29,-0.00010736968301916843
2017-10-02,0.005143557515497497
2017-10-03,0.00010690040492500537
2017-10-04,-0.0011762885499981793
2017-10-05,0.005335622570560158
2017-10-06,-0.0017042615000031713
2017-10-09,-0.0006399188412392297
2017-10-10,-0.004812038919023129
2017-10-11,-0.003543647531662468
2017-10-12,0.0017197302232241608
2017-10-13,-0.0003222856892612024
2017-10-16,0.002038981726794184
2017-10-17,0.002248746337653337
2017-10-18,-0.0013914613374818583
2017-10-19,-0.0009645177687106555
2017-10-20,0.00459967992771917
2017-10-23,0.002558149912922004
2017-10-24,0.00021284345906884072
2017-10-25,-0.002664252680974361
2017-10-26,0.00955828780165139
2017-10-27,0.00327122710946803
2017-10-30,-0.004540426090529638
2017-10-31,0.0006348411945933237
2017-11-01,0.0028515268743756527
2017-11-02,-0.0013719304769413674
2017-11-03,0.0026367150598698803
2017-11-06,-0.002319954815239825
2017-11-07,0.0020039287042879104
2017-11-08,-0.0004215503716821096
2017-11-09,-0.004542824287079812
2017-11-10,-0.0005296091981327751
2017-11-13,0.0010588573159490372
2017-11-14,-0.007009332369972878
2017-11-15,-0.0002132197037069837
2017-11-16,0.0012783931425457498
2017-11-17,-0.0028785843999633697
2017-11-20,0.004474260757626734
2017-11-21,-0.0013828102363707146
2017-11-22,-0.007800389337229262
2017-11-24,-0.004946768622475652
2017-11-27,0.0015081268277719678
2017-11-28,0.0038676520416017508
2017-11-29,0.0
2017-11-30,-0.0026842770642300554
2017-12-01,-0.0011833749773717253
2017-12-04,0.003116783750966722
2017-12-05,0.002036714134111687
2017-12-06,0.002460061773974239
2017-12-07,0.0020276666431032725
2017-12-08,0.0010655139173486616
2017-12-11,-0.0003195268559356809
2017-12-12,0.0024471547675071403
2017-12-13,-0.007145534304608319
2017-12-14,0.0006419597821738347
2017-12-15,0.004695371401998817
2017-12-18,-0.0024516705804720714
2017-12-19,-0.002457614420591567
2017-12-20,-0.0012846886123828334
2017-12-21,-0.0007501441262056627
2017-12-22,0.0007501441262055796
2017-12-26,-0.0009645393555919329
2017-12-27,-0.0024693056274959005
2017-12-28,-0.004632883484900258
2017-12-29,-0.005197020406212556
2018-01-02,-0.0029353097193388277
2018-01-03,0.0033694416356018432
2018-01-04,-0.0033694416356018554
2018-01-05,0.0010881228126030883
2018-01-08,0.004124217755158071
2018-01-09,0.0021637674522575014
2018-01-10,-0.0021637674522573982
2018-01-11,-0.005212340567761154
2018-01-12,-0.009626999795694074
2018-01-16,-0.006396160194818216
2018-01-17,0.0016581170617713005
2018-01-18,-0.000441901413786949
2018-01-19,0.0007731783114749032
2018-01-22,-0.001878744740033201
2018-01-23,-0.003102138236336715
2018-01-24,-0.01014901537790235
2018-01-25,0.0020156816087156175
2018-01-26,-0.003586238254267262
2018-01-29,0.002690862341948273
2018-01-30,-0.0013444833082702202
2018-01-31,-0.0006730057240450261
2018-02-01,-0.005174354585465533
2018-02-02,0.005959412631732636
2018-02-05,0.003916157212102871
2018-02-06,0.000446503147633375
2018-02-07,0.007450752333208372
2018-02-08,-0.00033241485578272507
2018-02-09,0.002324671193936946
2018-02-12,-0.002546398884828504
2018-02-13,-0.005669540476778337
2018-02-14,-0.00648692804503151
2018-02-15,-0.005964863911680532
2018-02-16,0.005740374265087106
2018-02-20,0.006934405906405551
2018-02-21,0.004004461460659437
2018-02-22,-0.0036701573499754014
2018-02-23,0.0014473893904171098
2018-02-26,-0.0006677524968507495
2018-02-27,0.005994034092513105
2018-02-28,0.002762890615529982
2018-03-01,-0.0032056725074198263
2018-03-02,-0.004216107975184558
2018-03-05,0.0015553762309700387
2018-03-06,-0.005119644713390712
2018-03-07,0.0002231021188336129
2018-03-08,0.00534050391717894
2018-03-09,-0.00033301602709235917
2018-03-12,-0.002111171563249572
2018-03-13,-0.00267317887894561
2018-03-14,0.00044595547122581807
2018-03-15,0.004893275448427337
2018-03-16,0.0009979927192423008
2018-03-19,-0.003664044759949974
2018-03-20,0.0052144258558511
2018-03-21,-0.0065501645493128615
2018-03-22,0.0008906906770818705
2018-03-23,-0.00468487373089344
2018-03-26,-0.004594658828934108
2018-03-27,0.003811708251571125
2018-03-28,0.0076910016387542555
2018-03-29,0.000998878810564609
2018-04-02,-0.0011098610637691225
2018-04-03,0.001664287723785077
2018-04-04,-0.0006653827439911586
2018-04-05,0.0035437434375483945
2018-04-06,-0.003876600908548161
2018-04-09,-0.0030008833527354188
2018-04-10,-0.002786603934448281
2018-04-11,-0.00022322665318425048
2018-04-12,0.002007588288404827
2018-04-13,0.0005569819237051723
2018-04-16,-0.004128809521549358
2018-04-17,0.001005826733866866
2018-04-18,0.0011165135005621514
2018-04-19,0.0035642684824207333
2018-04-20,0.0042161079751844915
2018-04-23,0.006841058780626953
2018-04-24,-0.0018711776875232863
2018-04-25,0.004397077957168721
2018-04-26,0.004268592906964459
2018-04-27,-0.0002184231929278939
2018-04-30,0.0032718474694839917
2018-05-01,0.006620032126942633
2018-05-02,0.0006488450518002712
2018-05-03,-0.0010815323462361973
2018-05-04,0.001729874253539356
2018-05-07,0.0019425897051274154
2018-05-08,0.003981311990664729
2018-05-09,-0.000859495427652545
2018-05-10,-0.004200548849906804
2018-05-11,-0.0011879758284816975
2018-05-14,0.0005401115358979668
2018-05-15,0.006781199131391543
2018-05-16,0.0018219625466556293
2018-05-17,0.0008562756682172256
2018-05-18,0.0018170938503147753
2018-05-21,0.0004270864424570555
2018-05-22,-0.0007475006432959248
2018-05-23,0.0042639604100911345
2018-05-24,-0.0024495816691257875
2018-05-25,0.004362444109968669
2018-05-29,0.00677178944970753
2018-05-30,-0.007196562894394845
2018-05-31,-0.0017009004061176462
2018-06-01,0.002125673850804869
2018-06-04,-0.0018065548632197927
2018-06-05,-0.0013836121217738577
2018-06-06,-0.002452634914316161
2018-06-07,-0.0027798812836009154
2018-06-08,0.0016047237699442125
2018-06-11,0.00032061966302678605
2018-06-12,0.002348183542108863
2018-06-13,-0.0009599911809711528
2018-06-14,0.011247970694262666
2018-06-15,0.00021106006322884878
2018-06-18,-0.0004220841608947046
2018-06-19,0.003581929076781774
2018-06-20,-0.00031552753624688567
2018-06-21,-0.00200068314727858
2018-06-22,-0.0036961455526758487
2018-06-25,-0.002542351682821953
2018-06-26,0.004233722748722857
2018-06-27,0.006422095098880598
2018-06-28,0.0010488617907332008
2018-06-29,-0.007999223262922298
2018-07-02,0.002533040860083524
2018-07-03,-0.002955838846321813
2018-07-05,-0.0012693868068318491
2018-07-06,-0.00456210329525985
2018-07-09,0.0004252702056793135
2018-07-10,0.00031881374315102405
2018-07-11,0.0064608666669774975
2018-07-12,0.0009496791561670455
2018-07-13,-0.0006330192168175293
2018-07-16,-0.0025361723523497
2018-07-17,0.004855393498240605
2018-07-18,0.0011575966416088321
2018-07-19,0.0009460850943855178
2018-07-20,-0.007488292068672682
2018-07-23,0.0022206860236052275
2018-07-24,-0.0006339556317636062
2018-07-25,-0.002645924159786552
2018-07-26,0.004124582954732077
2018-07-27,-0.0007390560935186854
2018-07-30,-0.0033855268612133535
2018-07-31,0.0013767251787247716
2018-08-01,0.0013749130439728158
2018-08-02,0.005795847613919709
2018-08-03,-0.00031526225558489067
2018-08-06,0.0023097251287020506
2018-08-07,-0.001469193131347154
2018-08-08,-0.00126106307984043
2018-08-09,0.004197293980333861
2018-08-10,0.008964936594062011
2018-08-13,0.00031127138302553225
2018-08-14,0.003521171434844869
2018-08-15,-0.0003102559983949072
2018-08-16,-0.0005171494582061529
2018-08-17,-0.0057069213438016705
2018-08-20,-0.0020833022976758943
2018-08-21,-0.006695980002562295
2018-08-22,-0.001155408019255505
2018-08-23,0.004927422143164621
2018-08-24,-0.004927422143164607
2018-08-27,-0.0038962061186109246
2018-08-28,-0.0006332196369235461
2018-08-29,-0.0012677240951518974
2018-08-30,0.0012677240951518567
2018-08-31,0.004424300565650013
2018-09-04,0.002938696309702065
2018-09-05,-0.0030438325520540533
2018-09-06,-0.0011569879164151293
2018-09-07,0.0036767319599759034
2018-09-10,-0.0023094826113242827
2018-09-11,-0.0009463642756501099
2018-09-12,-0.002738804050556909
2018-09-13,-0.00274640640340242
2018-09-14,0.004643343415447874
2018-09-17,-0.004960706854372974
2018-09-18,0.0011632276203153396
2018-09-19,-0.0007400718493795174
2018-09-20,-0.006791911568653504
2018-09-21,0.0032955704153078045
2018-09-24,0.00042445793097913844
2018-09-25,-0.001380167778231193
2018-09-26,0.0006372683742167752
2018-09-27,0.008562846845800118
2018-09-28,0.001998028310390433
2018-10-01,0.001154922771867
2018-10-02,0.0022011337304110004
2018-10-03,0.002614107144679238
2018-10-04,-0.00010445549713327534
2018-10-05,-0.0013585961388701397
2018-10-08,0.0015674165596049345
2018-10-09,-0.0009401550896224304
2018-10-10,-0.0017783169786584315
2018-10-11,-0.005143615983140148
2018-10-12,0.0021026561561220056
2018-10-15,-0.001576557425263519
2018-10-16,-0.00021035811962194886
2018-10-17,0.005560511266005637
2018-10-18,0.0033423854932270003
2018-10-19,-0.0019832211583627486
2018-10-22,0.003129598317439491
2018-10-23,-0.0005209465288399017
2018-10-24,0.00488593125625678
2018-10-25,0.002589199304805741
2018-10-26,-0.0033153749110911316
2018-10-29,0.0022805153235918667
2018-10-30,0.00444238858957794
2018-10-31,0.001236171142941447
2018-11-01,-0.008789658900664616
2018-11-02,0.0026968394795528266
2018-11-05,-0.0019700606922040892
2018-11-06,-0.0003114006313841299
2018-11-07,-0.003327786924321495
2018-11-08,0.0066445364029446095
2018-11-09,0.0027900226644436868
2018-11-12,0.0064798091328552585
2018-11-13,-0.002463539111703472
2018-11-14,-0.005151994747421748
2018-11-15,0.0013420458439761971
2018-11-16,-0.004756979816761442
2018-11-19,-0.0029066642905637044
2018-11-20,0.006424841967840531
2018-11-21,-0.0010334692513031467
2018-11-23,0.002169076793748075
2018-11-26,0.0015464875243705772
2018-11-27,0.0030858186180851644
2018-11-28,-0.005974490578445382
2018-11-29,-0.00010334386790452241
2018-11-30,0.005050233617851522
2018-12-03,-0.0023673082995181033
2018-12-04,-0.0007216091654138691
2018-12-06,-0.0016513953914703804
2018-12-07,-0.0031036174595921915
2018-12-10,0.007329812119545989
2018-12-11,0.0017470655326213172
2018-12-12,-0.003600255635690914
2018-12-13,0.00020604475316177324
2018-12-14,0.003907510193577321
2018-12-17,-0.003495469434300203
2018-12-18,0.0004118710516137875
2018-12-19,-0.0010299565640528015
2018-12-20,-0.007862673834137246
2018-12-21,0.007037912642491261
2018-12-24,-0.0042374723961053525
2018-12-26,0.005165300577651703
2018-12-27,-0.0058905732872680545
2018-12-28,-0.0009333123091904052
2018-12-31,-0.0022850157791519956
2019-01-02,0.006736141674937097
2019-01-03,-0.005281451136241998
2019-01-04,-0.0012467026777095323
2019-01-07,-0.005002650903429855
2019-01-08,0.001983221158362685
2019-01-09,-0.007115981214347269
2019-01-10,0.00335500095828451
2019-01-11,0.0013597330063223076
2019-01-14,-0.0008365767857184733
2019-01-15,0.003967481584089056
2019-01-16,0.0009373154720789112
2019-01-17,0.00010411842380147599
2019-01-18,0.002806473944679403
2019-01-22,-0.00041521269553680814
2019-01-23,-0.0018709110514125024
2019-01-24,0.004981285979845186
2019-01-25,-0.008420420470173488
2019-01-28,-0.00041767689169542764
2019-01-29,0.0007308002093346978
2019-01-30,-0.005022016904459742
2019-01-31,0.0025142009416812875
2019-02-01,0.0
2019-02-04,0.0028208412648959165
2019-02-05,0.002604846526007075
2019-02-06,0.0033243298888583233
2019-02-07,0.000933022066781138
2019-02-08,0.0013460758169269156
2019-02-11,0.004336590952711256
2019-02-12,-0.0036125185613491797
2019-02-13,0.004333458874714606
2019-02-14,-0.0015454528449521325
2019-02-15,-0.0006189292360145267
2019-02-19,-0.004135671078728945
2019-02-20,-0.0007254982662519485
2019-02-21,0.0016575541361932384
2019-02-22,-0.0010356097932493662
2019-02-25,-0.0010366833928195224
2019-02-26,-0.004261777193198242
2019-02-27,0.0015612964367278633
2019-02-28,0.00010402096583284309
2019-03-01,0.0038403193442849287
2019-03-04,0.0015527307771561066
2019-03-05,0.0017568151060931927
2019-03-06,0.0002065276936401051
2019-03-07,0.008224528920454022
2019-03-08,-0.0030762475136783527
2019-03-11,-0.0015417190249468634
2019-03-12,-0.002884208571455564
2019-03-13,-0.0040312151193654016
2019-03-14,0.0024826521373223884
2019-03-15,-0.0019649671972771826
2019-03-18,-0.0008285194454623186
2019-03-19,-0.0014515232624028693
2019-03-20,-0.0064535991568705165
2019-03-21,0.007697924787051676
2019-03-22,0.0015532130970757159
2019-03-25,-0.000828090623340484
2019-03-26,0.0017588144939775642
2019-03-27,0.00031004889038054257
2019-03-28,0.004433685866674073
2019-03-29,0.0008227255998030354
2019-04-01,-0.00030842317095490464
2019-04-02,0.0011304724497337901
2019-04-03,-0.00277710928494477
2019-04-04,0.0022633880815973464
2019-04-05,0.0009244925696552881
2019-04-08,-0.003599885254366485
2019-04-09,-0.0004122530663143874
2019-04-10,-0.0006187377829022478
2019-04-11,0.002369581907057722
2019-04-12,-0.0021632672131551888
2019-04-15,-0.0003094093029720691
2019-04-16,0.0010310184683860466
2019-04-17,-0.00030918607641405036
2019-04-18,0.004730562879087752
2019-04-22,-0.001951245203493584
2019-04-23,0.0029766603225857232
2019-04-24,0.005417285024899872
2019-04-25,0.0010188332664601654
2019-04-26,-0.0019366482063220283
2019-04-29,-0.001531643979169652
2019-04-30,-0.003890628903807604
2019-05-01,0.0021519614620567028
2019-05-02,0.0014320725298226226
2019-05-03,-0.0031738464360480108
2019-05-06,0.0
2019-05-07,0.001127344355029096
2019-05-08,-0.00010237651057280918
2019-05-09,-0.0025642353960980972
2019-05-10,-0.0004108979470948254
2019-05-13,-0.00010277047172739629
2019-05-14,0.002155495688218043
2019-05-15,0.0004100555243534865
2019-05-16,0.0027633879572475633
2019-05-17,0.0016340247212281787
2019-05-20,-0.0007145378216042793
2019-05-21,0.001326570477053818
2019-05-22,0.000509793070372368
2019-05-23,-0.002653626148370028
2019-05-24,-0.002455724808188649
2019-05-28,0.0035792692982014075
2019-05-29,0.001835801704528244
2019-05-30,0.0
2019-05-31,-0.00398182557708955
2019-06-03,-0.006259968231091945
2019-06-04,-0.0007208660541215514
2019-06-05,0.0030858186180851644
2019-06-06,-0.003497986741816167
2019-06-07,-0.004337934609427309
2019-06-10,0.0015514459723424503
2019-06-11,-0.0007236980741580867
2019-06-12,0.0032009687580950587
2019-06-13,0.00010310949053337827
2019-06-14,0.005755977998179947
2019-06-17,-0.0001025176690412685
2019-06-18,0.000819690950664302
2019-06-19,-0.005339883682238628
2019-06-20,-0.005058132003962697
2019-06-21,-0.004251974629626087
2019-06-24,-0.0024973775524480095
2019-06-25,0.0018736374649532968
2019-06-26,0.0005197839868493386
2019-06-27,-0.00020786531164056955
2019-06-28,-0.0006240140394201017
2019-07-01,0.007358680747589563
2019-07-02,-0.0011364673551580555
2019-07-03,0.00041336730441638586
2019-07-05,0.004947988295522141
2019-07-08,0.0013358400512131527
2019-07-09,0.0011289641791076164
2019-07-10,-0.004008427146107153
2019-07-11,-0.0005150185225385936
2019-07-12,-0.0024760715467845346
2019-07-15,0.0012388021394845383
2019-07-16,0.0048371546616665035
2019-07-17,-0.0018497621411972275
2019-07-18,-0.004432771553498426
2019-07-19,0.003712498909969709
2019-07-22,0.0011316354098901474
2019-07-23,0.004616071646647899
2019-07-24,0.00020471011339450422
2019-07-25,0.0009204432916388993
2019-07-26,0.001940484085691869
2019-07-29,0.000306031921081658
2019-07-30,0.00010201576864480276
2019-07-31,0.0047819554118503005
2019-08-01,-0.001320372504427066
2019-08-02,-0.0029518156572877624
2019-08-05,-0.006134973013194671
2019-08-06,0.0013324171012161071
2019-08-07,-0.0009222354369379221
2019-08-08,0.000819858926365172
2019-08-09,-0.001332631865568523
2019-08-12,-0.0011289641791076938
2019-08-13,0.004405973791930665
2019-08-14,0.0018386145055329314
2019-08-15,0.0015296135953325337
2019-08-16,0.0
2019-08-19,0.002137504877720227
2019-08-20,-0.0016281272749836817
2019-08-21,0.0011196561531680847
2019-08-22,-0.0013234071459158436
2019-08-23,-0.00541341177883454
2019-08-26,0.004496251583173567
2019-08-27,-0.0008160121863206838
2019-08-28,0.0021405551769712607
2019-08-29,0.0030500537054619433
2019-08-30,0.004153336589750415
2019-09-03,0.00030321706440593907
2019-09-04,-0.005065867120075074
2019-09-05,-0.0004063119634158585
2019-09-06,-0.0002032954493865235
2019-09-09,-0.0011186314419722764
2019-09-10,0.0005086521812793872
2019-09-11,0.0032490605226349663
2019-09-12,-0.003452521391146258
2019-09-13,-0.0005086780639868212
2019-09-16,0.0039611994551330635
2019-09-17,-0.003961199455132959
2019-09-18,0.0034541976520513214
2019-09-19,-0.0033524879191186474
2019-09-20,0.0024393293389793013
2019-09-23,0.0009131585801393265
2019-09-24,-0.002640421388617224
2019-09-25,0.007092993435774775
2019-09-26,0.0017149882533332049
2019-09-27,-0.0010084558566931963
2019-09-30,0.002720507960061469
2019-10-01,-0.0025187661990677145
2019-10-02,-0.0009082741576337149
2019-10-03,-0.0018191041275906017
2019-10-04,-0.0005059245539288802
2019-10-07,0.001820023852667955
2019-10-08,0.001514173084516282
2019-10-09,-0.00020172140541462153
2019-10-10,-0.004145015875675361
2019-10-11,-0.004162190956407235
2019-10-14,0.001524715888616756
2019-10-15,-0.0016264721939960077
2019-10-16,-0.0028527658159559956
2019-10-17,-0.004089582637299097
2019-10-18,-0.003386547770324567
2019-10-21,0.0005138795817415408
2019-10-22,0.002052725216490631
2019-10-23,-0.0006153595947385376
2019-10-24,0.0016401442320135907
2019-10-25,0.002046502081018899
2019-10-28,-0.0007157799109669424
2019-10-29,-0.0007162926188557948
2019-10-30,-0.00040955170752591836
2019-10-31,-0.0030769568046334138
2019-11-01,-0.0011305886647711926
2019-11-04,0.002772831275553376
2019-11-05,0.0048084517170082835
2019-11-06,-0.0003062972375773831
2019-11-07,0.0019379112082973135
2019-11-08,0.002137504877720227
2019-11-11,-0.0015263450368287173
2019-11-12,0.001119542261623349
2019-11-13,0.0006101809005178846
2019-11-14,-0.0021370697353896044
2019-11-15,-0.0016313590396361444
2019-11-18,-0.002145146984210623
2019-11-19,0.0007155604116033268
2019-11-20,0.0007150487510028528
2019-11-21,0.000612469998264637
2019-11-22,0.002853347366793373
2019-11-25,0.0005087039398503812
2019-11-26,-0.0007122114045053861
2019-11-27,0.0016272113742997409
2019-11-29,-0.00142370390964475
2019-12-02,-0.0041808661160609665
2019-12-03,-0.0012270221122121542
2019-12-04,-0.0009211970370645112
2019-12-05,-0.00246076057102523
2019-12-06,0.002972615435067598
2019-12-09,-0.0006142885390111692
2019-12-10,-0.0023583268960564625
2019-12-11,-0.0025697705521583207
2019-12-12,0.002467084489092802
2019-12-13,-0.0023642233070768786
2019-12-16,-0.001029638427258675
2019-12-17,0.0014412128346793487
2019-12-18,0.002055334962721688
2019-12-19,0.00010259720526384372
2019-12-20,0.0029723890034826007
2019-12-23,-0.0005118024543353672
2019-12-24,-0.00010242318338562411
2019-12-26,-0.000614681320776069
2019-12-27,-0.006889114572020835
2019-12-30,-0.001858931743237913
2019-12-31,-0.0036244898488808513
2020-01-02,0.004760918634158697
2020-01-03,-0.00010327984415574736
2020-01-06,-0.0017569967185531493
2020-01-07,0.003201708756683483
2020-01-08,0.003294214264470894
2020-01-09,0.001540374081053393
2020-01-10,-0.0009239396891402586
2020-01-13,-0.00010273880423501726
2020-01-14,0.00020546705429241687
2020-01-15,-0.0014388428510839087
2020-01-16,0.000925174432261699
2020-01-17,0.0029754386603104773
2020-01-21,-0.0008199429720924455
2020-01-22,0.0
2020-01-23,0.0016392141884711308
2020-01-24,0.0016364535918099031
2020-01-27,0.0011235444900128861
2020-01-28,0.0006122824959291072
2020-01-29,-0.00030609438673345773
2020-01-30,-0.0012253153459300177
2020-01-31,-0.004916565795280975
2020-02-03,0.004201078538817561
2020-02-04,0.0016346144931978252
2020-02-05,0.0031595354759889898
2020-02-06,0.002337789964017686
2020-02-07,0.0018257465756925959
2020-02-10,0.001518926161673082
2020-02-11,-0.0011136483930240843
2020-02-12,0.0033372314324503645
2020-02-13,0.0002018639496980783
2020-02-14,0.0005045971260188074
2020-02-18,0.003424279051060143
2020-02-19,0.0014066051888710213
2020-02-20,0.0027072184861321323
2020-02-21,-0.006126676075756423
2020-02-24,0.0003021785853846842
2020-02-25,-0.0032280840235715614
2020-02-26,0.0003030638919179913
2020-02-27,-0.005672599810777739
2020-02-28,-0.003154148094629094
2020-03-02,-0.007877647280893692
2020-03-03,-0.002159263418418368
2020-03-04,0.0019537752536019633
2020-03-05,-0.005356385423915853
2020-03-06,-0.00902639071155808
2020-03-09,-0.011003468953308716
2020-03-10,0.015786246966343988
2020-03-11,0.001036683392819497
2020-03-12,0.009897998819150069
2020-03-13,0.013046752908227162
2020-03-16,-0.0067060165391842055
2020-03-17,0.015075972359764923
2020-03-18,0.01574209840111209
2020-03-19,0.015692735027299457
2020-03-20,0.0005836906290763782
2020-03-23,-0.003214671659135032
2020-03-24,-0.007344693602503864
2020-03-25,-0.006805044347558383
2020-03-26,-0.01626219180094399
2020-03-27,-0.010617374803561131
2020-03-30,0.00820047669237915
2020-03-31,-0.0013115801831416923
2020-04-01,0.006239906653357665
2020-04-02,0.0051038603675523705
2020-04-03,0.0039848779730313096
2020-04-06,0.001093065225506391
2020-04-07,-0.0070763146128082245
2020-04-08,0.0013992944349989708
2020-04-09,-0.0060108987368511415
2020-04-13,-0.001709641620417164
2020-04-14,-0.0046408385293312685
2020-04-15,0.005747428971737732
2020-04-16,0.005714584712106837
2020-04-17,-0.002502378594773782
2020-04-22,0.001295761481367019
2020-04-23,0.00039837582030818376
2020-04-24,-0.000498013578997181
2020-04-27,-0.003392841703910894
2020-04-28,-0.0017007474044158
2020-04-29,-0.0030084564215593027
2020-04-30,-0.005539095303350765
2020-05-01,-0.0022241803896464697
2020-05-04,0.006859017037953738
2020-05-05,0.0023093109787881917
2020-05-06,0.003803780983961886
2020-05-07,-0.0020001702089409
2020-05-08,-0.0016030063598269273
2020-05-11,0.0051007212026602895
2020-05-12,-0.003097345349061247
2020-05-13,0.00309734534906125
2020-05-14,0.0022918983474946534
2020-05-15,-0.0006969651685236173
2020-05-18,-0.007297511847432846
2020-05-19,-0.0030144257249692962
2020-05-20,-0.002519019852671667
2020-05-21,0.002519019852671609
2020-05-22,0.004918926301312116
2020-05-26,-0.009558828408124451
2020-05-27,0.001515319737947648
2020-05-28,-0.006888199065259023
2020-05-29,-0.00040667870457291216
2020-06-01,-0.005199527558490491
2020-06-02,-0.0016368664740114463
2020-06-03,-0.004001025042514643
2020-06-04,-0.006186846677672824
2020-06-05,0.0026856966101067147
2020-06-08,-0.003306468049043464
2020-06-09,-0.0031098091607432428
2020-06-10,-0.0037445499613823646
2020-06-11,0.007992198467841808
2020-06-12,0.006080887880907707
2020-06-15,-0.0065979557876870015
2020-06-16,0.002891953886846593
2020-06-17,0.0020606289468201085
2020-06-18,0.0026723677574220592
2020-06-19,0.0020509090115185353
2020-06-22,-0.0059591445241145916
2020-06-23,-0.0036132643250425932
2020-06-24,0.004746181784583317
2020-06-25,0.002877983039635605
2020-06-26,0.0007182034342949106
2020-06-29,0.0004101816642783301
2020-06-30,-0.0015390299620584962
2020-07-01,-0.001952849636313679
2020-07-02,0.0012338347098170114
2020-07-06,-0.005460822159623259
2020-07-07,0.0009293782745837542
2020-07-08,-0.004655711207453064
2020-07-09,0.0027960112131901233
2020-07-10,-0.0005171494582061529
2020-07-13,-0.0019678162924543765
2020-07-14,-0.0020755190823018837
2020-07-15,-0.0018716892379267032
2020-07-16,0.002806182194208918
2020-07-17,-0.004264357502404642
2020-07-20,-0.0011472140581443113
2020-07-21,-0.007436526205550686
2020-07-22,-0.0015782161490156016
2020-07-23,-0.0029526413298705746
2020-07-24,-0.0026436857098438593
2020-07-27,-0.008186790395604068
2020-07-28,0.0009604009396220613
2020-07-29,-0.005347034326374444
2020-07-30,-0.0025768265787047538
2020-07-31,0.005039968145744427
2020-08-03,0.00010698044124570928
2020-08-04,-0.001284276164808909
2020-08-05,-0.00590727699317517
2020-08-06,-0.0004309979049096572
2020-08-07,0.00698065997623259
2020-08-10,0.0014971597968210537
2020-08-11,0.0005341106115732474
2020-08-12,-0.002031270408394264
2020-08-13,-0.0010708439203949483
2020-08-14,-0.0025745333942405785
2020-08-17,-0.0026888965284360593
2020-08-18,-0.006266246156081086
2020-08-19,0.006696965619910175
2020-08-20,-0.0010771055969901347
2020-08-21,0.004945173292177445
2020-08-24,0.0005360820384595766
2020-08-25,-0.0030056528547335207
2020-08-26,-0.00010745048552533449
2020-08-27,0.0
2020-08-28,-0.006904756883039733
2020-08-31,-0.002493127455491018
2020-09-01,0.002168224536276038
2020-09-02,0.0055078939450372375
2020-09-03,-0.0011854154362119266
2020-09-04,-0.00021564373172236047
2020-09-08,0.008163333384396777
2020-09-09,-0.002356231295015289
2020-09-10,0.0008573870012291349
2020-09-11,-0.00010708209078612866
2020-09-14,-0.002789724278171819
2020-09-15,-0.00021487903340062237
2020-09-16,0.0017179863656381284
2020-09-17,-0.0025781286530227113
2020-09-18,-0.0004303487446622587
2020-09-21,0.006542637232109398
2020-09-22,0.004799208818646536
2020-09-23,0.004246757966643636
2020-09-24,-0.00042387322855773867
2020-09-25,0.0024348009335587576
2020-09-28,-0.003389112416825154
2020-09-29,-0.003933066389008079
2020-09-30,0.0
2020-10-01,-0.0019189804038083074
2020-10-02,0.0013862679542446295
2020-10-05,-0.0035227600278867426
2020-10-06,0.0034162485242590543
2020-10-07,-0.002133838200181357
2020-10-08,-0.00021359371256752206
2020-10-09,-0.005892801722059076
2020-10-12,0.00010747473687942946
2020-10-13,0.004930332476371583
2020-10-14,-0.0016050672651663613
2020-10-15,0.00512715673922596
2020-10-16,-0.001919594321955695
2020-10-19,-0.0026722264758808198
2020-10-20,-0.003860601152594575
2020-10-21,-0.004954761145891666
2020-10-22,0.0036645475624652473
2020-10-23,-0.0019384058555723712
2020-10-26,0.0030137404055984125
2020-10-27,-0.0011828659597670666
2020-10-28,0.00504429516397936
2020-10-29,0.00587070495747413
2020-10-30,0.0008510833604655255
2020-11-02,0.00010635478790935434
2020-11-03,-0.0053305028535134726
2020-11-04,-0.0014976402523354752
2020-11-05,-0.00946554202101199
2020-11-06,-0.003247409423384976
2020-11-09,0.005406587368252306
2020-11-10,0.00021562047425022007
2020-11-11,0.0031218165630121798
2020-11-12,-0.000860234795571637
2020-11-13,-0.0021537478380029952
2020-11-16,-0.002050423634564982
2020-11-17,-0.0016217261526176997
2020-11-18,-0.0010825861756400778
2020-11-19,-0.0003249962565596812
2020-11-20,0.0010829378788029204
2020-11-23,0.0012980287987114857
2020-11-24,-0.0030312762300720403
2020-11-25,-0.002605641378396873
2020-11-27,-0.0021764830614942315
2020-11-30,0.0008711949746213347
2020-12-01,-0.0061142802890798535
2020-12-02,-0.0020829346092942
2020-12-03,-0.004509754747449625
2020-12-04,-0.00011027105958152141
2020-12-07,0.0009918339933096278
2020-12-08,0.0019806377850375553
2020-12-09,0.0013181933008047464
2020-12-10,-0.0032988310858422898
2020-12-11,0.002090581571670238
2020-12-14,-0.002972144505398307
2020-12-15,-0.0026492770033932304
2020-12-16,-0.00022113942897322524
2020-12-17,-0.006989513839627397
2020-12-18,0.002224166311855897
2020-12-21,0.00022219563272770309
2020-12-22,0.00675192782696248
2020-12-23,-0.0026510327786479215
2020-12-24,-0.0008852698223750133
2020-12-28,0.00011063825701472132
2020-12-29,-0.0036594906872421005
2020-12-30,-0.00423074427653805
2020-12-31,0.0034527537616808692
2021-01-04,-0.0006673917285882162
2021-01-05,-0.004907380055435235
2021-01-06,0.0010057143081235833
2021-01-07,0.0033452646131757638
2021-01-08,0.003001132054229774
2021-01-11,0.004871604440768277
2021-01-12,-0.005426646608110303
2021-01-13,0.0029938109510210544
2021-01-14,-0.0008861523855963913
2021-01-15,0.005966219504508901
2021-01-19,-0.0030891328756101786
2021-01-20,-0.0003315331753251212
2021-01-21,-0.0037652754357980836
2021-01-22,0.0012197219822246497
2021-01-25,0.0016608709809143483
2021-01-26,-0.002436877852775829
2021-01-27,0.005309196828380764
2021-01-28,-0.002098200104601342
2021-01-29,0.001325704413947183
2021-02-01,0.004845767364374155
2021-02-02,0.0019756379108075155
2021-02-03,-0.0008775143366304055
2021-02-04,0.004489424778644839
2021-02-05,-0.005367793625702383
2021-02-08,-0.0012089973403572323
2021-02-09,-0.005403308689452706
2021-02-10,-0.0007742900980358769
2021-02-11,0.000553077309414763
2021-02-12,0.000663407293342946
2021-02-16,0.0003314965319752256
2021-02-17,0.004849505968666421
2021-02-18,-0.003966080153793787
2021-02-19,-0.002542092901632561
2021-02-22,-0.003880899352217214
2021-02-23,0.001775958202869379
2021-02-24,0.00011091917189185196
2021-02-25,-0.0005546342822547459
2021-02-26,0.008836940999226028
2021-03-01,0.0012089973403573277
2021-03-02,-0.002749822966663785
2021-03-03,0.0017607139422175999
2021-03-04,0.0074488275925241945
2021-03-05,0.003812499605701192
2021-03-08,0.003581252946033692
2021-03-09,-0.0037987616148852333
2021-03-10,-0.0018503207341171804
2021-03-11,-0.004039116330591091
2021-03-12,0.0028400034205757637
2021-03-15,0.001634805269908301
2021-03-16,0.0004355026147282135
2021-03-17,-0.00512906902515026
2021-03-18,0.004911299893786582
2021-03-19,0.0007618185720016525
2021-03-22,-0.001306282750416477
2021-03-23,0.0058650465498778625
2021-03-24,0.0020555256485557784
2021-03-25,0.0037754047499120994
2021-03-26,-0.0011850323387107644
2021-03-29,0.0018308744458312438
2021-03-30,0.003865990636925039
2021-03-31,-0.0007505462467723903
2021-04-01,-0.0032230694624324537
2021-04-05,-0.0035573996792200506
2021-04-06,-0.002811747754088444
2021-04-07,0.0012987312383333544
2021-04-08,-0.0043355967888385
2021-04-09,0.0010857248146441691
2021-04-12,-0.00021708380041506674
2021-04-13,-0.0031523578351867953
2021-04-14,-0.0017434463598541732
2021-04-15,-0.0002181966892856798
2021-04-16,-0.001200683579453269
2021-04-19,-0.005366030191090142
2021-04-20,0.0018649357741515197
2021-04-21,-0.0008771294530661436
2021-04-22,0.0018630962025528643
2021-04-23,-0.005159473703611282
2021-04-26,-0.0005504822317883477
2021-04-27,0.0011006615996028458
2021-04-28,-0.0033054574465683894
2021-04-29,0.0
2021-04-30,0.007367103210650321
2021-05-03,-0.003621820770754076
2021-05-04,0.0037313911958753746
2021-05-05,0.00021902128492277538
2021-05-06,-0.003950412480798082
2021-05-07,-0.007947868199300788
2021-05-10,-0.0002217276908914321
2021-05-11,-0.0007762650283509166
2021-05-12,0.006303584042597337
2021-05-13,0.0004408786110115878
2021-05-14,-0.004749556682382034
2021-05-17,-0.0011077709520344369
2021-05-18,-0.0052231181421554815
2021-05-19,0.0048905558788174585
2021-05-20,-0.0042222827484724775
2021-05-21,0.002335530075077542
2021-05-24,-0.0021128149491412614
2021-05-25,-0.0021173735008629168
2021-05-26,0.004452384082731797
2021-05-27,-0.0007777312096204108
2021-05-28,0.0006666395646189669
2021-06-01,-0.00222391893686749
2021-06-02,0.0007789428259739803
2021-06-03,0.006651892255236875
2021-06-04,-0.003985840214529354
2021-06-07,-0.00211008402207819
2021-06-08,0.0014442582490908809
2021-06-09,0.0004439613226216678
2021-06-10,-0.00044396132262167307
2021-06-11,0.005314402777517413
2021-06-14,-0.00044180381553857363
2021-06-15,0.00022096843932471071
2021-06-16,0.006495276249203503
2021-06-17,0.008305174501724853
2021-06-18,0.003693290774446161
2021-06-21,-0.004019808103027498
2021-06-22,-0.001416169424641615
2021-06-23,0.0007628147526204546
2021-06-24,0.00021780462745181454
2021-06-25,-0.00010893793377954368
2021-06-28,0.0007621503640877158
2021-06-29,0.0018485929045953247
2021-06-30,0.00422787098454316
2021-07-01,0.0017293133570677275
2021-07-02,-0.004003631528917665
2021-07-06,0.003463578348616495
2021-07-07,0.0009719352426031079
2021-07-08,-0.003027016141569704
2021-07-09,-0.002493397785878349
2021-07-12,0.001084900336228455
2021-07-13,0.005622207842502494
2021-07-14,-0.003672463958666739
2021-07-15,0.0022698931780359122
2021-07-16,0.0007554875203056658
2021-07-19,0.002155372601518178
2021-07-20,0.000860882769104438
2021-07-21,-0.0023691721102975303
2021-07-22,0.0007544290376617758
2021-07-23,0.0009691915436784198
2021-07-26,-0.0028023528682347702
2021-07-27,-0.002377364622267452
2021-07-28,-0.001190805124223257
2021-07-29,-0.004995113912144747
2021-07-30,0.0033689925974988775
2021-08-02,-0.0013027373071645913
2021-08-03,0.0003258434667547592
2021-08-04,0.0020612409097236274
2021-08-05,-0.0003251724075043607
2021-08-06,0.006052819876152756
2021-08-09,0.0016150086577248935
2021-08-10,0.0011827388465470963
2021-08-11,-0.0016130981128629257
2021-08-12,0.0013981959816719556
2021-08-13,-0.005604716970647877
2021-08-16,0.0011882325349199946
2021-08-17,0.005383303426822316
2021-08-18,0.00010739395952473966
2021-08-19,0.004606085025175294
2021-08-20,-0.0007483797317099128
2021-08-23,-0.005792153039656248
2021-08-24,-0.0007532924262474436
2021-08-25,-0.0006461076920804238
2021-08-26,0.0024745370450904103
2021-08-27,-0.003983801954528375
2021-08-30,-0.00043164902656945344
2021-08-31,-0.00021593558582103445
2021-09-01,-0.0019451087915149806
2021-09-02,-0.00238243117827191
2021-09-03,-0.002062218530817531
2021-09-07,0.005201525965684434
2021-09-08,0.0014041681207409436
2021-09-09,-0.001836527977560789
2021-09-10,0.0010807141581155692
2021-09-13,0.00043197532570908435
2021-09-14,0.0003238384937360811
2021-09-15,-0.0017284617313619013
2021-09-16,0.003992481695302197
2021-09-17,0.003654699782772291
2021-09-20,0.00042910230909895726
2021-09-21,-0.0004291023090990229
2021-09-22,0.002785838528990561
2021-09-23,-0.0038593595830085066
2021-09-24,0.002467451303454375
2021-09-27,0.0005355409330335053
2021-09-28,0.00416777950204647
2021-09-29,0.006060299406031902
2021-09-30,-0.0009544127097906373
2021-10-01,-0.0022305929207415798
2021-10-04,-0.0024487992945298764
2021-10-05,0.001810595281479932
2021-10-06,0.003080940403953685
2021-10-07,-0.0005304835705060195
2021-10-08,-0.0015933034880511287
2021-10-11,0.0026540702538542737
2021-10-12,0.0021181638095369793
2021-10-13,-0.004665913190058471
2021-10-14,-0.001276353566144664
2021-10-15,-0.00021284345906875498
2021-10-18,0.00010638678884283328
2021-10-19,-0.0017044430943799318
2021-10-20,-0.0024553346608808483
2021-10-21,0.002242024010452385
2021-10-22,-0.0017077177280720903
2021-10-25,0.0021342122090419174
2021-10-26,0.001491259263838429
2021-10-27,-0.0009583765076287842
2021-10-28,-0.005448463227110494
2021-10-29,0.00821473939891801
2021-11-01,-0.0025532513143497375
2021-11-02,0.0022343903708122413
2021-11-03,-0.002447415228269999
2021-11-04,0.005206938772963419
2021-11-05,-0.0003180026484424563
2021-11-08,-0.0028666647982914274
2021-11-09,-0.0009574381483746513
2021-11-10,0.009427530246825844
2021-11-11,0.0034731586055271276
2021-11-12,-0.0005254905527815986
2021-11-15,0.002939084800136806
2021-11-16,0.005331058483243259
2021-11-17,-0.0009386841668716006
2021-11-18,-0.00303078991851706
2021-11-19,0.005532071700573137
2021-11-22,0.0044659190998912884
2021-11-23,-0.0001036544520456188
2021-11-24,0.003620740360880322
2021-11-26,-0.0077748800758427
2021-11-29,0.002598349011796134
2021-11-30,-0.00363956606900207
2021-12-01,0.0006249238664344374
2021-12-02,0.0008324925190247657
2021-12-03,-0.00010397406340636346
2021-12-06,0.0017670413174344897
2021-12-07,0.0008304976033663046
2021-12-08,-0.004993283563112237
2021-12-09,0.003955014119420443
2021-12-10,-0.00228778793272734
2021-12-13,0.0028070574049968754
2021-12-14,0.0025921524265177876
2021-12-15,-0.0006214787648215598
2021-12-16,-0.0048818711680303295
2021-12-17,0.005503349932851982
2021-12-20,-0.00020709033609644367
2021-12-21,-0.0006216865896843751
2021-12-22,-0.004258157063561704
2021-12-23,-0.0006247286873139679
2021-12-27,0.0007287460359134823
2021-12-28,0.001144111770673744
2021-12-29,-0.002810563937515839
2021-12-30,0.00041689333807850074
2021-12-31,-0.0031309047983704877
2022-01-03,0.0059402989187165
2022-01-04,0.0005194312906987
2022-01-05,-0.001039053214607986
2022-01-06,0.0006235456222880722
2022-01-07,-0.005312811516362239
2022-01-10,0.002607835469195086
2022-01-11,-0.0038619651988411473
2022-01-12,-0.006505140321344484
2022-01-13,-0.002212963477110414
2022-01-14,0.0040008187209907
2022-01-18,0.005867017180523348
2022-01-19,-0.0023007876117351906
2022-01-20,0.0024051852383221925
2022-01-21,-0.0010450254431677937
2022-01-24,0.0029233554215008957
2022-01-25,0.00031269901813458834
2022-01-26,0.0056121632448956965
2022-01-27,0.007948473046866394
2022-01-28,0.00010275543008731461
2022-01-31,-0.00753314265410261
2022-02-01,-0.0015549842519736819
2022-02-02,-0.004679433942635032
2022-02-03,-0.0058541374472642115
2022-02-04,0.0010479525552560794
2022-02-07,-0.0008382421803503835
2022-02-08,0.0025125417595850096
2022-02-09,-0.0015696286175007012
2022-02-10,0.0006281950342758991
2022-02-11,0.005531494204194163
2022-02-14,0.0030137815342469367
2022-02-15,-0.0039509812428535395
2022-02-16,-0.0030257305506146844
2022-02-17,0.0010444502622120751
2022-02-18,0.002502064053499768
2022-02-22,-0.00010415094762741463
2022-02-23,0.0016647976074093411
2022-02-24,0.009827803088777518
2022-02-25,-0.005367443081482192
2022-02-28,0.0009310127092420202
2022-03-01,0.007212112115519748
2022-03-02,-0.00020538267164137
2022-03-03,0.004098801980339983
2022-03-04,0.008755916249864687
2022-03-07,0.006466622330017505
2022-03-08,-0.002319167751884464
2022-03-09,-0.011064380697839504
2022-03-10,0.005496765736485601
2022-03-11,0.006173177477547135
2022-03-14,-0.0006055625161930736
2022-03-15,0.00010096539017436418
2022-03-16,-0.006989164455433316
2022-03-17,-0.003767967371965736
2022-03-18,0.00224216578386301
2022-03-21,0.002744846317045894
2022-03-22,-0.00010154968625342597
2022-03-23,0.0013191101543423302
2022-03-24,0.0017222856776596017
2022-03-25,0.00020239517499074362
2022-03-28,0.002829701614618768
2022-03-29,-0.006987671548294082
2022-03-30,-0.006218487878745843
2022-03-31,0.005303394858718424
2022-04-01,0.003249720573493351
2022-04-04,0.003643366232877342
2022-04-05,0.004837290084945272
2022-04-06,0.0013060458340874033
2022-04-07,0.0015049064994896637
2022-04-08,0.0005011581261806145
2022-04-11,0.001301730031439985
2022-04-12,0.0035960543013233825
2022-04-13,-0.004096560316163609
2022-04-14,0.004395635929833935
2022-04-18,0.004574837297311401
2022-04-19,0.0017844785847858184
2022-04-20,-0.005661795101053662
2022-04-21,0.0018908543251458386
2022-04-22,0.006342928897055712
2022-04-25,0.005222446476871968
2022-04-26,0.005390878466330695
2022-04-27,0.006333701041656429
2022-04-28,0.006486984062242926
2022-04-29,-0.006389833497131495
2022-05-02,0.0075471939352929965
2022-05-03,-0.0026060209165841316
2022-05-04,-0.00854130101144413
2022-05-05,0.011243732707740027
2022-05-06,-0.0008678110211619636
2022-05-09,-9.649448640132322e-05
2022-05-10,0.002601501139250629
2022-05-11,-0.0006738191134784396
2022-05-12,0.00958320716594217
2022-05-13,-0.0027696968283255044
2022-05-16,-0.003544867110290127
2022-05-17,-0.007998132916947438
2022-05-18,0.004344235747732309
2022-05-19,-0.010555429861684978
2022-05-20,0.004177402484633121
2022-05-23,-0.010427416776148505
2022-05-24,-0.002157510085405724
2022-05-25,0.001961524266019214
2022-05-26,-0.0022560775494814803
2022-05-27,-0.0015725178877736038
2022-05-31,0.0007865680454184721
2022-06-01,0.007831689954415202
2022-06-02,-0.007635182058772788
2022-06-03,0.0036290830255138835
2022-06-06,0.0029328699200116574
2022-06-07,-0.0011721308758476294
2022-06-08,0.0021478209960193377
2022-06-09,0.006609669262763562
2022-06-10,0.008969537810954704
2022-06-13,0.008889799884915986
2022-06-14,0.004178494353135296
2022-06-15,-0.00341744190996728
2022-06-16,-0.014656197993455643
2022-06-17,0.010272252036460785
2022-06-21,-0.002486321521762925
2022-06-22,-0.0023006671753256704
2022-06-23,0.002204893381994091
2022-06-24,-0.0023008145574139054
2022-06-27,-0.002402345787436545
2022-06-28,0.005468947977946237
2022-06-29,0.00572464559519891
2022-06-30,-0.004003800990449824
2022-07-01,0.00428916393456827
2022-07-05,0.0128521955633097
2022-07-06,0.005617978056987879
2022-07-07,0.0002800614301565808
2022-07-08,-0.001120716634809592
2022-07-11,0.009394056085966329
2022-07-12,0.0004627984034218187
2022-07-13,-0.0010183828216448385
2022-07-14,0.00535799740063118
2022-07-15,-0.004432171247331337
2022-07-18,-0.006405766796279031
2022-07-19,-0.006447136852099755
2022-07-20,0.0037425335775484662
2022-07-21,-0.0015888424724861694
2022-07-22,-0.001685080901090523
2022-07-25,-0.0023451067651711743
2022-07-26,0.006645777866585077
2022-07-27,-0.006927620808838823
2022-07-28,-0.0009398353724892211
2022-07-29,-0.004240260282498767
2022-08-01,-0.0042583890315847734
2022-08-02,0.0074637876360794395
2022-08-03,0.0025382318911604355
2022-08-04,-0.007728593390747095
2022-08-05,0.008760833034145493
2022-08-08,-0.0016896681086786434
2022-08-09,-0.0006578609618183475
2022-08-10,-0.01106033679008999
2022-08-11,-0.0010461802643627963
2022-08-12,0.005125304803016323
2022-08-15,0.008671991353024091
2022-08-16,-0.0004694020367021172
2022-08-17,0.000657058219766783
2022-08-18,0.008502771611143434
2022-08-19,0.006399231734243194
2022-08-22,0.008102473917945333
2022-08-23,-0.003950942739725914
2022-08-24,0.0005522094733157412
2022-08-25,-0.0019341390602106753
2022-08-26,0.0030377141651286737
2022-08-29,0.0003675177972352032
2022-08-30,-0.0006433500252420874
2022-08-31,-0.0006437641909649366
2022-09-01,0.00906646162845554
2022-09-02,-0.001459754489835148
2022-09-06,0.006189155205598967
2022-09-07,-0.0033629002770171786
2022-09-08,-0.001184215634893301
2022-09-09,-0.006492630255279525
2022-09-12,-0.00616574136910446
2022-09-13,0.013660518211814765
2022-09-14,-0.0014579557008275166
2022-09-15,0.0007292087935142861
2022-09-16,0.00018227127577511766
2022-09-19,-0.00018227127577513015
2022-09-20,0.004364467365699095
2022-09-21,0.0038033023097084587
2022-09-22,0.006396698159980396
2022-09-23,0.016389464213498177
2022-09-26,0.008007399281431156
2022-09-27,8.765730053012171e-05
2022-09-28,-0.013321198641120732
2022-09-29,-0.00311317553190382
2022-09-30,-0.0011587758289691957
2022-10-03,-0.003305517299716246
2022-10-04,-0.015147709230938796
2022-10-05,0.00904410616869055
2022-10-06,0.010656998111934142
2022-10-07,0.00479873757518458
2022-10-10,0.0030096184018033796
2022-10-11,0.0007068548698534303
2022-10-12,0.0008828328790661354
2022-10-13,-0.00850766460112135
2022-10-14,0.008419396178068988
2022-10-17,-0.011271445282878403
2022-10-18,0.0008029294148257124
2022-10-19,0.007551953631585036
2022-10-20,-0.0008855583970680282
2022-10-21,-0.0077371111172519986
2022-10-24,-0.00017860957601886166
2022-10-25,-0.009329940646513522
2022-10-26,-0.011330282410837927
2022-10-27,0.008080296510916771
2022-10-28,0.0007231477585397116
2022-10-31,0.007740818329862942
2022-11-01,-0.0004483693352041757
2022-11-02,-0.001166852726247293
2022-11-03,0.014089780437994661
2022-11-04,-0.018319649767092237
2022-11-07,-0.006877805454706664
2022-11-08,-0.004550840542671772
2022-11-09,0.008448070235228642
2022-11-10,-0.02139415978577811
2022-11-11,-0.017902558963927975
2022-11-14,0.003475023347901319
2022-11-15,-0.002440648258365769
2022-11-16,-0.001128481842625985
2022-11-17,0.0038503466806623084
2022-11-18,0.0022469615359948184
2022-11-21,0.008474195582724574
2022-11-22,-0.005765803420843452
2022-11-23,-0.010689266085797716
2022-11-25,-0.0011318879350677698
2022-11-28,0.006772046410920948
2022-11-29,0.0013114698802291762
2022-11-30,-0.008177916144155122
2022-12-01,-0.0115816140722804
2022-12-02,-0.001720186774172561
2022-12-05,0.007053001499860474
2022-12-06,0.0027505201743272616
2022-12-07,-0.004556713373735436
2022-12-08,-0.0031448240406603246
2022-12-09,0.00038172456455525525
2022-12-12,0.003048489573713823
2022-12-13,-0.010999048222175697
2022-12-14,-0.0020217259725492077
2022-12-15,0.007584166699197067
2022-12-16,0.0013380427622182729
2022-12-19,0.0001910445296217565
2022-12-20,-0.007187725527677756
2022-12-21,0.0018258058879629148
2022-12-22,0.0025887797949984497
2022-12-23,-0.0011497821311719622
2022-12-27,-0.0012470360362270992
2022-12-28,0.0026840389974125013
2022-12-29,-0.005952996554838216
2022-12-30,-0.003086419364217248
2023-01-03,0.009613610210076605
2023-01-04,-0.0025865478558809133
2023-01-05,0.007549378031617576
2023-01-06,-0.0111048783559313
2023-01-09,-0.00850737212496137
2023-01-10,0.0023273659288897074
2023-01-11,-0.0004843813715727915
2023-01-12,-0.009151177864041493
2023-01-13,-0.0004891470139514572
2023-01-17,0.001857397716719187
2023-01-18,-0.00029302837129696293
2023-01-19,-0.002935165539840638
2023-01-20,-0.0004899830787308928
2023-01-23,0.0012735466080506875
2023-01-24,-0.0021562413856149845
2023-01-25,-0.0027510214113156285
2023-01-26,0.0019657658427801013
2023-01-27,0.0008833878845851546
2023-01-30,0.003427832313775083
2023-01-31,-0.0017614282623960365
2023-02-01,-0.008656332379842169
2023-02-02,0.005222446476871968
2023-02-03,0.011433145299790698
2023-02-06,0.00677841827043934
2023-02-07,-0.0018353295526682863
2023-02-08,-0.0001933537298894013
2023-02-09,-0.0018390600635689357
2023-02-10,0.003964192145583165
2023-02-13,-0.0027055653288025135
2023-02-14,-0.0011617303671171057
2023-02-15,0.006661813746023905
2023-02-16,-0.000577510449646308
2023-02-17,0.0
2023-02-21,0.003076330953509202
2023-02-22,0.0039277345058649936
2023-02-23,9.562729084697131e-05
2023-02-24,0.0058148070752222026
2023-02-27,-0.005145817745095847
2023-02-28,0.0019089876634674223
2023-03-01,-0.003725816378627509
2023-03-02,0.005250314354224447
2023-03-03,-0.00486760347746891
2023-03-06,-0.0016277896342835392
2023-03-07,0.012097154382653161
2023-03-08,0.00037865311238121204
2023-03-09,-0.0033180681860797596
2023-03-10,-0.006956011940827523
2023-03-13,-0.009415031171813377
2023-03-14,0.0
2023-03-15,0.010084148375969637
2023-03-16,-0.002200253025863908
2023-03-17,-0.006822676673047995
2023-03-20,-0.004154799054848812
2023-03-21,-0.00019363457964795679
2023-03-22,-0.008851802940524948
2023-03-23,0.001757129577327853
2023-03-24,0.005737958489560089
2023-03-27,-0.0025245389851668615
2023-03-28,-0.004189204852776162
2023-03-29,0.002048072933051069
2023-03-30,-0.0048832991169928406
2023-03-31,0.003615960390688943
2023-04-03,-0.004105634325008149
2023-04-04,-0.004909672254020274
2023-04-05,0.0025560586356645873
2023-04-06,-0.00029458221420442513
2023-04-10,0.007436454334157374
2023-04-11,-0.0037113519021790297
2023-04-12,-0.006872849427117652
2023-04-13,-0.0048392554920466254
2023-04-14,0.00533177508837354
2023-04-17,0.005401392147505714
2023-04-18,-0.0034338859029701624
2023-04-19,0.0021598400246286317
2023-04-20,-0.0012757460576225028
2023-04-21,-0.00019637281272905612
2023-04-24,-0.004626687634511641
2023-04-25,0.005019469606052127
2023-04-26,-0.003836127127342896
2023-04-27,0.0002955981606630457
2023-04-28,0.0016734577954439752
2023-05-01,0.004710079923975026
2023-05-02,-0.0018617656726258914
2023-05-03,-0.0060994066177318855
2023-05-04,0.0005919422942949497
2023-05-05,-0.001875549050207397
2023-05-08,0.0015796593339410944
2023-05-09,0.0026599359579984596
2023-05-10,-0.0015753846360941081
2023-05-11,0.005699083903704872
2023-05-12,0.006056507260503907
2023-05-15,-0.0024377175472424643
2023-05-16,0.0012683279398937922
2023-05-17,0.0031152644246641497
2023-05-18,0.006781044881070237
2023-05-19,-0.0036754551972657174
2023-05-22,0.0
2023-05-23,0.0028061455620138486
2023-05-24,0.003857672169282226
2023-05-25,0.0030754440114669794
2023-05-26,0.0
2023-05-30,-0.00038392280013356805
2023-05-31,0.0014389328341666869
2023-06-01,-0.00731196394442447
2023-06-02,0.004432024764387413
2023-06-05,-0.00019225693155170475
2023-06-06,0.0012491930239595076
2023-06-07,-0.000288131202227627
2023-06-08,-0.007327473541548554
2023-06-09,0.002126643886980919
2023-06-12,0.0006757053838539431
2023-06-13,-0.0028023492708349413
2023-06-14,-0.0031983957878659926
2023-06-15,-0.008677472364774409
2023-06-16,0.0017610835201193752
2023-06-20,0.00234327249500934
2023-06-21,-0.0045941258585048515
2023-06-22,0.00313019620013928
2023-06-23,0.0049686120430801495
2023-06-26,-0.002042892684027928
2023-06-27,-0.0019495529845661155
2023-06-28,0.004089643433388721
2023-06-29,0.004169631988002177
2023-06-30,-0.004169631988002264
2023-07-03,0.0007770199620409859
2023-07-05,0.003682935755196144
2023-07-06,-0.0019367157864437802
2023-07-07,-0.008761753370652237
2023-07-10,-0.002937677646362029
2023-07-11,-0.0023563865432139302
2023-07-12,-0.011965598524406462
2023-07-13,-0.007489176001020683
2023-07-14,0.0014023141203172327
2023-07-17,-0.0007009494576735545
2023-07-18,0.0010011624034429384
2023-07-19,0.003396230772367105
2023-07-20,0.005965403313288791
2023-07-21,0.0018816786366872118
2023-07-24,0.002766514775348219
2023-07-25,0.0
2023-07-26,-0.0045490494718553
2023-07-27,0.008684523847732521
2023-07-28,-0.0014749390247942252
2023-07-31,0.0023589342549690515
2023-08-01,0.004310375340513245
2023-08-02,0.0028307236140326336
2023-08-03,-0.00048745111902339825
2023-08-04,-0.005084135693926122
2023-08-07,0.0002940795702704096
2023-08-08,0.004692507615797038
2023-08-09,-0.00039021477602060905
2023-08-10,0.00029265675152226225
2023-08-11,0.0031164780362246446
2023-08-14,0.003397625999040487
2023-08-15,0.00019376592035990066
2023-08-16,0.0020326105557280554
2023-08-17,0.0001934088027096891
2023-08-18,-0.0005802648656852326
2023-08-21,-0.00048372525334603947
2023-08-22,0.002223363361817772
2023-08-23,-0.0019330853691411304
2023-08-24,0.00598055930058945
2023-08-25,0.0009612465570264075
2023-08-28,-0.00019221939637929734
2023-08-29,-0.0049130150876944625
2023-08-30,-0.0037734008004793452
2023-08-31,0.004449171380475575
2023-09-01,0.0059655244302698725
2023-09-05,0.005453251565242906
2023-09-06,0.0004769690765724177
2023-09-07,0.0019054593225865462
2023-09-08,0.00028549874253551563
2023-09-11,-0.004960390338031698
2023-09-12,0.0013379148638041805
2023-09-13,0.0005728237679779794
2023-09-14,0.006090103684779919
2023-09-15,-0.0008542112781683579
2023-09-18,-0.001140060435999011
2023-09-19,0.0
2023-09-20,-0.00038023660865774264
2023-09-21,0.0019000285421893555
2023-09-22,0.002085913510251903
2023-09-25,0.003970117373779511
2023-09-26,0.002167492280471816
2023-09-27,0.00413335307925102
2023-09-28,-0.00422751298532157
2023-09-29,-0.0004708607074283352
2023-10-02,0.00685226652584993
2023-10-03,0.0009350021570161637
2023-10-04,-0.0018708793613008015
2023-10-05,-0.004410472217120931
2023-10-06,-0.002731092828867336
2023-10-09,0.000377153644008798
2023-10-10,-0.0023594932911438103
2023-10-11,-9.451581541042123e-05
2023-10-12,0.007062508777175011
2023-10-13,0.000750415855463118
2023-10-16,-0.0038517936041772755
2023-10-17,9.414218399375051e-05
2023-10-18,0.0030072355647203807
2023-10-19,-0.0030072355647205343
2023-10-20,-0.0008473832844427251
2023-10-23,-0.00585738786786636
2023-10-24,0.006892957143663121
2023-10-25,0.00244363036845258
2023-10-26,0.0006568732533501358
2023-10-27,-0.0003753135366989536
2023-10-30,-0.0041376287295944916
2023-10-31,0.005075684355487328
2023-11-01,0.002060444583647433
2023-11-02,-0.0071361289391347945
2023-11-03,-0.01041977890638448
2023-11-06,0.0019026316590922546
2023-11-07,0.0030366287481197666
2023-11-08,0.00047359848385494546
2023-11-09,0.003026076297065263
2023-11-10,-0.0004722392376471513
2023-11-13,-0.0018910457999477405
2023-11-14,-0.01477838804631668
2023-11-15,0.002685841224141987
2023-11-16,-0.00019157542558862563
2023-11-17,-0.005283676688166168
2023-11-20,-0.003376900045101037
2023-11-21,0.0011590373035398362
2023-11-22,0.0031805900244435636
2023-11-24,-0.005016377911117127
2023-11-27,-0.001936153355212706
2023-11-28,-0.004369970099821316
2023-11-29,0.00019459559610863271
2023-11-30,0.007078163732971052
2023-12-01,-0.0022247275284891246
2023-12-04,0.0035764646278238603
2023-12-05,0.0039482323646085945
2023-12-06,0.0009606001883952166
2023-12-07,-0.005874162041749789
2023-12-08,0.004529048587731384
2023-12-11,0.0008648920593603039
2023-12-12,-0.0022118172808891644
2023-12-13,-0.009674061839733645
2023-12-14,-0.008885511313846623
2023-12-15,0.0057699437484844745
2023-12-18,-0.00039013864256993644
2023-12-19,-0.0033223009528647574
2023-12-20,0.0023463251649554363
2023-12-21,-0.0055814815569299354
2023-12-22,-0.0013756452426480304
2023-12-26,-0.002264072725883453
2023-12-27,-0.004741719435604707
2023-12-28,0.002373707886535536
2023-12-29,0.0009873467583291684
2024-01-02,0.008549112378520523
2024-01-03,0.002540821666635359
2024-01-04,-0.0003904814190926662
2024-01-05,-9.758830986204218e-05
2024-01-08,-0.0019548884629722978
2024-01-09,0.0035159779603586554
2024-01-10,-0.0020494720896451044
2024-01-11,-0.0006840918351543993
2024-01-12,0.001074802087341216
2024-01-16,0.009331318432827333
2024-01-17,0.0008703287523220105
2024-01-18,0.0008696456242949234
2024-01-19,-0.0024174454338117316
2024-01-22,0.0003871930645179271
2024-01-23,0.002802619946215392
2024-01-24,-0.003674033734409057
2024-01-25,0.0031913554956967557
2024-01-26,-0.0009659822397101762
2024-01-29,0.001352128740004161
2024-01-30,-0.002028879323138098
2024-01-31,-0.0012580916544433322
2024-02-01,-0.0021325482261263158
2024-02-02,0.008407017791686767
2024-02-05,0.005087104042675575
2024-02-06,-0.0025882835388126735
2024-02-07,-0.0013447258661442025
2024-02-08,0.0010567329775487348
2024-02-09,-0.0006723305607506835
2024-02-12,0.0008643106217829481
2024-02-13,0.007555154054353228
2024-02-14,-0.0022891832146745552
2024-02-15,-0.004018741992324071
2024-02-16,-0.00019181390686223755
2024-02-20,-0.001919725562275209
2024-02-21,-0.0006727828932676143
2024-02-22,-0.0004808679369894253
2024-02-23,-0.0001923678978480697
2024-02-26,-0.0010588691184226502
2024-02-27,0.0
2024-02-28,0.0014436412895011811
2024-02-29,0.0017296083787732286
2024-03-01,-0.002884369325909828
2024-03-04,-0.0002888803423647147
2024-03-05,-0.00028896381833204253
2024-03-06,-0.004151188981361151
2024-03-07,-0.005334927491490937
2024-03-08,-0.0007783794127662577
2024-03-11,0.001264577595948008
2024-03-12,0.0008744725533212923
2024-03-13,-0.001652473464197943
2024-03-14,0.005529965007790918
2024-03-15,0.0006770124008702463
2024-03-18,0.0014492203331648618
2024-03-19,0.0022180030136969703
2024-03-20,-0.0038605770767512954
2024-03-21,0.0056891945309959875
2024-03-22,0.004126094272384448
2024-03-25,-0.00191696545554607
2024-03-26,0.0005754609535789789
2024-03-27,0.0005751299887180655
2024-03-28,0.001914836163591765
2024-04-01,0.004485321180905204
2024-04-02,-0.001906185782411976
2024-04-03,-0.005452729783682321
2024-04-04,-0.0012477541735412166
2024-04-05,0.0017272847607795903
2024-04-08,-0.001535249392271677
2024-04-09,9.604048388484259e-05
2024-04-10,0.010506290204728382
2024-04-11,0.00028498341969159397
2024-04-12,0.007192934072434546
2024-04-15,0.0016018676588580145
2024-04-16,0.0004706834131283424
2024-04-17,-0.0029216852160503983
2024-04-18,0.001885946613454383
2024-04-19,0.0
2024-04-22,-0.0006596588253816183
2024-04-23,-0.0036832395776800484
2024-04-24,0.0016071680745443683
2024-04-25,-0.0024591153729399125
2024-04-26,0.003214562339009175
2024-04-29,-0.00340394242327154
2024-04-30,0.006043449748180808
2024-05-01,-0.004340030184241663
2024-05-02,-0.004358948180741739
2024-05-03,-0.002567436109224526
2024-05-06,0.00019044432927504588
2024-05-07,0.003421086667136307
2024-05-08,0.001327260198568957
2024-05-09,-0.003036340553602466
2024-05-10,0.0007598955558242859
2024-05-13,-0.0008549503053652182
2024-05-14,-0.001997803843080901
2024-05-15,-0.006304985160508351
2024-05-16,0.001053595343262585
2024-05-17,-9.575545859993252e-05
2024-05-20,0.0011482419069391472
2024-05-21,0.0008603352424861966
2024-05-22,0.002671745588751682
2024-05-23,0.0016186451187040834
2024-05-24,-0.0037172933835784216
2024-05-28,-0.0010509780682607466
2024-05-29,0.004673108174339602
2024-05-30,-0.0036221301060789537
2024-05-31,-0.00047760688527704177
2024-06-03,-0.005076384499318713
2024-06-04,-0.0002881035246518874
2024-06-05,0.0015356182576500479
2024-06-06,-0.0016316956437711864
2024-06-07,0.007560215191439793
2024-06-10,0.0024757405056136084
2024-06-11,0.0007605459934801095
2024-06-12,-0.0055269991808469445
2024-06-13,0.005241807821713123
2024-06-14,0.003321531912736334
2024-06-17,-0.002181471476737344
2024-06-18,-0.0005698315100724346
2024-06-20,0.0031301349156411073
2024-06-21,0.0019869131327182963
2024-06-24,-0.003123984406330726
2024-06-25,0.001326505675220534
2024-06-26,0.004157640249605154
2024-06-27,-0.0013209983541480016
2024-06-28,-0.00037775913488106576
2024-07-01,0.0002833147177817514
2024-07-02,-0.0017011657333817745
2024-07-03,-0.003031450698364612
2024-07-05,-0.004945837316700313
2024-07-08,0.0012387907934254191
2024-07-09,0.0010469768033470517
2024-07-10,-0.0006661245228280181
2024-07-11,-0.005823689134446796
2024-07-12,-0.00335689286185645
2024-07-15,0.0009603045111108622
2024-07-16,0.0007674777505324555
2024-07-17,-0.0049994974960680914
2024-07-18,0.004040003307987049
2024-07-19,0.002205527645441811
2024-07-22,-0.0008624787816513865
2024-07-23,0.0013412475025854679
2024-07-24,-0.0005745792118030661
2024-07-25,-0.0002874134563198047
2024-07-26,-0.0003833708640863391
2024-07-29,0.0022979507136717497
2024-07-30,-9.559090253338395e-05
2024-07-31,-0.004313494100995363
2024-08-01,0.0030692494838229197
2024-08-02,-0.011655471739614932
2024-08-05,-0.005050973722581391
2024-08-06,0.002722930538867963
2024-08-07,0.002231127952566383
2024-08-08,9.691523114725435e-05
2024-08-09,-0.0006784560021994059
2024-08-12,0.0
2024-08-13,-0.0056393133374165174
2024-08-14,9.751997633030728e-05
2024-08-15,0.003989337871885919
2024-08-16,-0.0050623576403176105
2024-08-19,-0.005578675579700073
2024-08-20,-0.004426279239488796
2024-08-21,-0.003951027653131888
2024-08-22,0.00464084973759752
2024-08-23,-0.007812934985011172
2024-08-26,0.0012898474141776791
2024-08-27,-0.002979102700727993
2024-08-28,0.005356026370427454
2024-08-29,0.0024699909711655365
2024-08-30,0.003546109136159048
2024-09-03,0.001277501117997129
2024-09-04,-0.004626232130554466
2024-09-05,-0.0024695028946871414
2024-09-06,0.0006920727401390275
2024-09-09,0.0036502061982117153
2024-09-10,0.0007874220461980366
2024-09-11,0.0004918897581669893
2024-09-12,-0.003053413393602141
2024-09-13,-0.0025681773491138178
2024-09-16,-0.003467566454233105
2024-09-17,0.0012893356850294626
2024-09-18,-0.0028785658727580672
2024-09-19,9.941987261286984e-05
2024-09-20,0.001092739485391407
2024-09-23,0.0019837037733707805
2024-09-24,-0.00546472043895139
2024-09-25,0.005464720438951408
2024-09-26,-0.003573565625344722
2024-09-27,-0.0013931676312915248
2024-09-30,0.0035785387673035155
2024-10-01,0.004060050728721441
2024-10-02,0.00483066801391389
2024-10-03,0.0030441184344031434
2024-10-04,0.005183120434750279
2024-10-07,0.00019510653235701533
2024-10-08,9.753899307532961e-05
2024-10-09,0.0036986342262349922
2024-10-10,0.0005827268922401394
2024-10-11,-0.0009714249399544881
2024-10-14,0.0039769552126221125
2024-10-15,-0.0003873055288797857
2024-10-16,0.0031906645786690287
2024-10-17,0.0023141992324326294
2024-10-18,-0.0032799949123049964
2024-10-21,0.00501209986556509
2024-10-22,0.0006727828932675225
2024-10-23,0.003357141616745338
2024-10-24,-0.003549361013124531
2024-10-25,0.0019201674287809163
2024-10-28,0.0005752954235479461
2024-10-29,-0.0003835178936744607
2024-10-30,-0.0027848572297986805
2024-10-31,-9.611488950296706e-05
2024-11-01,0.0028809721193016552
2024-11-04,-0.0037469361518257123
2024-11-05,-0.004534291944420711
2024-11-06,0.016018741767101052
2024-11-07,-0.005534309983288607
2024-11-08,0.0046775691106705096
2024-11-11,0.005129686494693812
2024-11-12,0.004537687244231887
2024-11-13,0.004329481716830417
2024-11-14,0.0017827338585106808
2024-11-15,0.0001875166147575576
2024-11-18,-0.0038503466806624215
2024-11-19,-0.0006588516924100278
2024-11-20,0.004415444461003719
2024-11-21,0.0027147305552004653
2024-11-22,0.004849367381532416
2024-11-25,-0.006252628056503761
2024-11-26,0.0017771359471066138
2024-11-27,-0.008728764303188913
2024-11-29,-0.003210313093993173
2024-12-02,0.006692132066393191
2024-12-03,-0.000751754586431302
2024-12-04,-0.0002821344461435649
2024-12-05,-0.0059419865186241755
2024-12-06,0.0024565595862451857
2024-12-09,0.0016971558179353912
2024-12-10,0.002352388724503724
2024-12-11,0.0029092748003790225
2024-12-12,0.0023400581852674692
2024-12-13,0.00037391022774861226
2024-12-16,-0.0013092622205874702
2024-12-17,0.0009353519928387434
2024-12-18,0.009954030795068042
2024-12-19,0.0035114144241547456
2024-12-20,-0.007313839870995534
2024-12-23,0.0038950078159964195
2024-12-24,0.002034223702858206
2024-12-26,-0.0012015795445341668
2024-12-27,-0.0012029544324855751
2024-12-30,0.0012029544324855157
2024-12-31,0.0033238015870788733
2025-01-02,0.008261489408323308
2025-01-03,-0.004030439172105972
2025-01-06,-0.006353272278761988
2025-01-07,0.002583015968949772
2025-01-08,0.005054418969859988
2025-01-09,0.000824703108724359
2025-01-10,0.004295589631027971
2025-01-13,0.002823166191240025
2025-01-14,-0.0062948021098447925
2025-01-15,-0.0016486568211475621
2025-01-16,-0.0011923620412638027
2025-01-17,0.003572899169909148
2025-01-21,-0.011867127345836607
2025-01-22,0.0010174408917753878
2025-01-23,-0.0011099355177977988
2025-01-24,-0.00566153625841495
2025-01-27,-0.0009312423066507188
2025-01-28,0.00492549121753131
2025-01-29,0.0012044032749184798
2025-01-30,-0.001853540339881615
2025-01-31,0.005273636495052322
2025-02-03,0.005704792021586921
2025-02-04,-0.00949533563141918
2025-02-05,-0.0035260058040610933
2025-02-06,0.0010219781459791803
2025-02-07,0.003244785386905343
2025-02-10,0.002588268948229605
2025-02-11,-0.003329026677052903
2025-02-12,-0.00018523986088243266
2025-02-13,-0.0058537206206066205
2025-02-14,-0.006919775818822242
2025-02-18,0.004494000174224441
2025-02-19,0.001120298095918986
2025-02-20,-0.007774868000939309
2025-02-21,0.002535848049020328
2025-02-24,-9.382426978808298e-05
2025-02-25,-0.0027241660821422085
2025-02-26,0.0010341806267557525
2025-02-27,0.007675781485371539
2025-02-28,0.003444292436517912
2025-03-03,-0.008023933775452064
2025-03-04,-0.00950642150410136
2025-03-05,0.0
2025-03-06,-0.016015598204000028
2025-03-07,-0.0021164147117002097
2025-03-10,0.0006739574187112884
2025-03-11,-0.00453341704189341
2025-03-12,0.0016420980887657981
2025-03-13,0.0021211077959679683
2025-03-14,-0.0010599915108042153
2025-03-17,-0.0033801612888890308
2025-03-18,-0.0012584569922655913
2025-03-19,0.0018387041817408138
2025-03-20,0.004052477288750489
2025-03-21,0.0023083387162157326
2025-03-24,0.0016319254841812877
2025-03-25,-0.0007676245830555696
2025-03-26,0.003545279817741976
2025-03-27,-0.004601708346740648
2025-03-28,-0.00028829733714552295
2025-03-31,0.001632635838714539
2025-04-01,0.0004797146104852751
2025-04-02,-0.004325518142285579
2025-04-03,-0.01690343226158858
2025-04-04,0.009264262126638117
2025-04-07,0.002326988587205086
2025-04-08,-0.0029095457435796713
2025-04-09,-0.0005828967270440143
2025-04-10,-0.019925071373086668
2025-04-11,-0.010864836096726943
2025-04-14,-0.0014040659305332658
2025-04-15,0.00580409744340135
2025-04-16,-0.008416923174809922
2025-04-17,0.0
2025-04-21,-0.011130323304691825
2025-04-22,0.006490888910443837
2025-04-23,0.009257443798579927
2025-04-24,-0.00552399767509208
2025-04-25,0.001811233170152248
2025-04-28,-0.004635226726066582
2025-04-29,0.002320260587369365
2025-04-30,0.002314966138697308
2025-05-01,0.00781096275028283
2025-05-02,-0.0024968801985871545
2025-05-05,-0.0017014282980299447
2025-05-06,-0.005927620392362942
2025-05-07,0.0037214299867884006
2025-05-08,0.01028721960294191
2025-05-09,-0.002985404328326501
2025-05-12,0.014347493899422074
2025-05-13,-0.007791359617264837
2025-05-14,0.00039597026201491843
2025-05-15,-0.001584822672840023
2025-05-16,0.0020795085093034274
2025-05-19,-0.006550202495798609
2025-05-20,-0.0030914764474651068
2025-05-21,-0.005609041019042132
2025-05-22,0.0040096438303826925
2025-05-23,-0.008539746230872808
2025-05-26,-0.0018178181570457912
2025-05-27,0.005946062839726759
2025-05-28,0.0036108426531303267
2025-05-29,-0.006025309311960788
2025-05-30,0.0005035300605269822
2025-06-02,-0.006362743141416125
2025-06-03,0.005557004047396422
2025-06-04,-0.004645525243508145
2025-06-05,-0.0005062831279795834
2025-06-06,0.004547116175521301
2025-06-09,-0.002523596896147004
2025-06-10,0.001111173479648963
2025-06-11,-0.004249356836262151
2025-06-12,-0.007224647054053646
2025-06-13,0.00265173167371636
2025-06-16,-0.0018350530676638712
2025-06-17,0.008332531658833468
2025-06-18,0.0009103724470059521
2025-06-20,-0.002024133621534633
2025-06-23,-0.0029422323215426674
2025-06-24,-0.005706124735369356
2025-06-25,-0.0018410591712752086
2025-06-26,-0.00544064139681836
2025-06-27,0.0025700347847261887
2025-06-30,-0.0053531554201120286
2025-07-01,-0.0006194895349279624
2025-07-02,-0.0004132326075602726
2025-07-03,0.004124583366074667
2025-07-07,0.0030823310760854585
2025-07-08,0.00030769556067941503
2025-07-09,-0.0004103078818324033
2025-07-10,0.0018450220756838643
2025-07-11,0.0020460052993358695
2025-07-14,0.002347812608868964
2025-07-15,0.0054906177892393776
2025-07-16,-0.0023349419718482222
2025-07-17,0.0034497189502243992
2025-07-18,-0.0025353696608453294
2025-07-21,-0.006417837715639151
2025-07-22,-0.004712148542002449
2025-07-23,-0.00184995229108039
2025-07-24,0.0017472451348277392
2025-07-25,0.002768850398919155
2025-07-28,0.010289959975385099
2025-07-29,0.0025307498523383116
2025-07-30,0.010359647568367186
2025-07-31,0.0009000984489406349
2025-08-01,-0.01348647987167153
2025-08-04,0.0009114938326347447
2025-08-05,0.0
2025-08-06,-0.006092611016446497
2025-08-07,0.0022382878268711326
2025-08-08,-0.0022382878268711833
2025-08-11,0.003457007440475086
2025-08-12,-0.004272188161714821
2025-08-13,-0.002653897067652444
2025-08-14,0.004181796800026985
2025-08-15,-0.004079572501346859
2025-08-18,0.00326497280452983
2025-08-19,0.001018107161472012
2025-08-20,-0.0005088851746730002
2025-08-21,0.004064235606779435
2025-08-22,-0.009167849764747094
2025-08-25,0.007239379860169711
2025-08-26,-0.002033936880557363
2025-08-27,0.0
2025-08-28,-0.004284905519297913
2025-08-29,-0.00040904915912666473
2025-09-02,0.00642307238253446
2025-09-03,-0.002645795122542308
2025-09-04,0.002137504877720227
2025-09-05,-0.005914782137712255
2025-09-08,-0.0032783525451430197
2025-09-09,0.0034829370489315808
2025-09-10,-0.00010228702004190965
2025-09-11,-0.0024574849982395976
2025-09-12,0.00010253868507699651
2025-09-15,-0.002566077796780523
2025-09-16,-0.006909796968858478
2025-09-17,0.0024806782040533468
2025-09-18,0.004942814352483446
2025-09-19,0.002974523129664807
2025-09-22,-0.0031799540224671263
2025-09-23,-0.0007194583114909327
2025-09-24,0.006252268561541021
2025-09-25,0.006923969064020212
2025-09-26,-0.00406712829645509
2025-09-29,-0.002448209500075601
2025-09-30,-0.001430979586219124
2025-10-01,-0.0006138485961637263
2025-10-02,0.0014317796616148805
2025-10-03,-0.0013294193666388184
2025-10-06,0.00398304551500883
2025-10-07,0.004779115455139772
2025-10-08,0.0027351143287856552
2025-10-09,0.006956048447671245
2025-10-10,-0.005641739188979238
2025-10-13,0.0029255333464246066
2025-10-14,-0.0022185728306005847
2025-10-15,-0.002628409631043551
2025-10-16,-0.004057227649507828
2025-10-17,0.0004064720672707441
2025-10-20,0.0016241607005587312
2025-10-21,0.0034427329777827467
2025-10-22,-0.00030327836272713623
2025-10-23,0.0004043764180174248
2025-10-24,0.00010101073197491472
2025-10-27,-0.0017194984524789793
2025-10-28,-0.0009114938326348074
2025-10-29,0.005355970253849773
2025-10-30,0.00311947481739951
2025-10-31,0.0027091199028566174
2025-11-03,0.0007011538604617659
2025-11-04,0.003498413955198091
2025-11-05,-0.0001996235177140679
2025-11-06,-0.004701590120104617
2025-11-07,-0.0013044188035114378
2025-11-10,0.00020082594524243618
2025-11-11,-0.0016074311341133444
2025-11-12,0.00020110859840013023
2025-11-13,-0.0030202685420353567
2025-11-14,0.0009069926474588239
2025-11-17,0.0032183443862534504
2025-11-18,-0.00040166000595633875
2025-11-19,0.006807517363345193
2025-11-20,-0.0006986346146965667
2025-11-21,0.00019962706136399537
2025-11-24,-0.0003993701689292362
2025-11-25,-0.004804771207528
2025-11-26,-0.0006022803288050176
2025-11-28,-0.001406605188870993
2025-12-01,-0.0005027950191184382
2025-12-02,-0.0005031247344953009
2025-12-03,-0.005146090147679137
2025-12-04,0.0014152791711311394
2025-12-05,0.0
2025-12-08,0.0010096777619507662
2025-12-09,0.0013111280624961959
2025-12-10,-0.004343224852105771
2025-12-11,-0.0044638650035066525
2025-12-12,0.0005082902448220087
2025-12-15,-0.002543883296239742
2025-12-16,0.0
2025-12-17,0.0022389711767302712
2025-12-18,0.0006097312959568807
2025-12-19,0.001725607391589653
2025-12-22,-0.0031489442400540555
2025-12-23,-0.003567230691348714
2025-12-24,0.00040833927010335686
2025-12-26,0.000408094762120937
2025-12-29,0.00020406276425030386
2025-12-30,0.002037874655599212
2025-12-31,0.00040709257849640764
2026-01-02,0.0014234816010223847
2026-01-05,-0.0015252586193083848
2026-01-06,0.003149661637507837
2026-01-07,0.001013874902202199
2026-01-08,0.0025302376661600922
2026-01-09,0.002019559918039706
2026-01-12,-0.0027273782852244126
2026-01-13,0.002727378285224404
2026-01-14,0.0
2026-01-15,0.0019148652293783496
2026-01-16,0.000704541271624515
2026-01-20,-0.007574646170517677
2026-01-21,0.0012158334390808274
2026-01-22,-0.004058462554227607
2026-01-23,-0.007756745768232539
2026-01-26,-0.005754203714711162
2026-01-27,-0.008486025112438676
2026-01-28,0.0023874587530184044
2026-01-29,-0.0017641074747170135
2026-01-30,0.00734725814399296
2026-02-02,0.0063720950596490725
2026-02-03,-0.0017431244227656569
2026-02-04,0.0018455895773753915
2026-02-05,0.002046633396997335
2026-02-06,-0.0019442568864246413
2026-02-09,-0.008331213745460569
2026-02-10,-0.0002065555506026158
2026-02-11,0.00030985672447881836
2026-02-12,0.0010321891194974397
2026-02-13,-0.0005160007584456148
2026-02-17,0.0028860709310192215
2026-02-18,0.005542385987225995
2026-02-19,0.002351413036237314
2026-02-20,-0.00132833260412881
2026-02-23,-0.0010230804321085239
2026-02-24,0.0018406827010329107
2026-02-25,-0.001840682701032965
2026-02-26,0.0009208038736310302
2026-02-27,-0.0018423782465261309
2026-03-02,0.007857550009264892
2026-03-03,0.006787300505735298
2026-03-04,-0.002830923022180618
2026-03-05,0.0055530766346594575
2026-03-06,-0.003328144215863656
2026-03-09,0.0019175707865264793
2026-03-10,-0.0035351632225681076
2026-03-11,0.004039200840566423
2026-03-12,0.0051263569440097275
2026-03-13,0.006196948879858502
2026-03-16,-0.00649776392104277
2026-03-17,-0.0013046040569885684
2026-03-18,0.005108385040950413
2026-03-19,-0.008629322886787194
2026-03-20,0.004223640215210761
2026-03-23,-0.007049420764024754
2026-03-24,0.004839240854073393
2026-03-25,0.001708267209248284
2026-03-26,0.0030075516580878097
2026-03-27,0.0024993764191914153
2026-03-30,0.003588168942795709
