Date,target
2005-02-01,0.008530236069062305
2005-02-02,0.0031554202891580173
2005-02-03,-0.0010341341508167741
2005-02-04,0.015500040175302935
2005-02-07,0.003148856245457512
2005-02-08,0.0019328748908907037
2005-02-09,-0.0032391849178612267
2005-02-10,0.004830956427337117
2005-02-11,0.009689243551761702
2005-02-14,0.007134027464909563
2005-02-15,0.00236699134714235
2005-02-16,-0.003077965508399095
2005-02-17,-0.0016614466998324173
2005-02-18,0.01222890141362866
2005-02-22,-0.003667090793360611
2005-02-23,0.004605393937531268
2005-02-24,0.015399349616461003
2005-02-25,0.01825360759977345
2005-02-28,-0.0016789069115350276
2005-03-01,0.0028115017513962513
2005-03-02,-0.01661956022882501
2005-03-03,0.0027584084119190925
2005-03-04,0.011866546312690567
2005-03-07,0.006557603816508119
2005-03-08,-0.007646947173297233
2005-03-09,-0.005739439710642434
2005-03-10,-0.00963970883275044
2005-03-11,-0.0056433797035593996
2005-03-14,-0.007683043529639058
2005-03-15,-0.02522995481550635
2005-03-16,-0.008521448372366137
2005-03-17,0.018062828567631056
2005-03-18,-0.0045209636956954884
2005-03-21,-0.014558109431115008
2005-03-22,-0.01866080333726772
2005-03-23,-0.01275402027898301
2005-03-24,-0.0010990725272458802
2005-03-28,0.006875742656508437
2005-03-29,-0.02621017843660581
2005-03-30,0.02252933752486916
2005-03-31,0.010658191061457128
2005-04-01,0.005899778661876824
2005-04-04,0.0022033460316421972
2005-04-05,-0.0002447615051326264
2005-04-06,0.013605932262181947
2005-04-07,0.010036339188211426
2005-04-08,-0.004741848583170963
2005-04-11,-0.009647749410429103
2005-04-12,0.012524473859623964
2005-04-13,-0.020114588172399146
2005-04-14,-0.02592737897536511
2005-04-15,-0.021276944395148316
2005-04-18,0.01175848005221255
2005-04-19,0.016611425966506416
2005-04-20,-0.023874033566936542
2005-04-21,0.028392468372997567
2005-04-22,-0.011109979863274428
2005-04-25,0.018760684568154027
2005-04-26,-0.01027959019574522
2005-04-27,-0.009082706392113811
2005-04-28,-0.016069681090079384
2005-04-29,0.020022204574625745
2005-05-02,0.006619530544049005
2005-05-03,-0.0009431821001899098
2005-05-04,0.026893199355860847
2005-05-05,0.005254097708909863
2005-05-06,0.0026890879334297312
2005-05-09,0.0009101534644611576
2005-05-10,-0.022724187083406202
2005-05-11,0.00464545205279155
2005-05-12,-0.017221062158652066
2005-05-13,-0.010325817801931663
2005-05-16,0.011813688487935053
2005-05-17,0.0002479145778787372
2005-05-18,0.01971956512588929
2005-05-19,0.003636491842004325
2005-05-20,-0.002519941030653722
2005-05-23,0.0032942409457768535
2005-05-24,-0.002905880607741037
2005-05-25,-0.007204594129703346
2005-05-26,0.011173835261439127
2005-05-27,0.006740058488136877
2005-05-31,-0.00867433489298532
2005-06-01,0.01174099846029563
2005-06-02,0.007577541954819394
2005-06-03,-0.005188508727800901
2005-06-06,0.010019321814354214
2005-06-07,-0.004973664409127383
2005-06-08,-0.0038055472204583836
2005-06-09,0.005229235394890495
2005-06-10,0.00284106267774152
2005-06-13,0.003963298353811813
2005-06-14,0.004089143403686578
2005-06-15,0.007429888874737806
2005-06-16,0.008898704171805048
2005-06-17,0.011971078427221454
2005-06-20,-0.009068013296969862
2005-06-21,-0.0048427314058567695
2005-06-22,0.00938710649497211
2005-06-23,-0.017743599332569047
2005-06-24,-0.0035027865427293783
2005-06-27,0.006295685455897345
2005-06-28,0.007503260200034036
2005-06-29,-0.005830868775651118
2005-06-30,-0.003067835396153937
2005-07-01,0.0036245366654703405
2005-07-05,0.004443152748004678
2005-07-06,-0.004860649642642799
2005-07-07,0.002919369239568484
2005-07-08,0.010357103700528206
2005-07-11,0.015134426528765522
2005-07-12,0.011836984394323891
2005-07-13,-0.000668683396456828
2005-07-14,0.005737950571700414
2005-07-15,-0.005470166889607894
2005-07-18,-0.0030814512099572766
2005-07-19,0.011341591606959212
2005-07-20,0.00013270599399917943
2005-07-21,0.01081941995368426
2005-07-22,-0.0023648388894611954
2005-07-25,-0.008719894944072984
2005-07-26,0.005689656266339389
2005-07-27,0.005395077567194678
2005-07-28,0.012390406866465517
2005-07-29,-0.0006488134280730142
2005-08-01,0.016210340827806317
2005-08-02,0.017583181396787294
2005-08-03,-0.0025105735320588604
2005-08-04,-0.00883885832959663
2005-08-05,-0.018560438646683528
2005-08-08,0.006824263501488984
2005-08-09,0.019946020080608976
2005-08-10,0.01063501216023672
2005-08-11,-0.00561613162370609
2005-08-12,-0.01069522926251237
2005-08-15,0.00693365143336546
2005-08-16,-0.01748860374107927
2005-08-17,0.0006386346053623003
2005-08-18,-0.01856872624416622
2005-08-19,-0.003913088746444059
2005-08-22,0.012337536149538255
2005-08-23,-0.009466873225225197
2005-08-24,-0.01311461432616534
2005-08-25,0.01115845568590029
2005-08-26,-0.0013063488614844616
2005-08-29,0.010920788374943362
2005-08-30,-0.010528943797506959
2005-08-31,0.02056356997969816
2005-09-01,0.013730041092619978
2005-09-02,0.008799750883156186
2005-09-06,0.012438092715406206
2005-09-07,0.0012353425854151725
2005-09-08,-0.0016065558678788148
2005-09-09,0.01460797957486621
2005-09-12,-0.0014633866734405229
2005-09-13,-0.011291409868677776
2005-09-14,-0.003585679663712747
2005-09-15,0.005805276258907333
2005-09-16,0.015276788095653892
2005-09-19,-0.0014566711263801573
2005-09-20,0.0026684871560388973
2005-09-21,0.009404592346823691
2005-09-22,-0.010010422505609051
2005-09-23,-0.0008487581473872342
2005-09-26,0.00881698484435917
2005-09-27,-0.006635842268898776
2005-09-28,0.01131454425136372
2005-09-29,0.01744124354424932
2005-09-30,-0.0016480654825846714
2005-10-03,0.006341752175688746
2005-10-04,-0.009409404956891637
2005-10-05,-0.030841930537422898
2005-10-06,-0.03560511281255262
2005-10-07,0.02445231802780749
2005-10-10,-0.003333282232200466
2005-10-11,0.004318906751266266
2005-10-12,-0.03113729728173706
2005-10-13,-0.006243390609337063
2005-10-14,-0.0038413163509478663
2005-10-17,0.010973225024404542
2005-10-18,-0.025708048334056943
2005-10-19,0.019342813616338533
2005-10-20,-0.041061259376786674
2005-10-21,0.026265484721103623
2005-10-24,0.026603510812249445
2005-10-25,-0.01988632499297366
2005-10-26,0.0035985932740558633
2005-10-27,-0.024019052929955355
2005-10-28,0.025941700565266897
2005-10-31,0.01776669514163593
2005-11-01,0.017456973251936972
2005-11-02,0.015332902649341092
2005-11-03,0.001094830117081464
2005-11-04,-0.0020693975547070435
2005-11-07,0.000731439335416705
2005-11-08,-0.009419920643719402
2005-11-09,0.014883976498550224
2005-11-10,0.0015729977401920073
2005-11-11,0.0021735559147690003
2005-11-14,-0.002657421567755397
2005-11-15,-0.005701437150063123
2005-11-16,0.008479631207423103
2005-11-17,0.014609389112312809
2005-11-18,0.0027302674455561738
2005-11-21,0.0005926501224712117
2005-11-22,-0.0004741746963690004
2005-11-23,0.010494833685963245
2005-11-25,-0.0007041489562345018
2005-11-28,-0.00635861953399988
2005-11-29,-0.008899529241796858
2005-11-30,0.002380665408722437
2005-12-01,0.025822981726105997
2005-12-02,-0.0011592296875506342
2005-12-05,0.008087933650841546
2005-12-06,0.009163657587780242
2005-12-07,-0.009509035298773586
2005-12-08,-0.007510703617813011
2005-12-09,0.010154955268010924
2005-12-12,0.005723970413438263
2005-12-13,0.013042410727104794
2005-12-14,-0.0066698226053877735
2005-12-15,-0.004091864322143578
2005-12-16,-0.003422939641958095
2005-12-19,-0.0022881533342763525
2005-12-20,0.008554306067800008
2005-12-21,0.01611025292181161
2005-12-22,0.00022364675171776015
2005-12-23,0.005947280237303231
2005-12-27,-0.011180838363026687
2005-12-28,0.002722043262802699
2005-12-29,0.00011301364874047022
2005-12-30,-0.0005661732871048148
2006-01-03,0.03671165376703289
2006-01-04,0.009025089779881281
2006-01-05,0.005074601618662884
2006-01-06,0.020679204672026805
2006-01-09,0.009762943164091827
2006-01-10,-0.01208667434038999
2006-01-11,0.01166869728375022
2006-01-12,-0.013997749356250479
2006-01-13,0.0010590585985392302
2006-01-17,-0.017623715344865256
2006-01-18,-0.0005390830949241416
2006-01-19,0.03183296954606049
2006-01-20,-0.030217055491962422
2006-01-23,0.028649186764638436
2006-01-24,0.015568621112203467
2006-01-25,0.0005147612585381603
2006-01-26,0.023399147174115228
2006-01-27,0.011397438997538046
2006-01-30,-0.004683128379866997
2006-01-31,0.006570178690457246
2006-02-01,-0.0004963867402232871
2006-02-02,-0.026048425975874208
2006-02-03,-0.013747907773769203
2006-02-06,0.023482328468521836
2006-02-07,-0.026586255778179885
2006-02-08,0.0031039273096580226
2006-02-09,0.002579207508425774
2006-02-10,-0.001546583684149461
2006-02-13,-0.024973980591538873
2006-02-14,0.024973980591539015
2006-02-15,-0.005173636457623727
2006-02-16,0.025602943747101516
2006-02-17,-0.0013152934780781386
2006-02-21,-0.00884732364171444
2006-02-22,0.005399272085823997
2006-02-23,-0.00030479079126288083
2006-02-24,0.0019290953549232189
2006-02-27,0.009087042292067863
2006-02-28,-0.026377309111237417
2006-03-01,0.02728165276451546
2006-03-02,0.0008029730952387158
2006-03-03,-0.016796732203192048
2006-03-06,-0.01542444479049629
2006-03-07,-0.035868997816048326
2006-03-08,0.005890533596505364
2006-03-09,-0.010196195441696716
2006-03-10,0.020817291257436532
2006-03-13,-0.0010570019837660024
2006-03-14,0.03072392933378528
2006-03-15,0.011522726491256994
2006-03-16,-0.0089621015456242
2006-03-17,0.007033788972068831
2006-03-20,0.0056727687196666335
2006-03-21,-0.020409165311258654
2006-03-22,0.010970950258305258
2006-03-23,-0.009322896555554783
2006-03-24,0.008608814815419918
2006-03-27,0.006103755447605065
2006-03-28,-0.018424272928443522
2006-03-29,0.01893094281001976
2006-03-30,0.005056021796111718
2006-03-31,-0.0015141503322048454
2006-04-03,0.027890103539696474
2006-04-04,0.005876667561313439
2006-04-05,0.010201751629528459
2006-04-06,-0.00513642618250454
2006-04-07,-0.01537214134578656
2006-04-10,-0.0034592626195123527
2006-04-11,-0.008551395006446956
2006-04-12,0.005775069107721259
2006-04-13,0.004754415042109862
2006-04-17,0.011787989374890617
2006-04-18,0.03266404738929842
2006-04-19,0.006124567059529158
2006-04-20,-0.00357617395879788
2006-04-21,0.007794764128704225
2006-04-24,-0.013183160297483051
2006-04-25,-0.013839086594940132
2006-04-26,0.019510643517628216
2006-04-27,-0.015865087236740974
2006-04-28,0.00971976573380315
2006-05-01,-0.00028466104178900587
2006-05-02,0.017489800834874086
2006-05-03,0.0011179544191508909
2006-05-04,0.009729272448159373
2006-05-05,0.0160074644940585
2006-05-08,0.007233455054345679
2006-05-09,0.00090058191316511
2006-05-10,-0.010859864408386849
2006-05-11,-0.025807739827093883
2006-05-12,-0.02649171164757232
2006-05-15,-0.024261499541226497
2006-05-16,0.004997323881244701
2006-05-17,-0.0349095183205607
2006-05-18,-0.01941809955003082
2006-05-19,0.021339043556178456
2006-05-22,-0.04821941938623659
2006-05-23,-0.010979043226589805
2006-05-24,-0.006991177321084956
2006-05-25,0.041646039026087114
2006-05-26,-0.0030068828578427445
2006-05-30,-0.04405057166192856
2006-05-31,0.016680439903881697
2006-06-01,0.020284015406217798
2006-06-02,0.010196659197504893
2006-06-05,-0.043370256246702515
2006-06-06,-0.007378486343002456
2006-06-07,-0.022245293548147967
2006-06-08,-0.017977805839633747
2006-06-09,-0.013124279949029856
2006-06-12,-0.03793030741065983
2006-06-13,-0.022443147067152416
2006-06-14,0.028272584224377333
2006-06-15,0.05661129602150853
2006-06-16,-0.005733260525741102
2006-06-19,-0.03791377155661488
2006-06-20,0.012220182885954903
2006-06-21,0.031875230047911915
2006-06-22,-0.018089891703397618
2006-06-23,-0.0017124901450706392
2006-06-26,0.0
2006-06-27,-0.019037642820228125
2006-06-28,0.030852805774143156
2006-06-29,0.05771053706147319
2006-06-30,0.0010654490275204638
2006-07-03,0.021909579307849276
2006-07-05,-0.031540384669124094
2006-07-06,0.020224412984497384
2006-07-07,-0.019149711096900928
2006-07-10,0.008023612754188935
2006-07-11,0.0047833370004257865
2006-07-12,-0.02252128821798392
2006-07-13,-0.04039236259087443
2006-07-14,0.005068910130970083
2006-07-17,-0.015855235946624517
2006-07-18,0.01383069585092542
2006-07-19,0.059869280773587275
2006-07-20,-0.02915896815641088
2006-07-21,-0.01962577256553796
2006-07-24,0.04400140372152316
2006-07-25,0.002660264222449459
2006-07-26,-0.0042598999941915175
2006-07-27,0.013673615303237848
2006-07-28,0.02124861547954547
2006-07-31,-0.009631122727832162
2006-08-01,-0.016260457608918925
2006-08-02,0.013134065211228245
2006-08-03,-0.0010443967716524684
2006-08-04,0.0020875240523085606
2006-08-07,-0.006276324576302856
2006-08-08,0.0
2006-08-09,0.0037705558941887748
2006-08-10,0.01019259741782851
2006-08-11,-0.01218056773352845
2006-08-14,0.003972086424132377
2006-08-15,0.02422185637259446
2006-08-16,0.009728414786281791
2006-08-17,0.001410617549770881
2006-08-18,-0.009511014061956462
2006-08-21,-0.005198355255052206
2006-08-22,-0.0003067739953056133
2006-08-23,-0.0182603045955531
2006-08-24,-0.0027107112735966356
2006-08-25,0.002815043803191191
2006-08-28,0.01128306845627341
2006-08-29,0.003390954031549123
2006-08-30,0.004299275954789172
2006-08-31,-0.002864011440392808
2006-09-01,0.01110375978055062
2006-09-05,0.0054556291465712
2006-09-06,-0.02913570411403786
2006-09-07,-0.01147641714829822
2006-09-08,0.008151449396512613
2006-09-11,-0.021779918458711127
2006-09-12,0.016980966106802997
2006-09-13,0.014844140245467012
2006-09-14,-0.008277061122605985
2006-09-15,0.00590444588609227
2006-09-18,0.011194818543310595
2006-09-19,-0.01554242344857023
2006-09-20,0.020331182556949417
2006-09-21,-0.024697412267780623
2006-09-22,-0.012792494538919997
2006-09-25,0.011541349384731229
2006-09-26,0.011719159612578998
2006-09-27,-0.0022708742552518878
2006-09-28,0.00802820675741271
2006-09-29,-0.008028206757412762
2006-10-02,-0.0016548792398370087
2006-10-03,-0.0136524484007683
2006-10-04,0.026406191394259326
2006-10-05,0.013198202993517672
2006-10-06,-0.0025250334923773614
2006-10-09,-0.0037479002473989544
2006-10-10,0.008992189145960264
2006-10-11,-0.005345189244555362
2006-10-12,0.02407839983700116
2006-10-13,0.005905417851651856
2006-10-16,0.002743966636465994
2006-10-17,-0.013200567421318537
2006-10-18,0.009769452221887267
2006-10-19,0.004409480184804287
2006-10-20,-0.0047042622646290685
2006-10-23,-0.0008844440024062541
2006-10-24,0.005686431120385629
2006-10-25,0.011566513104197668
2006-10-26,0.00241274482559297
2006-10-27,-0.01681843155806827
2006-10-30,-0.0034375196763204567
2006-10-31,0.019002023811847256
2006-11-01,-0.01008935386107369
2006-11-02,0.003115130781590366
2006-11-03,0.003105624010882649
2006-11-06,0.023463003061799815
2006-11-07,-0.0042686914888588525
2006-11-08,0.002563400876835325
2006-11-09,0.003407678157844889
2006-11-10,0.0014165000409119494
2006-11-13,0.0033909007621320884
2006-11-14,0.015489473095637439
2006-11-15,0.001850556726160488
2006-11-16,-0.010125243187595303
2006-11-17,-0.0011210634800493987
2006-11-20,-0.003933123003953422
2006-11-21,0.0158264557211114
2006-11-22,0.006994399932487271
2006-11-24,-0.00018305884578168123
2006-11-27,-0.019078452928781516
2006-11-28,0.00578034014097133
2006-11-29,0.016046242753483375
2006-11-30,0.004472180048815398
2006-12-01,-0.004106232768039178
2006-12-04,0.020635587513349277
2006-12-05,0.01731812087446322
2006-12-06,-0.0068913155108021595
2006-12-07,-0.003552436976521552
2006-12-08,-0.0044582125660921875
2006-12-11,0.0004467706524270116
2006-12-12,-0.012132178902925554
2006-12-13,0.0054099575301574145
2006-12-14,0.016941865664103314
2006-12-15,0.004411471818948927
2006-12-18,-0.006978549560391823
2006-12-19,-0.006313604841066266
2006-12-20,0.011004352626192563
2006-12-21,-0.0017916325430395788
2006-12-22,0.0035798330055479676
2006-12-26,0.009246826607010282
2006-12-27,0.014148455074237652
2006-12-28,-0.001921433375423677
2006-12-29,-0.0018378370760462122
2007-01-03,0.008460358943827639
2007-01-04,-0.013905477779170176
2007-01-05,-0.029674504082538012
2007-01-08,0.007231558518865636
2007-01-09,-0.022589574541347003
2007-01-10,-0.0023056048118288313
2007-01-11,0.012570496587152556
2007-01-12,0.020130004508913925
2007-01-16,0.0035682002089439083
2007-01-17,-0.004193959671531171
2007-01-18,-0.010608036631769787
2007-01-19,0.017824523662945953
2007-01-22,-0.0011544181338031944
2007-01-23,0.02249864667613552
2007-01-24,0.00865296375042068
2007-01-25,-0.031240420531073006
2007-01-26,0.006114727271044176
2007-01-29,-0.013340528671207812
2007-01-30,0.015370090504079604
2007-01-31,0.007728968991560006
2007-02-01,0.012174386510628325
2007-02-02,-0.0030300429277368454
2007-02-05,0.0009533204573328588
2007-02-06,0.009825279299466357
2007-02-07,-0.0038669198389315396
2007-02-08,-0.005352267511264391
2007-02-09,-0.012016964959205033
2007-02-12,-0.006856475361635802
2007-02-13,0.015752844448882083
2007-02-14,0.021304770305272724
2007-02-15,0.0005946685360693204
2007-02-16,0.002290898520970418
2007-02-20,0.0026239175908148293
2007-02-21,0.0029540212760736455
2007-02-22,-0.002531812059209091
2007-02-23,-0.007207630527979109
2007-02-26,-0.00042584319386180765
2007-02-27,-0.08480772168440938
2007-02-28,0.024715190103249966
2007-03-01,-0.01448035616472757
2007-03-02,-0.009308707551044047
2007-03-05,-0.025982618241234413
2007-03-06,0.0429673344818874
2007-03-07,-0.006117876371209846
2007-03-08,0.02550057934176785
2007-03-09,0.0017845164352740801
2007-03-12,0.0048897246555599586
2007-03-13,-0.02952207770786484
2007-03-14,0.008187886444399457
2007-03-15,0.008121236220559094
2007-03-16,-0.008574364256631337
2007-03-19,0.021698849077459226
2007-03-20,0.006542532241496883
2007-03-21,0.02952052423268871
2007-03-22,-0.0042866679487262235
2007-03-23,0.004629425617902284
2007-03-26,-0.0005991025426944807
2007-03-27,-0.004460192313735981
2007-03-28,-0.01804218151709973
2007-03-29,0.019674366780646303
2007-03-30,-0.0001718065086341377
2007-04-02,0.006843613390662116
2007-04-03,0.016235976886207093
2007-04-04,0.0062710952533876615
2007-04-05,0.0009167666553639703
2007-04-09,0.00572948703897807
2007-04-10,0.004708580845643291
2007-04-11,-0.00927327267561215
2007-04-12,0.016580908746450886
2007-04-13,0.004897088819555248
2007-04-16,0.011816014710983182
2007-04-17,-0.005405109302588449
2007-04-18,-0.007469917347292904
2007-04-19,-0.008100974573421373
2007-04-20,0.011843046277215169
2007-04-23,-0.003986533106881236
2007-04-24,-0.0001632616902376335
2007-04-25,0.012317133562217787
2007-04-26,-0.002661549810777035
2007-04-27,-0.00501880140029276
2007-04-30,-0.01950411316070896
2007-05-01,0.0039646400768905184
2007-05-02,0.019669423059723034
2007-05-03,0.008371025054303134
2007-05-04,-0.0003210529145269608
2007-05-07,0.006473154031310271
2007-05-08,-0.013068703727491547
2007-05-09,0.016011796406714743
2007-05-10,-0.024766216145138943
2007-05-11,0.025083517952089785
2007-05-14,-0.00997409900288152
2007-05-15,0.0012021741988694126
2007-05-16,0.01439336791553059
2007-05-17,-0.003638478951104679
2007-05-18,0.005137580549255387
2007-05-21,0.0018110029645339394
2007-05-22,0.00015783850009517666
2007-05-23,-0.0015747495408056688
2007-05-24,-0.024328353101023256
2007-05-25,0.015224711985133393
2007-05-29,-0.0034254392891116875
2007-05-30,0.01016212869558422
2007-05-31,0.002839523147243011
2007-06-01,0.024661817135428355
2007-06-04,-0.004466687689127249
2007-06-05,-0.0034798348991728852
2007-06-06,-0.025496520321990422
2007-06-07,-0.015535080510121488
2007-06-08,0.01751961824252029
2007-06-11,0.008528165869476087
2007-06-12,-0.017530114953096962
2007-06-13,0.019807770618611723
2007-06-14,0.015568146669379328
2007-06-15,0.022529357243132295
2007-06-18,0.0009058688793940265
2007-06-19,0.0011309750737986573
2007-06-20,-0.008552889878437291
2007-06-21,0.012389418779410574
2007-06-22,-0.013301780253438296
2007-06-25,-0.007636797132227804
2007-06-26,-0.008778203329389481
2007-06-27,0.0141302214032255
2007-06-28,0.00022880371771973927
2007-06-29,0.0035005349768583134
2007-07-02,0.020080935437109593
2007-07-03,0.007935986499594079
2007-07-05,0.004422352218554546
2007-07-06,0.016991170282119748
2007-07-09,0.009642157845163863
2007-07-10,-0.019889487811269636
2007-07-11,0.008220430206789042
2007-07-12,0.021716320656663544
2007-07-13,0.012330354169366784
2007-07-16,-0.0098526796735925
2007-07-17,-0.0007779435508852485
2007-07-18,-0.012320125767856654
2007-07-19,0.009910626236279658
2007-07-20,-0.0069051146034138115
2007-07-23,0.028521751780561204
2007-07-24,-0.034828259226266145
2007-07-25,0.005734707670633754
2007-07-26,-0.052309566095425745
2007-07-27,-0.013039615509260737
2007-07-30,0.03221121709586259
2007-07-31,-0.020679370624461405
2007-08-01,-0.003930459992971849
2007-08-02,0.010996411655179979
2007-08-03,-0.044101450464883535
2007-08-06,0.017690045644081914
2007-08-07,0.007431607427205589
2007-08-08,0.033036386958184026
2007-08-09,-0.04223852891953188
2007-08-10,-0.017486308756833466
2007-08-13,0.009830220020286357
2007-08-14,-0.0261920132544924
2007-08-15,-0.04008211126503106
2007-08-16,-0.017151646968795658
2007-08-17,0.03115528840579862
2007-08-20,0.002042571583868246
2007-08-21,-0.0036801257939680326
2007-08-22,0.04211592854982429
2007-08-23,0.005092966541833371
2007-08-24,0.023557372898858064
2007-08-27,0.004570252867975324
2007-08-28,-0.04150303180649729
2007-08-29,0.03883982754304355
2007-08-30,-0.0051180088378045
2007-08-31,0.025480617891187603
2007-09-04,0.016731294128708614
2007-09-05,-0.015239047108887094
2007-09-06,0.007796272869205274
2007-09-07,-0.022817268097100853
2007-09-10,0.0007565002144936951
2007-09-11,0.01998747079391282
2007-09-12,0.0035515064999469357
2007-09-13,0.011017154140246812
2007-09-14,0.001970565281751808
2007-09-17,-0.006362622826522155
2007-09-18,0.04728641827107152
2007-09-19,0.004538479444648289
2007-09-20,-0.00313962798238655
2007-09-21,0.01319004913718991
2007-09-24,0.012337477306779218
2007-09-25,-0.0037536614373687204
2007-09-26,0.013245336916460576
2007-09-27,0.01473570643645476
2007-09-28,-0.006336461461081763
2007-10-01,0.030964184434737595
2007-10-02,0.006788290236423386
2007-10-03,-0.030751335052038108
2007-10-04,0.009917182400690542
2007-10-05,0.03281142776506196
2007-10-08,-0.010689105750555634
2007-10-09,0.015452506056881704
2007-10-10,0.0013295411176250267
2007-10-11,-0.008834676509581488
2007-10-12,0.01809368204253363
2007-10-15,-0.01230105165288697
2007-10-16,-0.018707752767596342
2007-10-17,0.022825297444505347
2007-10-18,0.005044187994663101
2007-10-19,-0.04370911998526293
2007-10-22,0.007201290447457029
2007-10-23,0.027346096866233943
2007-10-24,-0.006558909665705123
2007-10-25,0.012633883212334272
2007-10-26,0.02793253985041644
2007-10-29,0.022745161748449764
2007-10-30,-0.01907090777421862
2007-10-31,0.02170633948767553
2007-11-01,-0.04121067454823009
2007-11-02,0.00565560801556911
2007-11-05,-0.035387620686287556
2007-11-06,0.037245222204603044
2007-11-07,-0.03237733994152548
2007-11-08,0.005098842640332418
2007-11-09,-0.023803079167350163
2007-11-12,-0.056928333311335094
2007-11-13,0.06825702427958445
2007-11-14,0.000965213386694717
2007-11-15,-0.023291751620201508
2007-11-16,0.012299205144189543
2007-11-19,-0.04719526094421678
2007-11-20,0.027098759579794827
2007-11-21,-0.051663428338768115
2007-11-23,0.0291207967039446
2007-11-26,-0.040502033086827656
2007-11-27,0.03758034675376716
2007-11-28,0.05333272394232074
2007-11-29,-0.012333919104490294
2007-11-30,0.008455627241741002
2007-12-03,-0.008716708533050127
2007-12-04,-0.0026167968468222566
2007-12-05,0.04345448483359621
2007-12-06,0.015620098661314079
2007-12-07,-0.011926977601187118
2007-12-10,0.00031303281447266036
2007-12-11,-0.04327726619681915
2007-12-12,0.02956559965533622
2007-12-13,-0.02787055793258242
2007-12-14,-0.024123389336086883
2007-12-17,-0.043563353766066445
2007-12-18,0.02708440389420362
2007-12-19,0.006489402429983159
2007-12-20,0.0054430585448543125
2007-12-21,0.02971117157644499
2007-12-24,0.016771579607829785
2007-12-26,0.0051701864493972245
2007-12-27,-0.02334627824124353
2007-12-28,0.0037536475777076193
2007-12-31,-0.012102182169689595
2008-01-02,-0.01663793150052689
2008-01-03,0.008957243527713758
2008-01-04,-0.030497218988619127
2008-01-07,0.007300419264898483
2008-01-08,-0.007784307188345635
2008-01-09,0.03225415649299708
2008-01-10,0.011716539935227423
2008-01-11,-0.028530013895518323
2008-01-14,0.014601278545516877
2008-01-15,-0.046286683493774114
2008-01-16,-0.042501732110753504
2008-01-17,-0.029548208910331546
2008-01-18,0.02255653520129713
2008-01-22,-0.025431511736700843
2008-01-23,0.006343702943673406
2008-01-24,0.01923599493294659
2008-01-25,-0.015329213528153267
2008-01-28,0.0244435365923324
2008-01-29,-0.004914175503112688
2008-01-30,-0.013250337033123925
2008-01-31,0.019846367948972748
2008-02-01,0.019746837458635834
2008-02-04,0.003075158645851865
2008-02-05,-0.055341609257989
2008-02-06,-0.016511597346233604
2008-02-07,0.01681358657187821
2008-02-08,-0.0018878041864649473
2008-02-11,0.012320023590079476
2008-02-12,0.015997445982675704
2008-02-13,0.022234609377986544
2008-02-14,-0.012946236611594048
2008-02-15,0.007108602163286039
2008-02-19,0.012997995049206542
2008-02-20,0.008312900317662977
2008-02-21,-0.014108884056718089
2008-02-22,0.013330251056055181
2008-02-25,0.01845242364214769
2008-02-26,0.013121359896674652
2008-02-27,0.008403792572863314
2008-02-28,-0.010808072433584226
2008-02-29,-0.04056394497378443
2008-03-03,0.00542859754224389
2008-03-04,-0.02349670962382119
2008-03-05,0.020786274466402174
2008-03-06,-0.034887404844085396
2008-03-07,-0.013927638092594848
2008-03-10,-0.017706408223934548
2008-03-11,0.06509134950870624
2008-03-12,-0.01870013176899688
2008-03-13,-0.009151967743198536
2008-03-14,-0.03609478886173916
2008-03-17,-0.025016829543583814
2008-03-18,0.050686750896127744
2008-03-19,-0.06193020738402115
2008-03-20,0.01670140718564663
2008-03-24,0.03761932892395453
2008-03-25,0.015235973851182416
2008-03-26,-0.008146670257992088
2008-03-27,-0.00484465319412777
2008-03-28,-0.0017952542145729111
2008-03-31,0.005896073281258978
2008-04-01,0.03767985688035834
2008-04-02,0.000716037258634873
2008-04-03,0.012100659415206884
2008-04-04,-0.00404084386355937
2008-04-07,0.013196725840706204
2008-04-08,-0.005483321415600189
2008-04-09,-0.01570143402151865
2008-04-10,0.014219921470850447
2008-04-11,-0.016442202721420406
2008-04-14,-0.0023712669766642355
2008-04-15,0.011657717909318901
2008-04-16,0.029150414222403154
2008-04-17,-0.007277856662729268
2008-04-18,0.014982640084501557
2008-04-21,0.0050584769910477605
2008-04-22,-0.009316390861335497
2008-04-23,0.01428116909144886
2008-04-24,-0.012905741059974234
2008-04-25,0.007327321347866337
2008-04-28,-0.0019123984932555994
2008-04-29,-0.01786335033860052
2008-04-30,0.020389390313850966
2008-05-01,0.010580453399507746
2008-05-02,0.009534596561203949
2008-05-05,-0.0007348157499032299
2008-05-06,0.01110632412142188
2008-05-07,-0.030214216685222273
2008-05-08,0.010240589853740125
2008-05-09,-0.008197246962210495
2008-05-12,0.012775223872155468
2008-05-13,0.004757151351147679
2008-05-14,0.0024037086583986638
2008-05-15,0.02104883693946127
2008-05-16,0.012652463820549634
2008-05-19,0.00019344664112963512
2008-05-20,-0.01749242586118435
2008-05-21,-0.010220381257609606
2008-05-22,0.0029121580563929708
2008-05-23,-0.01759927452728811
2008-05-27,-0.0016155232958254728
2008-05-28,0.01338253431459748
2008-05-29,0.0021909337899573525
2008-05-30,0.003443025006795877
2008-06-02,-0.011968244518036658
2008-06-03,-0.01822513066756653
2008-06-04,-0.00875782627013727
2008-06-05,0.03132136145365212
2008-06-06,-0.03690320486522258
2008-06-09,-0.0025596578266070947
2008-06-10,-0.023341266141114453
2008-06-11,-0.015076316745437943
2008-06-12,0.005814465161394114
2008-06-13,0.010750083353152674
2008-06-16,0.003393209317933046
2008-06-17,0.004225443090058342
2008-06-18,-0.0048608082460552
2008-06-19,0.001552494809579645
2008-06-20,-0.0331893631399508
2008-06-23,0.0029110849739507603
2008-06-24,-0.004442955448524562
2008-06-25,0.01982605685505606
2008-06-26,-0.03491267286261964
2008-06-27,0.009622648103722554
2008-06-30,0.0075437996712007785
2008-07-01,-0.017991813358808752
2008-07-02,-0.028921195393846865
2008-07-03,-0.002861244035336647
2008-07-07,-0.0035685107326335203
2008-07-08,0.01220465883581653
2008-07-09,-0.02039847472554922
2008-07-10,0.01793820338827743
2008-07-11,-0.006718108395041957
2008-07-14,-0.0012408505288177666
2008-07-15,-0.016819891741245124
2008-07-16,0.028466545984166473
2008-07-17,0.004666890196773386
2008-07-18,-0.008662050201031255
2008-07-21,0.012318615745259298
2008-07-22,0.0006085082998184669
2008-07-23,0.0014428351359189542
2008-07-24,-0.03765853914068119
2008-07-25,0.0068323935672104765
2008-07-28,-0.01705006398283481
2008-07-29,0.05392885185367863
2008-07-30,-0.010463964245505072
2008-07-31,-0.022664969466211545
2008-08-01,-0.006806929326931118
2008-08-04,-0.031095566334145015
2008-08-05,0.012793966432882076
2008-08-06,0.019713628962256827
2008-08-07,-0.03494024676605476
2008-08-08,0.00243265137091597
2008-08-11,-0.010501819408711408
2008-08-12,-0.008382969398231199
2008-08-13,-0.00024726215864983236
2008-08-14,0.013039358191559491
2008-08-15,-0.015767269821625643
2008-08-18,-0.017030430074956176
2008-08-19,-0.008370530738147065
2008-08-20,0.025152480742283285
2008-08-21,-0.001491421304264287
2008-08-22,-0.0007467178072923265
2008-08-25,-0.02087846359708219
2008-08-26,0.001777973253347726
2008-08-27,0.021090087626779608
2008-08-28,0.0069321721349666085
2008-08-29,-0.011913469100882866
2008-09-02,-0.030678166288338873
2008-09-03,-0.0166151189338172
2008-09-04,-0.047168246359710744
2008-09-05,0.014168944126911321
2008-09-08,0.012369222675295428
2008-09-09,-0.057755742211235354
2008-09-10,0.016009023101740863
2008-09-11,-0.014877372331407767
2008-09-12,0.03282634675852185
2008-09-15,-0.08180047945369898
2008-09-16,0.008576369548782775
2008-09-17,-0.07360967750101308
2008-09-18,0.0809441237328647
2008-09-19,0.11736078305426
2008-09-22,-0.06747137523500375
2008-09-23,-0.03164117201827372
2008-09-24,0.011415730032992018
2008-09-25,0.05008643210628343
2008-09-26,-0.03459944542782687
2008-09-29,-0.12419549348842202
2008-09-30,0.07787482639570044
2008-10-01,0.011927481075546661
2008-10-02,-0.09170189022812097
2008-10-03,-0.02665963371833199
2008-10-06,-0.07817305765751544
2008-10-07,-0.08098152868514429
2008-10-08,0.0
2008-10-09,-0.07651842087851128
2008-10-10,0.01147084671510331
2008-10-13,0.2051412762863131
2008-10-14,-0.051049123752485694
2008-10-15,-0.17633354626798037
2008-10-16,0.04797649983914047
2008-10-17,-0.03186398440008764
2008-10-20,0.06773580306406947
2008-10-21,-0.0830158344140122
2008-10-22,-0.11125016423331426
2008-10-23,0.027524491706869224
2008-10-24,-0.10888579138768413
2008-10-27,-0.026586421851888482
2008-10-28,0.1900634665760143
2008-10-29,-0.03221848747301367
2008-10-30,0.12659340186674822
2008-10-31,-0.008613792645285221
2008-11-03,-0.009086021384455209
2008-11-04,0.08734222296167375
2008-11-05,-0.13613240909050586
2008-11-06,-0.051731383288925924
2008-11-07,0.07804901800278846
2008-11-10,0.009291006360967021
2008-11-11,-0.0643506606580321
2008-11-12,-0.0770811467413526
2008-11-13,0.12970310950969885
2008-11-14,-0.10094075854039065
2008-11-17,-0.01679186973659223
2008-11-18,-0.01475360084299216
2008-11-19,-0.09035255284707122
2008-11-20,-0.07438173859177646
2008-11-21,0.13455784003281293
2008-11-24,0.05901813013182148
2008-11-25,-0.01913500120650117
2008-11-26,0.07358208421423627
2008-11-28,-0.019418285247095726
2008-12-01,-0.10125355039256337
2008-12-02,0.06124841999509887
2008-12-03,0.00813010881038942
2008-12-04,-0.043675120734890605
2008-12-05,0.05752366767874132
2008-12-08,0.061928989491433294
2008-12-09,-0.013857413010273866
2008-12-10,0.05791022715205918
2008-12-11,-0.025870459716067076
2008-12-12,0.013826873517678168
2008-12-15,-0.013417816507314956
2008-12-16,0.07679438330565634
2008-12-17,-0.01759148889459726
2008-12-18,-0.022235500332916738
2008-12-19,0.0035437278438848327
2008-12-22,-0.03805791493818632
2008-12-23,-0.008316153890469413
2008-12-24,0.007073391284284404
2008-12-26,-0.0033226634785753755
2008-12-29,-0.001665253593046965
2008-12-30,0.02631746039121985
2008-12-31,0.013304087091599434
2009-01-02,0.046556228025729444
2009-01-05,0.01291341885893
2009-01-06,0.022388948162041712
2009-01-07,-0.059287879410002686
2009-01-08,-0.004316310533669208
2009-01-09,-0.02186529427018853
2009-01-12,-0.043119430745825964
2009-01-13,0.002933465711459249
2009-01-14,-0.04975307850163744
2009-01-15,0.011369087145936109
2009-01-16,0.010810981158895899
2009-01-20,-0.07732277137684003
2009-01-21,0.052941607641957225
2009-01-22,-0.03361268675381062
2009-01-23,0.012681377496740125
2009-01-26,0.01163342314694282
2009-01-27,0.01763692314163418
2009-01-28,0.04945569721193576
2009-01-29,-0.052081956318085695
2009-01-30,-0.007477257624521014
2009-02-02,-0.010206092939463843
2009-02-03,0.02944586482027618
2009-02-04,0.007335527889924771
2009-02-05,0.020847408579434467
2009-02-06,0.048890763771040666
2009-02-09,-0.0052262793770454586
2009-02-10,-0.062364503178015444
2009-02-11,0.02958795786801219
2009-02-12,-0.006266895689137753
2009-02-13,0.005016768313318766
2009-02-17,-0.0659296806657051
2009-02-18,-0.007152538735758248
2009-02-19,-0.009466087647073396
2009-02-20,-0.025689340952600576
2009-02-23,-0.024936405873405135
2009-02-24,0.05333990412064628
2009-02-25,-0.01731260598926416
2009-02-26,-0.00877013975918576
2009-02-27,-0.015888000784348728
2009-03-02,-0.06268745465607245
2009-03-03,0.013944298622425319
2009-03-04,0.06787103722887232
2009-03-05,-0.041997204992554035
2009-03-06,0.016727055855652796
2009-03-09,-0.019622700223276803
2009-03-10,0.07807052270333892
2009-03-11,0.0
2009-03-12,0.0377236586036789
2009-03-13,0.005580874646038278
2009-03-16,0.0008555510933713026
2009-03-17,0.021578785667203403
2009-03-18,0.020713046679875474
2009-03-19,-0.006581239113408276
2009-03-20,-0.013713202255942442
2009-03-23,0.08844028160629136
2009-03-24,-0.0315144490451109
2009-03-25,0.01490838612848416
2009-03-26,0.02689356149359548
2009-03-27,-0.03001374627061649
2009-03-30,-0.05293943252692783
2009-03-31,0.021593937727598163
2009-04-01,0.03251677180717394
2009-04-02,0.05281348653796334
2009-04-03,0.012139309204254722
2009-04-06,-0.012509367194665303
2009-04-07,-0.023222272147799653
2009-04-08,0.014670578214354978
2009-04-09,0.04276169063609046
2009-04-13,0.006063967564705669
2009-04-14,-0.01613231490805706
2009-04-15,0.014352666165806908
2009-04-16,0.008513768836250274
2009-04-17,-0.007089602432586057
2009-04-20,-0.04996532912882575
2009-04-21,0.021092843621304983
2009-04-22,-0.008457655638612423
2009-04-23,0.015390615763015762
2009-04-24,0.018732537440254483
2009-04-27,-0.0341231532032702
2009-04-28,-0.0033289689376487146
2009-04-29,0.051274561884224884
2009-04-30,0.00911032447862806
2009-05-01,0.014542965896405899
2009-05-04,0.06681348697717181
2009-05-05,-0.00904375888956303
2009-05-06,0.017050343348835057
2009-05-07,-0.025195175503847794
2009-05-08,0.03282140355883728
2009-05-11,-0.023704020126982913
2009-05-12,0.007106039094134544
2009-05-13,-0.0373812653112274
2009-05-14,0.014264768065979117
2009-05-15,-0.009265578332395566
2009-05-18,0.05403208835366175
2009-05-19,0.01127503323785918
2009-05-20,0.003109067338178948
2009-05-21,-0.0188033171136685
2009-05-22,0.004419216537630266
2009-05-26,0.011897603506406996
2009-05-27,-0.011582439636631052
2009-05-28,0.03038987909607212
2009-05-29,0.015156653622609742
2009-06-01,0.041254703097764626
2009-06-02,-0.014539217839087407
2009-06-03,-0.036085871028500166
2009-06-04,0.01835462225931849
2009-06-05,0.002085177871852441
2009-06-08,-0.015592767048944208
2009-06-09,0.0018118958680918883
2009-06-10,0.012590059201320693
2009-06-11,0.021220942683352766
2009-06-12,-0.01616975600372775
2009-06-15,-0.03652150796333429
2009-06-16,-0.015177551294638068
2009-06-17,-0.011299378163490238
2009-06-18,-0.0028450799716059363
2009-06-19,0.00505203174316962
2009-06-22,-0.03689284514407453
2009-06-23,0.006469312013173414
2009-06-24,0.021694486161447642
2009-06-25,0.029353448232733635
2009-06-26,0.0052737837506571395
2009-06-29,0.007398377023956808
2009-06-30,-0.010187004174640392
2009-07-01,0.01814063663610698
2009-07-02,-0.027805108317119333
2009-07-06,-0.0021957149955629724
2009-07-07,-0.02382946310375758
2009-07-08,-0.011643366040134395
2009-07-09,0.017734124949801727
2009-07-10,-0.011895277202356242
2009-07-13,0.007089819514157649
2009-07-14,0.010859171777222511
2009-07-15,0.052293508618403664
2009-07-16,0.0018072055655336606
2009-07-17,0.010179971361770032
2009-07-20,0.035121671752820965
2009-07-21,-0.002880200983519863
2009-07-22,-0.0023097416706617177
2009-07-23,0.0279376969126406
2009-07-24,-0.004790537385008117
2009-07-27,0.00871853545703798
2009-07-28,-0.004490445804525846
2009-07-29,-0.022760465386918054
2009-07-30,0.024446936433197976
2009-07-31,0.0047625811732354955
2009-08-03,0.03676681557316968
2009-08-04,-0.009201689614057533
2009-08-05,-0.008464263183403934
2009-08-06,-0.008259924839293683
2009-08-07,0.009903887448462436
2009-08-10,-0.011287174162765002
2009-08-11,-0.01900560433417014
2009-08-12,0.008988353382248713
2009-08-13,0.017189700436222366
2009-08-14,-0.018308400628402742
2009-08-17,-0.039982757439779124
2009-08-18,0.021618091747097015
2009-08-19,0.0025629362990292766
2009-08-20,0.017200495582139326
2009-08-21,0.014983585249173292
2009-08-24,0.004396811260038544
2009-08-25,-0.00219591476495341
2009-08-26,-0.003027333918090729
2009-08-27,-0.0019312883048837987
2009-08-28,-0.00526115198375415
2009-08-31,-0.019908236885129632
2009-09-01,-0.019156887981802602
2009-09-02,0.010624601640062898
2009-09-03,0.019796743007853976
2009-09-04,0.01913810315101788
2009-09-08,0.020395062167808793
2009-09-09,0.005369094675400314
2009-09-10,0.013034105236449874
2009-09-11,0.0005281324684105382
2009-09-14,-0.003704376640232993
2009-09-15,0.011859145579189784
2009-09-16,0.024839802420850432
2009-09-17,-0.005381489651725748
2009-09-18,0.0028228304756412028
2009-09-21,-0.008749900209053635
2009-09-22,0.015134314738226294
2009-09-23,-0.015134314738226433
2009-09-24,-0.019838671466043824
2009-09-25,0.004209630121289156
2009-09-28,0.012782209472210104
2009-09-29,0.002329752173166003
2009-09-30,0.006187101298138958
2009-10-01,-0.027620136446679277
2009-10-02,0.00026410287324979685
2009-10-05,0.022977822128710003
2009-10-06,0.016385382022052492
2009-10-07,-0.0010164301968337407
2009-10-08,0.012127667392726159
2009-10-09,0.0007527909671643998
2009-10-12,0.008246813839572388
2009-10-13,0.0017408350718188315
2009-10-14,0.03178760903340714
2009-10-15,-0.005550793074870114
2009-10-16,-0.013890852254754836
2009-10-19,0.018960166268799376
2009-10-20,-0.01333221219291248
2009-10-21,-0.0053825775706413895
2009-10-22,0.008306716404595405
2009-10-23,-0.00830671640459536
2009-10-26,-0.0125913402090277
2009-10-27,-0.01754419302066006
2009-10-28,-0.046845037538013695
2009-10-29,0.043299095702686786
2009-10-30,-0.04781420828186662
2009-11-02,0.014795846301972155
2009-11-03,0.0015724484177359263
2009-11-04,0.018420643136673968
2009-11-05,0.020356485623394
2009-11-06,-0.001259938896951591
2009-11-09,0.03616026822733797
2009-11-10,-0.00463227799380563
2009-11-11,0.008516976305212793
2009-11-12,-0.02254477179161217
2009-11-13,0.01695608253370701
2009-11-16,0.02478783325724582
2009-11-17,-0.0035718419516962067
2009-11-18,-0.007903667933880174
2009-11-19,-0.018687604822279772
2009-11-20,-0.00417278979783392
2009-11-23,0.02069432460504764
2009-11-24,-0.005557564098698197
2009-11-25,0.011563454603665967
2009-11-27,-0.03957507343132185
2009-11-30,0.009671600458911423
2009-12-01,0.02822556024891872
2009-12-02,0.004070528737582644
2009-12-03,-0.009363118566552189
2009-12-04,0.00912381038595358
2009-12-07,-0.008641322805641083
2009-12-08,-0.01873775895343745
2009-12-09,0.006122281646109671
2009-12-10,0.005842133465981126
2009-12-11,0.003634347093453207
2009-12-14,0.006748529507770598
2009-12-15,-0.010382876601223985
2009-12-16,0.005808266394119114
2009-12-17,-0.029136470168005486
2009-12-18,0.0027294131526301693
2009-12-21,-0.0012398592880740425
2009-12-22,0.010027794409050193
2009-12-23,0.009855047162245213
2009-12-24,0.01000105130002106
2009-12-28,0.0033925457233915358
2009-12-29,-0.003587731198927222
2009-12-30,0.004361686657417256
2009-12-31,0.0033792399754095943
2010-01-04,0.028739343694571342
2010-01-05,0.007231847451074284
2010-01-06,0.0020901592816220684
2010-01-07,-0.005816360210354232
2010-01-08,0.00790191132024638
2010-01-11,-0.0020855511098920782
2010-01-12,-0.016135240356814816
2010-01-13,0.0030601261215263045
2010-01-14,-0.00258829457870699
2010-01-15,-0.011612836420122629
2010-01-19,0.020059615037022478
2010-01-20,-0.024360017420122834
2010-01-21,-0.03062959230780347
2010-01-22,-0.022466989309799512
2010-01-25,0.007294881798266366
2010-01-26,-0.021021672243485234
2010-01-27,-0.002562852172729302
2010-01-28,-0.006952530046256175
2010-01-29,-0.010911824520839485
2010-02-01,0.02655113990713799
2010-02-02,0.00810761090453569
2010-02-03,-0.005820480663259811
2010-02-04,-0.04623026625631377
2010-02-05,-0.011226920249964085
2010-02-08,-0.009996034602999262
2010-02-09,0.03206293537269064
2010-02-10,-0.0026333124920540165
2010-02-11,0.026022879100456545
2010-02-12,-0.012666949447147935
2010-02-16,0.025428907050813212
2010-02-17,0.0035437415348729996
2010-02-18,0.0037841160605649963
2010-02-19,-0.00859686507691756
2010-02-22,0.001269007481479394
2010-02-23,-0.023349797350154747
2010-02-24,0.009559635716971378
2010-02-25,-0.008262523030928184
2010-02-26,0.010060601315938576
2010-03-01,0.016798607982708522
2010-03-02,0.011294193639962882
2010-03-03,0.0012469015259786707
2010-03-04,-0.005247977771238642
2010-03-05,0.025724816301789126
2010-03-08,0.0007321735965648883
2010-03-09,0.005597089852959099
2010-03-10,0.007012645588150735
2010-03-11,0.00024055916930645796
2010-03-12,-0.0033782960365094502
2010-03-15,-0.007278035254743776
2010-03-16,0.012822247703314112
2010-03-17,0.010759257433388299
2010-03-18,-0.007638970307674881
2010-03-19,-0.013024804893350788
2010-03-22,0.0036351664811026378
2010-03-23,0.006990282189273383
2010-03-24,-0.015005111332656498
2010-03-25,-0.0026858173089130133
2010-03-26,0.004877915711426027
2010-03-29,0.017844772142524275
2010-03-30,0.0038170576873394167
2010-03-31,0.0028527044912114797
2010-04-01,0.025780728980093544
2010-04-05,0.008983281776392668
2010-04-06,0.0029766240371397468
2010-04-07,-0.008726105540213972
2010-04-08,0.003453740522222046
2010-04-09,0.00618630459115362
2010-04-12,-0.008026749089362998
2010-04-13,-0.002074061528221323
2010-04-14,0.014658570275968376
2010-04-15,-0.005471699231545705
2010-04-16,-0.029700897000088818
2010-04-19,-0.004011630580330928
2010-04-20,0.011753812894752563
2010-04-21,-0.0032771357103354173
2010-04-22,0.004211482044226706
2010-04-23,0.005355475127877785
2010-04-26,0.0
2010-04-27,-0.036418962529985166
2010-04-28,0.008393999369431747
2010-04-29,0.016345531956444233
2010-04-30,-0.01205550522590067
2010-05-03,0.005454735996233368
2010-05-04,-0.04697050038074947
2010-05-05,-0.01826184743779323
2010-05-06,-0.04175877426485664
2010-05-07,0.005250932001226237
2010-05-10,0.06953363499102781
2010-05-11,-0.018240193016203016
2010-05-12,0.012361128319907712
2010-05-13,-0.009380748168562986
2010-05-14,-0.02080006755255931
2010-05-17,-0.006096069650628538
2010-05-18,-0.021113081983172736
2010-05-19,-0.009674546066830901
2010-05-20,-0.05093381607946748
2010-05-21,0.03183547219471003
2010-05-24,-0.010500026343153173
2010-05-25,-0.010884508398338755
2010-05-26,-0.000547006124763481
2010-05-27,0.05873874690355507
2010-05-28,-0.016658810885623723
2010-06-01,-0.018543034489264386
2010-06-02,0.034427251084998126
2010-06-03,-0.003623655697259657
2010-06-04,-0.03616574031764775
2010-06-07,-0.01571415271986246
2010-06-08,0.022679156908691333
2010-06-09,-0.005353606055662023
2010-06-10,0.03429530479159064
2010-06-11,0.005173304278610406
2010-06-14,0.00025825477246723685
2010-06-15,0.029731185253457713
2010-06-16,0.0
2010-06-17,-0.005019605986903329
2010-06-18,0.004518905456151838
2010-06-21,0.017136965353025568
2010-06-22,-0.019393865519958177
2010-06-23,0.0025743958379820255
2010-06-24,-0.017803073109515444
2010-06-25,0.011734483871018154
2010-06-28,-0.006871270823859552
2010-06-29,-0.04144938397706811
2010-06-30,-0.00667669668646641
2010-07-01,0.00720832996001646
2010-07-02,0.004248007369439831
2010-07-06,0.01837303610133935
2010-07-07,0.021865835892714368
2010-07-08,0.004822880606204057
2010-07-09,0.012081628469811981
2010-07-12,-0.008038201273484718
2010-07-13,0.011534727308535246
2010-07-14,-0.001996517604838049
2010-07-15,-0.004757933491964437
2010-07-16,-0.030324175401330516
2010-07-19,0.01310846272709086
2010-07-20,0.023222236073356727
2010-07-21,-0.010282376010999886
2010-07-22,0.029800957009552646
2010-07-23,0.00682760137434507
2010-07-26,0.006781301174485033
2010-07-27,-0.0016909383936215357
2010-07-28,-0.005576510292490018
2010-07-29,0.0017007098182687242
2010-07-30,0.004842456275076078
2010-08-02,0.025517166779898973
2010-08-03,-0.004720354550101541
2010-08-04,0.0014183844308091277
2010-08-05,-0.004498954883767344
2010-08-06,-0.0014245311597351057
2010-08-09,0.005214293170066425
2010-08-10,-0.013806596944755004
2010-08-11,-0.032397894704530465
2010-08-12,0.0017313804789387541
2010-08-13,0.00542263757718589
2010-08-16,0.009297891364184276
2010-08-17,0.010417854361481856
2010-08-18,-0.0007231063181679018
2010-08-19,-0.007747940747042073
2010-08-20,-0.002921211559447411
2010-08-23,-0.00906125914692285
2010-08-24,-0.012874324881479191
2010-08-25,-0.006500056898230629
2010-08-26,-0.006290052302150522
2010-08-27,0.021720869636062543
2010-08-30,-0.016686054959970206
2010-08-31,0.006009198415268968
2010-09-01,0.03459209744014791
2010-09-02,0.0016864568477680981
2010-09-03,0.01172667139215191
2010-09-07,-0.014619585120359548
2010-09-08,0.010805622284631
2010-09-09,0.005715693174254001
2010-09-10,0.0035559469631532537
2010-09-13,0.023618263749850384
2010-09-14,-0.0004622001109182046
2010-09-15,0.0013865140129009279
2010-09-16,-0.005092815792934556
2010-09-17,-0.001625743629977545
2010-09-20,0.015682878159909003
2010-09-21,-0.002979063987267543
2010-09-22,0.0006879774774298986
2010-09-23,-0.0064426410929021545
2010-09-24,0.018298992446918003
2010-09-27,-0.0018150737114166198
2010-09-28,0.007239889934409056
2010-09-29,0.0033756489201111958
2010-09-30,0.00582448061311814
2010-10-01,0.014634427130123716
2010-10-04,-0.003086615420392176
2010-10-05,0.017943976714690467
2010-10-06,-0.0004337838815631851
2010-10-07,-0.00893557489143285
2010-10-08,0.011968233287435723
2010-10-11,-0.0006490568451433662
2010-10-12,-0.004121200723866982
2010-10-13,0.018306081197850897
2010-10-14,-0.0017092505551049545
2010-10-15,-0.0012831445310485295
2010-10-18,0.0004279358403482955
2010-10-19,-0.03217663047297224
2010-10-20,0.015782847098706056
2010-10-21,0.0
2010-10-22,0.0010869312409335324
2010-10-25,0.01080390767883141
2010-10-26,-0.0008599200093471727
2010-10-27,-0.01713882332292468
2010-10-28,0.006325454766240794
2010-10-29,0.002823046772128017
2010-11-01,0.010996926583430064
2010-11-02,0.012361973215882048
2010-11-03,0.006123867355073303
2010-11-04,0.022481889507728777
2010-11-05,-0.001853985329344059
2010-11-08,-0.004133112752961981
2010-11-09,-0.012712627764852312
2010-11-10,0.007314081851906251
2010-11-11,-0.009833934206986285
2010-11-12,-0.024477277877897316
2010-11-15,-0.00043109430639943477
2010-11-16,-0.02665062220619034
2010-11-17,0.005078776890532022
2010-11-18,0.023510021041572765
2010-11-19,0.0006452629085212854
2010-11-22,-0.003014373856755576
2010-11-23,-0.03221486618341168
2010-11-24,0.02289805515594121
2010-11-26,-0.025127662499118485
2010-11-29,0.007782209646911617
2010-11-30,-0.008228799726021056
2010-12-01,0.0281829640747329
2010-12-02,0.01956411350852231
2010-12-03,0.003613015600104329
2010-12-06,-0.0016985233432787164
2010-12-07,-0.004686040622851906
2010-12-08,-0.006425359524113148
2010-12-09,-0.003443615263111835
2010-12-10,0.004517246107696657
2010-12-13,0.006418600568358714
2010-12-14,0.0014918927140876996
2010-12-15,-0.01631623624748208
2010-12-16,0.002809542159469191
2010-12-17,0.0015102567989115593
2010-12-20,-0.004536244890483809
2010-12-21,0.014491565418339392
2010-12-22,0.003434742565421416
2010-12-23,-0.0010719696754171273
2010-12-27,-0.0032236182449843563
2010-12-28,0.0008608453549800905
2010-12-29,0.012721404119684313
2010-12-30,0.005085867785676387
2010-12-31,0.006950698031738969
2011-01-03,0.009609599757808625
2011-01-04,0.004563726555246286
2011-01-05,-0.002486822847716195
2011-01-06,-0.0106372634855153
2011-01-07,-0.009269010052561196
2011-01-10,-0.010424704488478983
2011-01-11,0.010635992672357925
2011-01-12,0.019902438677806777
2011-01-13,-0.008749976431699532
2011-01-14,0.002925173961612718
2011-01-18,-0.0014615726490639063
2011-01-19,-0.007760475606838025
2011-01-20,-0.011010600839970222
2011-01-21,-0.010487063798821823
2011-01-24,0.007715535396335618
2011-01-25,-0.005995908443125974
2011-01-26,0.008767436845612176
2011-01-27,-0.0034123432463242036
2011-01-28,-0.03212745133455612
2011-01-31,0.010533065230083221
2011-02-01,0.023941847802294334
2011-02-02,-0.007487795506698762
2011-02-03,-0.001289137410514098
2011-02-04,-0.0002148093972872492
2011-02-07,0.0012891870173906235
2011-02-08,0.0004298140674645356
2011-02-09,-0.023239274082135077
2011-02-10,-0.00949343201204239
2011-02-11,0.012126704507990627
2011-02-14,-0.005053202535631011
2011-02-15,0.001980240720809363
2011-02-16,0.008318564708983955
2011-02-17,0.00348226509798082
2011-02-18,0.006064622824776771
2011-02-22,-0.03248001474840619
2011-02-23,0.0008915335857411791
2011-02-24,0.0024482441571331537
2011-02-25,0.011934071610921512
2011-02-28,0.005913875756081427
2011-03-01,-0.010317356562644125
2011-03-02,0.013587921428307718
2011-03-03,0.019614918896421227
2011-03-04,0.0010665845758663763
2011-03-07,-0.01417240402424667
2011-03-08,0.013319137107624966
2011-03-09,0.0019187151017797516
2011-03-10,-0.030053018222586048
2011-03-11,0.01026316851322888
2011-03-14,0.005848771428373774
2011-03-15,-0.016770299688258283
2011-03-16,-0.020638065133819758
2011-03-17,0.012256539016139267
2011-03-18,0.0017702376690423697
2011-03-21,0.01905233795458105
2011-03-22,0.0030324762538938978
2011-03-23,0.013105819448380403
2011-03-24,0.011459884443457071
2011-03-25,-0.0010554391175663033
2011-03-28,-0.005082413085032503
2011-03-29,0.011399401960011503
2011-03-30,0.012723230378923232
2011-03-31,0.008666810182864512
2011-04-01,0.01589969183724287
2011-04-04,0.008457589881780707
2011-04-05,-0.0020072840022841566
2011-04-06,0.005410024221728436
2011-04-07,-0.0009995174536732037
2011-04-08,0.0009995174536732705
2011-04-11,-0.011860330101225012
2011-04-12,-0.01898619431599478
2011-04-13,0.008210029610325333
2011-04-14,0.0030620589311909185
2011-04-15,0.0012216002649649076
2011-04-18,-0.02535419929220303
2011-04-19,0.014301998607849666
2011-04-20,0.0233918276987124
2011-04-21,0.008807144429982398
2011-04-25,-0.008203960055331066
2011-04-26,0.008602141239771917
2011-04-27,-0.001793962271869392
2011-04-28,-0.008215785398930352
2011-04-29,0.006017927401100586
2011-05-02,0.00020019726847826118
2011-05-03,-0.022445698718261173
2011-05-04,-0.016703295821067728
2011-05-05,-0.009611275674915053
2011-05-06,0.012932944076088918
2011-05-09,0.0018637105575628904
2011-05-10,0.011722400814378597
2011-05-11,-0.02232880288857832
2011-05-12,0.002922841719885602
2011-05-13,-0.022131756907685467
2011-05-16,-0.0014930578753562713
2011-05-17,0.003196797047537172
2011-05-18,0.016040656002038703
2011-05-19,-0.006511908488175497
2011-05-20,-0.00804067617794594
2011-05-23,-0.02103965466868906
2011-05-24,0.009930596547414666
2011-05-25,0.0021459854264962537
2011-05-26,0.012779868439455737
2011-05-27,0.010526602259791296
2011-05-31,0.016203009108270827
2011-06-01,-0.018090101953726238
2011-06-02,0.009397525158776092
2011-06-03,-0.005000866378263647
2011-06-06,-0.016215800082122134
2011-06-07,0.007824597682905313
2011-06-08,-0.007188063960623825
2011-06-09,0.007820417401103666
2011-06-10,-0.02192316960331978
2011-06-13,-0.0017229599871380224
2011-06-14,0.014976723316824397
2011-06-15,-0.02168135989585857
2011-06-16,-0.007624927838533718
2011-06-17,0.001311226881697258
2011-06-20,-0.0015298162800798
2011-06-21,0.018205802620411313
2011-06-22,-0.010006692779631404
2011-06-23,-0.0013151415000886603
2011-06-24,-0.0017571757907620623
2011-06-27,0.011581451379147154
2011-06-28,0.013593918637579706
2011-06-29,0.00917308656007495
2011-06-30,0.010772469472754039
2011-07-01,0.011695721274940379
2011-07-05,-0.00041561766035939885
2011-07-06,-0.006668993637290207
2011-07-07,0.013707436239481086
2011-07-08,-0.011409720950649837
2011-07-11,-0.028355723147392764
2011-07-12,-0.010139205353317728
2011-07-13,0.016130872348839104
2011-07-14,-0.010725026897489965
2011-07-15,0.0062347017504102336
2011-07-18,-0.011640547201759565
2011-07-19,0.014422659600363902
2011-07-20,0.0029872927445538013
2011-07-21,0.01585531938930244
2011-07-22,-0.0006295501088840511
2011-07-25,-0.0021010003316431253
2011-07-26,0.0033595947190893133
2011-07-27,-0.01776344366394309
2011-07-28,0.0008533482262143568
2011-07-29,0.004254407269329603
2011-08-01,-0.0008497239075526305
2011-08-02,-0.03128917697300135
2011-08-03,-0.003513893783625642
2011-08-04,-0.058893722472041
2011-08-05,-0.0065542748913823
2011-08-08,-0.08705391381074659
2011-08-09,0.057015873419857185
2011-08-10,-0.05445742768922346
2011-08-11,0.05373125858579621
2011-08-12,-0.0004847230370214322
2011-08-15,0.022995073175127966
2011-08-16,-0.008561251943561572
2011-08-17,0.00713952930324688
2011-08-18,-0.04833980463127063
2011-08-19,-0.012522173293116475
2011-08-22,-0.0010085173630888752
2011-08-23,0.03446474723769046
2011-08-24,-0.009796382895000191
2011-08-25,-0.019635852217937948
2011-08-26,0.01692422927904685
2011-08-29,0.0318186705890668
2011-08-30,0.001433020047240659
2011-08-31,0.020322481894734387
2011-09-01,-0.00539498778678408
2011-09-02,-0.022836308367836445
2011-09-06,-0.010400283150509731
2011-09-07,0.02923052629649077
2011-09-08,-0.02244622241563553
2011-09-09,-0.034393009767457614
2011-09-12,-0.0020010636526142816
2011-09-13,0.0015012221129816615
2011-09-14,-0.0027544239211556884
2011-09-15,0.014438741333598017
2011-09-16,0.001728675171046419
2011-09-19,-0.03005483424179744
2011-09-20,-0.007400783568545606
2011-09-21,-0.03784883598253475
2011-09-22,-0.07281954483684776
2011-09-23,0.026261926197851906
2011-09-26,0.014937860765796793
2011-09-27,0.03135381344816516
2011-09-28,-0.030530654409775745
2011-09-29,0.013624151520876739
2011-09-30,-0.05136448502867772
2011-10-03,-0.021307912966125973
2011-10-04,0.015307181864347166
2011-10-05,0.022950463033732472
2011-10-06,0.0325188574045385
2011-10-07,-0.012002518997772051
2011-10-10,0.04375964254006374
2011-10-11,0.0005250435471218537
2011-10-12,0.027703965543857918
2011-10-13,-0.0089778808083405
2011-10-14,0.01989878568274338
2011-10-17,-0.0344330478696964
2011-10-18,0.02631707276187698
2011-10-19,-0.019283195626779114
2011-10-20,-0.019397684667813532
2011-10-21,0.028185867868616557
2011-10-24,0.038368962020354044
2011-10-25,-0.020010614526705724
2011-10-26,0.018275642221928717
2011-10-27,0.05900318739301522
2011-10-28,-0.008454627575509768
2011-10-31,-0.038221087725888094
2011-11-01,-0.024557957640805723
2011-11-02,0.030178433319452573
2011-11-03,0.010181721510148279
2011-11-04,-0.006533902511913244
2011-11-07,0.008461444156491584
2011-11-08,0.011726902514590706
2011-11-09,-0.060312658028421604
2011-11-10,0.006549242358613742
2011-11-11,0.02381647693520907
2011-11-14,-0.013824046355341636
2011-11-15,0.006195119590617802
2011-11-16,-0.02729595217591777
2011-11-17,-0.025714894044777028
2011-11-18,0.0038993369578066476
2011-11-21,-0.032702913170854025
2011-11-22,0.003479037902242122
2011-11-23,-0.032860995577788245
2011-11-25,-0.0033187659155288875
2011-11-28,0.04680971717823168
2011-11-29,-0.004503909278321486
2011-11-30,0.06053069625033216
2011-12-01,-0.003003591309123259
2011-12-02,-0.0030129691978957015
2011-12-05,0.016211841632454604
2011-12-06,-0.013700414917940568
2011-12-07,0.004004856417275761
2011-12-08,-0.0366353684774114
2011-12-09,0.020010425067444004
2011-12-12,-0.03831679821189061
2011-12-13,-0.009280271617518808
2011-12-14,-0.014488879479283368
2011-12-15,0.006465182712938841
2011-12-16,0.007490819150851334
2011-12-19,-0.02619308480614035
2011-12-20,0.041048676848578734
2011-12-21,0.0031762954296809874
2011-12-22,0.013127052918720487
2011-12-23,0.0039046731131803626
2011-12-27,-0.009659597376682993
2011-12-28,-0.016931373488152383
2011-12-29,0.011407549412120736
2011-12-30,0.0007910371240948482
2012-01-03,0.03011660502474723
2012-01-04,-0.005642479927756173
2012-01-05,-0.004382316711600897
2012-01-06,-0.012738904681929182
2012-01-09,0.010411210327926733
2012-01-10,0.021517351248086607
2012-01-11,0.0007597141541140914
2012-01-12,0.004043594061251442
2012-01-13,-0.009121139277100069
2012-01-17,0.018909238860729097
2012-01-18,0.02491190891885814
2012-01-19,0.008731523384591424
2012-01-20,-0.0007245392983915864
2012-01-23,0.009619778187580995
2012-01-24,0.0014351918261270636
2012-01-25,0.011170635556349017
2012-01-26,-0.004025965251221146
2012-01-27,0.005206616492184144
2012-01-30,-0.014504661358386173
2012-01-31,0.008585507224303374
2012-02-01,0.021845042345671372
2012-02-02,0.002784412432584154
2012-02-03,0.016543827924812855
2012-02-06,-0.008467607885186591
2012-02-07,0.002066657193585545
2012-02-08,0.0070848154567079435
2012-02-09,-0.00045566093330568223
2012-02-10,-0.022348631227121833
2012-02-13,0.016177810932053588
2012-02-14,-0.00828730504119373
2012-02-15,0.0027702125537320114
2012-02-16,0.010776322382023657
2012-02-17,0.001822468618768534
2012-02-21,-0.004105738864385517
2012-02-22,0.001827222395632563
2012-02-23,-0.0018272223956324392
2012-02-24,0.010006895742786915
2012-02-27,-0.010006895742786959
2012-02-28,0.01384656958726317
2012-02-29,-0.0006766911396022245
2012-03-01,0.009430056119179887
2012-03-02,-0.0024613851781870545
2012-03-05,-0.017399320958421536
2012-03-06,-0.03408263136939156
2012-03-07,0.011956693490085091
2012-03-08,0.020757320776133632
2012-03-09,-0.00045681965748848886
2012-03-12,-0.011022018057225576
2012-03-13,0.026880950622830177
2012-03-14,-0.01585893256560455
2012-03-15,0.007961080415632257
2012-03-16,-0.001133541846750208
2012-03-19,-0.0038631150712523537
2012-03-20,-0.017455386277691543
2012-03-21,0.0018516372304372445
2012-03-22,-0.015381498176515187
2012-03-23,0.007486966788706313
2012-03-26,0.017331807396926354
2012-03-27,-0.005283092810915229
2012-03-28,-0.016955430006892497
2012-03-29,-0.0011717619447198498
2012-03-30,0.007243746277553617
2012-04-02,0.013643165983542569
2012-04-03,-0.005758331451605225
2012-04-04,-0.018182310839838272
2012-04-05,0.005395943173089569
2012-04-09,-0.014850296398024725
2012-04-10,-0.01966488050127118
2012-04-11,0.010839905784436098
2012-04-12,0.025311362379251662
2012-04-13,-0.015299332357148834
2012-04-16,-0.004993361340024229
2012-04-17,0.011376828093953332
2012-04-18,-0.004724763610707405
2012-04-19,-0.004509315882214656
2012-04-20,0.006874426848659846
2012-04-23,-0.019320563153909173
2012-04-24,0.002165352536351264
2012-04-25,0.009091140614386425
2012-04-26,0.006172588519809221
2012-04-27,0.0014191149615470958
2012-04-30,-0.0021296740444851333
2012-05-01,0.006610338614917895
2012-05-02,-0.0018840912951553152
2012-05-03,-0.007572496268488135
2012-05-04,-0.01773333496657943
2012-05-07,0.003620079740695978
2012-05-08,-0.016027206982260657
2012-05-09,-0.013059831741285997
2012-05-10,0.004207953482907844
2012-05-11,-0.012926259675244958
2012-05-14,-0.023029765578467646
2012-05-15,-0.008742663451657001
2012-05-16,-0.01430661412948825
2012-05-17,-0.013716928336067863
2012-05-18,-0.009607717777110369
2012-05-21,0.02358650783056292
2012-05-22,-0.010531895388447546
2012-05-23,-0.0069059188601863115
2012-05-24,-0.005076753951604653
2012-05-25,-0.0048334662090814785
2012-05-29,0.027871687985885185
2012-05-30,-0.017428536171381123
2012-05-31,0.004253259422506494
2012-06-01,-0.0271559566470321
2012-06-04,0.004351369393273087
2012-06-05,0.002710083417231538
2012-06-06,0.028809823781859728
2012-06-07,0.0060293420392986945
2012-06-08,-0.008662497720400167
2012-06-11,-0.014606642506052134
2012-06-12,0.02065230938984075
2012-06-13,-0.003675542263793637
2012-06-14,0.0070762446555329124
2012-06-15,0.01811640151563273
2012-06-18,0.0020499333944374388
2012-06-19,0.015996256842190703
2012-06-20,-0.00328011613510312
2012-06-21,-0.03730927364220928
2012-06-22,0.003180377645506711
2012-06-25,-0.01869716363069501
2012-06-26,0.00859063711648327
2012-06-27,0.006395010405244434
2012-06-28,-0.0047923000264485285
2012-06-29,0.0433486014592698
2012-07-02,0.0
2012-07-03,0.01973740348696801
2012-07-05,-0.010579441355769397
2012-07-06,-0.018400568296698578
2012-07-09,-0.003617197721619508
2012-07-10,-0.011194090116762723
2012-07-11,0.005222107489834254
2012-07-12,-0.016807281185525387
2012-07-13,0.019148468432116372
2012-07-16,-0.0023411872465909714
2012-07-17,0.013193802089209075
2012-07-18,-0.0025736202286772755
2012-07-19,0.009233256607945682
2012-07-20,-0.01491786092045179
2012-07-23,-0.026521233654347495
2012-07-24,-0.004266971836510533
2012-07-25,0.0047990313299717665
2012-07-26,0.022354740293562332
2012-07-27,0.027701077740425704
2012-07-30,-0.0058356858005937495
2012-07-31,-0.004590505401015907
2012-08-01,0.0017878757707817726
2012-08-02,-0.011806989702554697
2012-08-03,0.030513471192869117
2012-08-06,0.006241569311282297
2012-08-07,0.0027336051606034932
2012-08-08,0.001983583845160859
2012-08-09,0.004202262650580307
2012-08-10,0.00467590242894187
2012-08-13,-0.00887816507952206
2012-08-14,-0.00024770910469673553
2012-08-15,-0.001487671738769786
2012-08-16,0.009139272682636788
2012-08-17,-0.004929599879798098
2012-08-20,-0.0004943815344124572
2012-08-21,-0.0014842955592131225
2012-08-22,0.0004951157058273157
2012-08-23,-0.009198215921446599
2012-08-24,0.0002494964890344019
2012-08-27,-0.010290054941079407
2012-08-28,-0.00202021434182759
2012-08-29,-0.004814592337915902
2012-08-30,-0.011752493226790789
2012-08-31,0.009464151674556201
2012-09-04,-0.005616786815093601
2012-09-05,-0.005133248122110487
2012-09-06,0.021889324472052073
2012-09-07,0.022897715754497117
2012-09-10,-0.012877534592491136
2012-09-11,0.011892855143589953
2012-09-12,0.004423599052546527
2012-09-13,0.026617024042280852
2012-09-14,0.011632032060940285
2012-09-17,-0.010916410664319573
2012-09-18,0.00047740771335195856
2012-09-19,0.0
2012-09-20,-0.005980044678341416
2012-09-21,0.0023962495560751603
2012-09-24,-0.0009577372216093532
2012-09-25,-0.01496511639379668
2012-09-26,-0.004631637827421336
2012-09-27,0.01575605164091731
2012-09-28,-0.00603047157330986
2012-10-01,0.00987117415361043
2012-10-02,0.0014366912016698537
2012-10-03,-0.006721322203261394
2012-10-04,0.010303098913401766
2012-10-05,0.0
2012-10-08,-0.008859170492110865
2012-10-09,-0.007483512761826129
2012-10-10,-0.006076095267695286
2012-10-11,0.009221429094013309
2012-10-12,-0.0031453338263180133
2012-10-15,0.005798490134615201
2012-10-16,0.010305387177215554
2012-10-17,0.007837727736745854
2012-10-18,-0.00284252157149973
2012-10-19,-0.015541375210503128
2012-10-22,0.00959245392214336
2012-10-23,-0.02073874396847081
2012-10-24,0.0009741274134911121
2012-10-25,0.010894642887948145
2012-10-26,-0.007734846664388318
2012-10-31,-0.0014573376999329226
2012-11-01,0.01615076924497903
2012-11-02,-0.005274373047703213
2012-11-05,0.004796506189155809
2012-11-06,0.007863322543479458
2012-11-07,-0.016513358331030206
2012-11-08,-0.012627729160656456
2012-11-09,0.0019530743628330142
2012-11-12,0.0036517881989425187
2012-11-13,-0.00903230962361613
2012-11-14,-0.015569004560953774
2012-11-15,0.0034806878566981544
2012-11-16,0.0029743144167348056
2012-11-19,0.017417406702102223
2012-11-20,-0.0019476807280834924
2012-11-21,-0.00195129391109348
2012-11-23,0.016224835568757777
2012-11-26,0.0
2012-11-27,-0.008442712100460827
2012-11-28,0.005556242357165189
2012-11-29,0.007201409027322636
2012-11-30,-0.0004785942282725464
2012-12-03,-0.0004788233903878983
2012-12-04,0.002868834404369547
2012-12-05,0.010685101404518877
2012-12-06,0.007529490918681408
2012-12-07,0.003042405537609039
2012-12-10,0.005593388527223152
2012-12-11,0.005099656813894634
2012-12-12,0.0030014962562349055
2012-12-13,-0.00438992875970823
2012-12-14,0.004389928759708298
2012-12-17,0.0025323291810365727
2012-12-18,0.006961973575284838
2012-12-19,-0.00045966068674432035
2012-12-20,0.005957891115684849
2012-12-21,-0.011489068213246308
2012-12-24,-0.0020820601984898614
2012-12-26,0.0030061482539472904
2012-12-27,0.0056200053315412024
2012-12-28,0.0036679059434516774
2012-12-31,0.014764204771292306
2013-01-02,0.019427227545683188
2013-01-03,-0.007101739670311209
2013-01-04,0.0020023009575882112
2013-01-07,-0.007586073513651886
2013-01-08,-0.008998823362884299
2013-01-09,0.004284559678204734
2013-01-10,0.008737674706265441
2013-01-11,-0.008062731753528169
2013-01-14,0.004263408119890555
2013-01-15,-0.00426340811989056
2013-01-16,-0.0009000252078426514
2013-01-17,0.005611229563308012
2013-01-18,0.002235295959162273
2013-01-22,-0.0015643190564855432
2013-01-23,-0.005382181258141913
2013-01-24,-0.0036045116251912377
2013-01-25,-0.0033909262473647674
2013-01-28,-0.00704483510174075
2013-01-29,0.011112454123561726
2013-01-30,-0.004746955471574739
2013-01-31,0.002037317388115455
2013-02-01,0.006536329592373957
2013-02-04,-0.013343939244046029
2013-02-05,0.001137844084017196
2013-02-06,-0.0011378440840173114
2013-02-07,-0.008919524982061737
2013-02-08,0.007324318593631404
2013-02-11,-0.0004561580455869339
2013-02-12,0.0027341798878634813
2013-02-13,0.004992925643124491
2013-02-14,-0.00045262193701175183
2013-02-15,-0.0036305691659678924
2013-02-19,0.0020437951332090004
2013-02-20,-0.00888688856385747
2013-02-21,-0.013828175264290444
2013-02-22,0.004399530105020949
2013-02-25,-0.013491287522661837
2013-02-26,0.0056044202256142865
2013-02-27,0.01088628552314292
2013-02-28,-0.004617997057757071
2013-03-01,0.002311370311383263
2013-03-04,-0.009511411824159599
2013-03-05,0.012048291602976055
2013-03-06,0.004824507771197649
2013-03-07,0.0027468128979468293
2013-03-08,0.008648488931801004
2013-03-11,-0.005453574272936614
2013-03-12,-0.011457740356245767
2013-03-13,-0.00949367390088465
2013-03-14,0.004179178184204379
2013-03-15,-0.009077539842959823
2013-03-18,-0.01128614221498296
2013-03-19,-0.0071190370597107935
2013-03-20,0.005699037154895144
2013-03-21,-0.010234095298561095
2013-03-22,0.003820419724613427
2013-03-25,-0.0009537678344047017
2013-03-26,0.014211753677552785
2013-03-27,0.0037555500869386254
2013-03-28,0.0021062817636592914
2013-04-01,-0.010813196469030959
2013-04-02,0.000472782325520487
2013-04-03,-0.011882450396077455
2013-04-04,-0.0028730117558371363
2013-04-05,-0.0024001409433846437
2013-04-08,0.0016807033377611983
2013-04-09,0.00978882294324228
2013-04-10,0.009458572255431452
2013-04-11,0.0009410390451160652
2013-04-12,-0.01540156664046029
2013-04-15,-0.024656815450376828
2013-04-16,0.02034920300076971
2013-04-17,-0.015953478649083176
2013-04-18,0.0
2013-04-19,0.014513922912045455
2013-04-22,0.0047916382104450095
2013-04-23,0.004768787860802326
2013-04-24,0.00592904619813312
2013-04-25,0.008945555055813072
2013-04-26,-0.01012850711908064
2013-04-29,0.010362812514591296
2013-04-30,0.014190978072261632
2013-05-01,-0.010916156593080824
2013-05-02,0.007909000127438266
2013-05-03,0.008306438950255575
2013-05-06,0.0013775868103317562
2013-05-07,0.007088210312338717
2013-05-08,0.007716812366609187
2013-05-09,-0.0072613937883553815
2013-05-10,-0.007773153384399651
2013-05-13,-0.009222914657397215
2013-05-14,0.004622031351246781
2013-05-15,0.0002308176025223595
2013-05-16,-0.0034642188509442676
2013-05-17,0.004385784032709419
2013-05-20,0.0025299923553269033
2013-05-21,-0.0020695280497950662
2013-05-22,-0.011111392427300519
2013-05-23,-0.0074761468151140825
2013-05-24,-0.008715536447792847
2013-05-28,0.0054265098671850255
2013-05-29,-0.012787256764132714
2013-05-30,0.0
2013-05-31,-0.018278564701150694
2013-06-03,0.014697204655163092
2013-06-04,-0.012272960894016796
2013-06-05,-0.01808016691945938
2013-06-06,0.008347667143656513
2013-06-07,-0.00514792695107611
2013-06-10,-0.013609023446947923
2013-06-11,-0.019115251149758917
2013-06-12,-0.006879769577617687
2013-06-13,0.020999939817055956
2013-06-14,-0.01589905847914978
2013-06-17,0.009116206056564997
2013-06-18,0.0042762756502231734
2013-06-19,-0.031359914667466786
2013-06-20,-0.045842168992070796
2013-06-21,0.014268638211047052
2013-06-24,-0.0205245956252153
2013-06-25,0.021059014847957816
2013-06-26,0.015639845310143823
2013-06-27,0.019866677827677395
2013-06-28,0.005730814643741839
2013-07-01,0.0031123006718744273
2013-07-02,-0.018028076309546486
2013-07-03,-0.009270240922705085
2013-07-05,-0.006406864038701534
2013-07-08,0.001337883722442597
2013-07-09,0.013020198365693635
2013-07-10,-0.0095492238944335
2013-07-11,0.047875949952045735
2013-07-12,-0.010728087391219214
2013-07-15,0.01022008299002239
2013-07-16,0.004058672728284603
2013-07-17,0.00907290714741831
2013-07-18,-0.011861605802940326
2013-07-19,-0.00279649724870782
2013-07-22,0.009879700896582926
2013-07-23,0.010781114731811387
2013-07-24,-0.010276955119403509
2013-07-25,0.005778066033056373
2013-07-26,-0.002256994281217184
2013-07-29,-0.012632699794715544
2013-07-30,-0.0022912747653658174
2013-07-31,-0.005878426968005995
2013-08-01,0.0180367765690512
2013-08-02,-0.0002517310955679647
2013-08-05,-0.006315552969018153
2013-08-06,-0.012752232506381304
2013-08-07,-0.010838702239486476
2013-08-08,0.019018911508659853
2013-08-09,0.002034527577141914
2013-08-12,0.009356573981479932
2013-08-13,0.006022485118876295
2013-08-14,0.003247228950896269
2013-08-15,-0.011537514049983627
2013-08-16,-0.008614649200057965
2013-08-19,-0.01900869121049812
2013-08-20,-0.001816743756630255
2013-08-21,-0.023661038019421248
2013-08-22,0.016098012119003916
2013-08-23,0.011710883061700058
2013-08-26,-0.010926047253263706
2013-08-27,-0.023287534080215125
2013-08-28,0.0021395459260717536
2013-08-29,0.007983155957536755
2013-08-30,0.007656547821415476
2013-09-03,0.0062926360741065255
2013-09-04,0.017617061167763546
2013-09-05,0.011743705363680804
2013-09-06,0.014613660700017022
2013-09-09,0.02592409026758536
2013-09-10,0.007526937236485543
2013-09-11,0.0007257311123285011
2013-09-12,-0.011670461072379049
2013-09-13,0.006581323996835209
2013-09-16,0.011113924846332012
2013-09-17,-0.0021648872322072763
2013-09-18,0.041043613079318524
2013-09-19,-0.005329587129893717
2013-09-20,-0.02255761562829035
2013-09-23,0.003558246519866943
2013-09-24,-0.008561362754221542
2013-09-25,-0.0076718902150047135
2013-09-26,0.004083175232456016
2013-09-27,-0.011814500595868459
2013-09-30,-0.011464955233243838
2013-10-01,0.019677513287266482
2013-10-02,0.00384196871036798
2013-10-03,-0.003841968710367889
2013-10-04,0.012906687336340058
2013-10-07,-0.00858580219863152
2013-10-08,-0.009627164195324927
2013-10-09,0.007469326849465857
2013-10-10,0.02325119354834046
2013-10-11,0.004445958843498763
2013-10-14,0.005820010154950035
2013-10-15,-0.009797035204920762
2013-10-16,0.00793841289835305
2013-10-17,0.006259388484862037
2013-10-18,0.000923886167291584
2013-10-21,-0.001617041705616403
2013-10-22,0.009665561415693691
2013-10-23,-0.023639141054112266
2013-10-24,-0.002112986645459055
2013-10-25,0.004689229142366576
2013-10-28,0.005831104194973734
2013-10-29,0.0032504129266922874
2013-10-30,-0.005578588518159246
2013-10-31,-0.01030950017987925
2013-11-01,0.00047068462401941483
2013-11-04,0.006102235126727469
2013-11-05,-0.0203270080574616
2013-11-06,0.003099123792945053
2013-11-07,-0.018256295325781918
2013-11-08,-0.002184326597683213
2013-11-11,-0.005115046183156922
2013-11-12,-0.005386710488704501
2013-11-13,0.0017169152634556241
2013-11-14,0.016046925935364702
2013-11-15,0.018875214514086563
2013-11-18,0.008953890229807023
2013-11-19,-0.006117675182770025
2013-11-20,-0.013783388482043087
2013-11-21,-0.0009575662918209622
2013-11-22,0.007159645735794167
2013-11-25,-0.012924984802170922
2013-11-26,0.0033671325209596657
2013-11-27,0.006461620775196863
2013-11-29,0.010205277616334826
2013-12-02,-0.021239166633374235
2013-12-03,-0.003382406862600524
2013-12-04,-0.001210619492363676
2013-12-05,-0.0058325894452649915
2013-12-06,0.021936371145679433
2013-12-09,0.0014296549589892995
2013-12-10,0.0004761376835547882
2013-12-11,-0.022380824037149243
2013-12-12,-0.005858092899394198
2013-12-13,0.0024452382384331124
2013-12-16,0.006571590694239802
2013-12-17,-0.008772060472785814
2013-12-18,0.019708891440436787
2013-12-19,-0.018573491964024396
2013-12-20,-0.0014810700877544688
2013-12-23,0.007383572811146039
2013-12-24,0.005868292551197418
2013-12-26,-0.008569182797774147
2013-12-27,0.015371879487209552
2013-12-30,0.004348688224753105
2013-12-31,0.007685275415902422
2014-01-02,-0.039278045849635325
2014-01-03,-0.0017433251812529523
2014-01-06,-0.00951707461668527
2014-01-07,0.0042687270544769255
2014-01-08,-0.0032628679363315128
2014-01-09,-0.005292886349656464
2014-01-10,0.017535766223861653
2014-01-13,-0.011991150579965758
2014-01-14,0.010748685217170966
2014-01-15,-0.0002487279800150442
2014-01-16,-0.005486293697944731
2014-01-17,-0.0050136635392111824
2014-01-21,-0.0015090703046007768
2014-01-22,0.013251616191808096
2014-01-23,-0.024897249054936538
2014-01-24,-0.026578602937148754
2014-01-27,-0.003930478485102132
2014-01-28,0.006280968651806177
2014-01-29,-0.014453037769418947
2014-01-30,0.009221803976580999
2014-01-31,0.0015721477226701519
2014-02-03,-0.028687326602118784
2014-02-04,0.02000907548053971
2014-02-05,-0.00370505552863186
2014-02-06,0.020727574730641657
2014-02-07,0.005696411554461706
2014-02-10,-0.011164454903273719
2014-02-11,0.021439441101571612
2014-02-12,0.00025540114203802787
2014-02-13,0.001021715614377632
2014-02-14,0.012176521210657798
2014-02-18,-0.009372871324326402
2014-02-19,-0.006895833266934233
2014-02-20,0.003581265252812525
2014-02-21,0.006871266127234465
2014-02-24,0.0
2014-02-25,-0.011478374861856594
2014-02-26,0.0007695929856539119
2014-02-27,0.018791696841980367
2014-02-28,-0.006815382661064534
2014-03-03,-0.017889749229817172
2014-03-04,0.01687561197483529
2014-03-05,0.00076068356859509
2014-03-06,0.014088428106226084
2014-03-07,-0.01282255785488494
2014-03-10,-0.006855437161420256
2014-03-11,-0.011273489200704163
2014-03-12,0.0020593523942458686
2014-03-13,-0.018163505490838738
2014-03-14,0.005483879927186344
2014-03-17,0.012165024722676204
2014-03-18,0.013796863935188796
2014-03-19,-0.021544724589211826
2014-03-20,0.004397867089426087
2014-03-21,0.0061758446419275335
2014-03-24,0.009701227389353662
2014-03-25,0.011368561814076682
2014-03-26,0.002257897911657071
2014-03-27,0.012948400558122852
2014-03-28,0.007885720452248744
2014-03-31,0.006605597836278537
2014-04-01,0.01163643570026969
2014-04-02,0.001926219306139928
2014-04-03,-0.0038560959479674393
2014-04-04,-0.002659925144498053
2014-04-07,0.004348688224753105
2014-04-08,0.011505402341915811
2014-04-09,0.0075976930796267305
2014-04-10,-0.010700426274999845
2014-04-11,0.0
2014-04-14,-0.002153846344573165
2014-04-15,-0.01520859743863566
2014-04-16,0.01256937090229895
2014-04-17,0.009086661016909909
2014-04-21,-0.006208061345878366
2014-04-22,-0.002638055685123812
2014-04-23,-0.0072308244018651786
2014-04-24,0.0009670679486407814
2014-04-25,-0.01362559759821489
2014-04-28,0.0048878288857102286
2014-04-29,0.00946262183393349
2014-04-30,-0.001933909585352383
2014-05-01,0.0012090564639236114
2014-05-02,0.005543387430872973
2014-05-05,-0.005543387430873022
2014-05-06,0.004580949069396132
2014-05-07,0.005278617424822604
2014-05-08,-0.0023959885282288686
2014-05-09,-0.0016803090813696348
2014-05-12,0.016678725853081743
2014-05-13,0.003773512020459866
2014-05-14,0.007037517994036911
2014-05-15,-0.009393779563800188
2014-05-16,0.013126791401322835
2014-05-19,0.0
2014-05-20,-0.008184102866675931
2014-05-21,0.007718223259291395
2014-05-22,0.006965621883090086
2014-05-23,-0.0018528448237227265
2014-05-27,-0.008613634920785583
2014-05-28,0.005828088489002296
2014-05-29,0.00278554643178333
2014-05-30,-0.013770638965118135
2014-06-02,0.0030504279006758742
2014-06-03,0.00560743400507494
2014-06-04,-0.0056074340050750095
2014-06-05,0.010488320578534837
2014-06-06,0.00992064890416903
2014-06-09,0.0036664033275562334
2014-06-10,0.005246845070074978
2014-06-11,-0.0034186720583635165
2014-06-12,-0.004806272408486598
2014-06-13,0.00045849200124550203
2014-06-16,-0.004596243268125742
2014-06-17,0.00023016544246667848
2014-06-18,0.010994044093937262
2014-06-19,-0.005710813583249846
2014-06-20,-0.002063948617054926
2014-06-23,-0.0020683319061646777
2014-06-24,-0.0004601981156703345
2014-06-25,0.0021086389368527424
2014-06-26,0.0011569904791891045
2014-06-27,0.002309174744023569
2014-06-30,-0.002771856042934455
2014-07-01,0.009439382959785065
2014-07-02,0.005940235889666129
2014-07-03,0.005905045839563966
2014-07-07,-0.0006794582486117995
2014-07-08,-0.004542570696110843
2014-07-09,0.005674856633065781
2014-07-10,-0.0054471754869270216
2014-07-11,-0.001138474047963724
2014-07-14,0.007716654850295782
2014-07-15,-0.0006784944034119949
2014-07-16,0.002485714126560959
2014-07-17,-0.018909463382174935
2014-07-18,0.015518410655277957
2014-07-21,0.00339105272689695
2014-07-22,0.009210586974574036
2014-07-23,0.0008937856646251896
2014-07-24,0.004458303771573251
2014-07-25,-0.004011434410719799
2014-07-28,0.006898977947557702
2014-07-29,-0.006006499473553932
2014-07-30,-0.004920401763195897
2014-07-31,-0.01764330525495357
2014-08-01,0.005461938808355351
2014-08-04,0.009262607329299581
2014-08-05,-0.015409616615459448
2014-08-06,-0.0068742554410643215
2014-08-07,-0.0039165933014656575
2014-08-08,0.008962487838677122
2014-08-11,0.012730216319511623
2014-08-12,0.0011288188440406709
2014-08-13,0.005400597024620484
2014-08-14,0.0015695157705934875
2014-08-15,-0.002692473411808596
2014-08-18,0.009614559773494387
2014-08-19,0.004662064768499503
2014-08-20,-0.0019954296166012665
2014-08-21,-0.004225425818483427
2014-08-22,-0.0026782731182306762
2014-08-25,0.007347264882969445
2014-08-26,0.005971632681169302
2014-08-27,0.005058929506033751
2014-08-28,-0.009921905026810021
2014-08-29,-0.0015522231066485463
2014-09-02,-0.0015547461022568996
2014-09-03,0.013028874235715407
2014-09-04,-0.0026361725728946107
2014-09-05,0.008541950863362546
2014-09-08,-0.011847187492904365
2014-09-09,-0.012436417867736188
2014-09-10,-0.004254538347463521
2014-09-11,-0.006755287960032044
2014-09-12,-0.010675983324287854
2014-09-15,-0.005036427132451401
2014-09-16,0.012997510561528524
2014-09-17,-0.00933229490482147
2014-09-18,0.001371211475744429
2014-09-19,-0.0075645260074596625
2014-09-22,-0.015302913211677814
2014-09-23,-0.005623188313495118
2014-09-24,0.01423120983012663
2014-09-25,-0.022015323491241506
2014-09-26,0.0044891031722975065
2014-09-29,-0.020481331562390848
2014-09-30,0.0
2014-10-01,-0.020664644709131538
2014-10-02,0.0053896019785342995
2014-10-03,0.008514524992496442
2014-10-06,0.012996533319399277
2014-10-07,-0.008886365930583747
2014-10-08,0.014847280380817103
2014-10-09,-0.01581313015655365
2014-10-10,-0.02197351211844077
2014-10-13,0.010070121852658938
2014-10-14,0.005848018123614457
2014-10-15,-0.01271415213274941
2014-10-16,-0.00914575154290301
2014-10-17,0.011112640192225933
2014-10-20,0.0029424023820848115
2014-10-21,0.0041541155470637
2014-10-22,-0.006605505798176216
2014-10-23,-0.00024562760691451425
2014-10-24,0.007094541959898054
2014-10-27,-0.007831604837888168
2014-10-28,0.01994740056206792
2014-10-29,0.0014439066749259127
2014-10-30,0.009335915561740012
2014-10-31,0.004279671051750203
2014-11-03,-0.008338397513374406
2014-11-04,0.0009563107840456709
2014-11-05,-0.008882395814788448
2014-11-06,-0.01237419854317745
2014-11-07,0.006327135768109493
2014-11-10,0.00266535964332567
2014-11-11,-0.0009681768498120049
2014-11-12,-0.0019398299547056862
2014-11-13,-0.0026726511914510038
2014-11-14,0.008238753482692904
2014-11-17,-0.010674436825177987
2014-11-18,0.005350981695127957
2014-11-19,-0.0004845734860310325
2014-11-20,-0.0017006525046137548
2014-11-21,0.03135335369489349
2014-11-24,-0.008281653274010998
2014-11-25,-0.0064352932756900376
2014-11-26,0.012593847063320247
2014-11-28,-0.020275297845934553
2014-12-01,-0.01725582096474703
2014-12-02,-0.00024538707267719343
2014-12-03,0.0026939573486457267
2014-12-04,0.001710384548735421
2014-12-05,-0.0019554132299217566
2014-12-08,-0.01478563511009926
2014-12-09,-0.009478852629975753
2014-12-10,-0.014897492841415519
2014-12-11,-0.008430268722312789
2014-12-12,-0.01655432323902527
2014-12-15,-0.014449513118522356
2014-12-16,-0.0015892254354186828
2014-12-17,0.022726618108049945
2014-12-18,0.01357400570669727
2014-12-19,0.006975686681419095
2014-12-22,0.013807563226117535
2014-12-23,-0.00918347278284692
2014-12-24,0.002303958099431379
2014-12-26,0.007894947486872781
2014-12-29,-0.006106877662357345
2014-12-30,0.0020394415321432022
2014-12-31,0.0007640450395307822
2015-01-02,-0.013323530539352733
2015-01-05,-0.01795730642677788
2015-01-06,-0.004210675058886728
2015-01-07,0.021394124765919002
2015-01-08,0.016893283580889835
2015-01-09,-0.003305132778608668
2015-01-12,-0.008182061536968281
2015-01-13,0.008691297993785254
2015-01-14,-0.005615291246622319
2015-01-15,0.0023010137947034226
2015-01-16,0.008391751382741378
2015-01-20,-0.001520617353249107
2015-01-21,0.021824378487218018
2015-01-22,0.018926513768859666
2015-01-23,-0.007576682417885167
2015-01-26,0.0004906256746788503
2015-01-27,-0.005409326448918079
2015-01-28,-0.010907477628659318
2015-01-29,0.0
2015-01-30,-0.02780040250848826
2015-02-02,0.017780398136740247
2015-02-03,0.018706160856292123
2015-02-04,-0.004954033529027803
2015-02-05,0.0059416493649843164
2015-02-06,-0.017179515583453236
2015-02-09,-0.001508006275556993
2015-02-10,-0.0025181831209974107
2015-02-11,-0.007339155682152535
2015-02-12,0.02111188774470532
2015-02-13,0.011375088895924852
2015-02-17,-0.002215486470287885
2015-02-18,-0.0002468220325119681
2015-02-19,-0.004198749746601163
2015-02-20,0.006661058249400871
2015-02-23,-0.0101324270787441
2015-02-24,0.014303479002254576
2015-02-25,-0.0019607618195827754
2015-02-26,0.0002454923071288627
2015-02-27,-0.0007360598323225679
2015-03-02,-0.001474106320110653
2015-03-03,-0.007649719444671999
2015-03-04,-0.010958671506280514
2015-03-05,-0.001504031813358562
2015-03-06,-0.015418014845681307
2015-03-09,-0.003827511356658747
2015-03-10,-0.02249638839105366
2015-03-11,0.0075548306291318475
2015-03-12,0.006209583618758738
2015-03-13,-0.012196577202761967
2015-03-16,0.011938670546197043
2015-03-17,0.011543182104940623
2015-03-18,0.02418828764008275
2015-03-19,-0.017072558618283114
2015-03-20,0.014829828440678297
2015-03-23,0.0029895339496057
2015-03-24,0.003972032416070144
2015-03-25,-0.01598398509605735
2015-03-26,-0.009358604538018319
2015-03-27,0.002791020845938023
2015-03-30,0.019076934372870856
2015-03-31,-0.0022401811990771267
2015-04-01,0.012382575190378385
2015-04-02,0.014901987793330794
2015-04-06,0.012769779746792123
2015-04-07,-0.005040129847397239
2015-04-08,0.020717468475657645
2015-04-09,0.00984982536363668
2015-04-10,0.0006997142891591361
2015-04-13,-0.005846995915014667
2015-04-14,0.004446849827326608
2015-04-15,0.006981547282867764
2015-04-16,0.007854082858198245
2015-04-17,-0.01764170320061261
2015-04-20,-0.00093756704641277
2015-04-21,0.005843351858818429
2015-04-22,0.010663143406662821
2015-04-23,0.007351085917143798
2015-04-24,0.0036554329009117633
2015-04-27,0.0038695956049434894
2015-04-28,0.00158878685896157
2015-04-29,-0.012552899021055674
2015-04-30,-0.015274711332738644
2015-05-01,0.006045124251140641
2015-05-04,0.0057787475902313515
2015-05-05,-0.010891339850815706
2015-05-06,-0.012425492758853006
2015-05-07,-0.0014164573056108833
2015-05-08,0.012676348023825227
2015-05-11,-0.009609831642027606
2015-05-12,-0.0033029604755554233
2015-05-13,0.0018888401329319722
2015-05-14,0.009856875947045303
2015-05-15,0.007677446447707997
2015-05-18,-0.010249749854179965
2015-05-19,0.0016378203409873283
2015-05-20,-0.0007018062227460854
2015-05-21,-0.003514722595657426
2015-05-22,0.003280829688818422
2015-05-26,-0.01603792035782011
2015-05-27,0.00023790547851934622
2015-05-28,-0.013159844763133312
2015-05-29,-0.009680562234008757
2015-06-01,-0.0038983562313115376
2015-06-02,0.0038983562313115593
2015-06-03,-0.005119886957560524
2015-06-04,-0.015271455425079345
2015-06-05,-0.0044776422592716116
2015-06-08,-0.00024941086986044413
2015-06-09,-0.006002887723765787
2015-06-10,0.014445924158606726
2015-06-11,-0.00495759823962102
2015-06-12,0.0
2015-06-15,-0.011245926502520017
2015-06-16,0.00025117008016290355
2015-06-17,0.006012336214278509
2015-06-18,0.009198432038365264
2015-06-19,-0.008699290349744924
2015-06-22,0.014374378074821325
2015-06-23,0.009794163778019567
2015-06-24,-0.007091136819924939
2015-06-25,-0.0034422821418265736
2015-06-26,-0.009471603157194057
2015-06-29,-0.02254091914182716
2015-06-30,0.01474707521065293
2015-07-01,-0.0007573938991790775
2015-07-02,0.004787350595528277
2015-07-06,-0.028300035009060698
2015-07-07,-0.015112117685332709
2015-07-08,-0.034997844040685164
2015-07-09,0.019120182028396906
2015-07-10,0.025024057701319456
2015-07-13,0.0067411907699456396
2015-07-14,0.0018071335483709667
2015-07-15,-0.01141351409525299
2015-07-16,0.012444777588421246
2015-07-17,-0.0012893236080102355
2015-07-20,-0.0064707927986423315
2015-07-21,0.00025967238983356014
2015-07-22,-0.014380776846778907
2015-07-23,-0.009792873551028798
2015-07-24,-0.014465741557437949
2015-07-27,-0.01906889272390284
2015-07-28,0.010124828131577286
2015-07-29,0.009753338940892654
2015-07-30,-0.010025799560891368
2015-07-31,0.010834224085316894
2015-08-03,-0.016843506263924175
2015-08-04,0.003555506630968829
2015-08-05,0.0002727339289529003
2015-08-06,-0.00877204945255232
2015-08-07,-0.0005506832317137351
2015-08-10,0.01666479529882738
2015-08-11,-0.022189710719696203
2015-08-12,-0.015634087506735932
2015-08-13,-0.0016897456355394423
2015-08-14,0.0014083649411548956
2015-08-17,-0.011037303742225044
2015-08-18,-0.010872860598457485
2015-08-19,-0.01244746658062875
2015-08-20,-0.01585481874646219
2015-08-21,-0.03126186942029402
2015-08-24,-0.04464629709386535
2015-08-25,0.012690464696736228
2015-08-26,0.032566189749700755
2015-08-27,0.043296721957675484
2015-08-28,-0.012941308720271784
2015-08-31,0.0017747076344679375
2015-09-01,-0.03948059883888947
2015-09-02,0.014344590228616368
2015-09-03,0.0039316465290736985
2015-09-04,-0.030337889362710632
2015-09-08,0.03124311920573939
2015-09-09,-0.005139771529565179
2015-09-10,0.010253260834819757
2015-09-11,0.0038929394065227068
2015-09-14,-0.0014956306226221615
2015-09-15,0.009532317646009031
2015-09-16,0.024020003850874362
2015-09-17,-0.002318116183354998
2015-09-18,-0.018741389483099648
2015-09-21,-0.0017752326364476579
2015-09-22,-0.018831849753336866
2015-09-23,-0.016121805916097406
2015-09-24,-0.004302508371980589
2015-09-25,-0.0021580667327813145
2015-09-28,-0.021526372517662633
2015-09-29,0.004719059396881081
2015-09-30,0.028467249894055052
2015-10-01,0.005475877746274088
2015-10-02,0.026349167209682906
2015-10-05,0.02134276516610473
2015-10-06,-0.0017371291673965758
2015-10-07,0.026309761693881027
2015-10-08,0.010668205764243826
2015-10-09,0.003623824280343501
2015-10-12,-0.007541104936619639
2015-10-13,-0.01639379240773477
2015-10-14,0.007665274650722311
2015-10-15,0.024030114883303505
2015-10-16,0.0008280348167634265
2015-10-19,-0.010259382984929495
2015-10-20,-0.0002789161517138187
2015-10-21,-0.014602800589819128
2015-10-22,0.020440279930214328
2015-10-23,0.005803800743110201
2015-10-26,-0.009135579241930017
2015-10-27,-0.011466901368802672
2015-10-28,-0.011599917958342172
2015-10-29,-0.009435136184322996
2015-10-30,0.0017220320647413161
2015-11-02,0.019594516533086973
2015-11-03,0.013130505696783087
2015-11-04,-0.008081573968251462
2015-11-05,0.0016775984429521936
2015-11-06,-0.014065028966848674
2015-11-09,-0.025245074284371314
2015-11-10,-0.004367662047582158
2015-11-11,0.002040780783639176
2015-11-12,-0.009656430742059033
2015-11-13,-0.013915690418732977
2015-11-16,0.019194403395382583
2015-11-17,-0.0029293509432411573
2015-11-18,0.01079532827236126
2015-11-19,0.008955743335645753
2015-11-20,0.010015720963270249
2015-11-23,-0.009440604255462677
2015-11-24,0.005160390422886561
2015-11-25,-0.007750815280489266
2015-11-27,-0.022145515065265853
2015-11-30,0.0014720789164262798
2015-12-01,0.00762032641722224
2015-12-02,-0.012043080209169357
2015-12-03,-0.005630626785177393
2015-12-04,0.0068121130127297815
2015-12-07,-0.01666717004011434
2015-12-08,-0.011166452744832873
2015-12-09,-0.008228085856900363
2015-12-10,-0.006754905038760583
2015-12-11,-0.028434838772267754
2015-12-14,0.016035709903497147
2015-12-15,0.015168141344947383
2015-12-16,0.019470883886751632
2015-12-17,-0.01304005879737658
2015-12-18,-0.003363390353680989
2015-12-21,0.007777157647821603
2015-12-22,0.0079924581865861
2015-12-23,0.013986376642101308
2015-12-24,-0.0036297683119972035
2015-12-28,-0.006994165865249394
2015-12-29,0.0009149983631496526
2015-12-30,-0.01567080463584803
2015-12-31,-0.003101801308670659
2016-01-04,-0.02771833895917797
2016-01-05,0.0022331807048351403
2016-01-06,-0.019305390525573524
2016-01-07,-0.031350761457624284
2016-01-08,-0.010785384768691234
2016-01-11,-0.00033901310391223
2016-01-12,0.002032034623104787
2016-01-13,-0.010542651857284554
2016-01-14,0.01290780364948505
2016-01-15,-0.04028783855209128
2016-01-19,0.014649848477080415
2016-01-20,-0.02205587995442112
2016-01-21,0.0038863215489985626
2016-01-22,0.033631108761796064
2016-01-25,-0.01719438733282516
2016-01-26,0.014463023401977465
2016-01-27,-0.0034244028533310434
2016-01-28,0.0156570539277814
2016-01-29,0.03190715271936287
2016-02-01,-0.009531975435948194
2016-02-02,-0.03289993310346144
2016-02-03,0.027933915900682685
2016-02-04,0.0076047508483111466
2016-02-05,-0.0115956038243472
2016-02-08,-0.013756094625308234
2016-02-09,-0.013948211957541196
2016-02-10,0.004102570441202591
2016-02-11,-0.016859338685640813
2016-02-12,0.017200386589688685
2016-02-16,0.0219270421093474
2016-02-17,0.019495235752725246
2016-02-18,-0.0059075064715291056
2016-02-19,-0.004619195491783918
2016-02-22,0.024499200980763674
2016-02-23,-0.02152721377342118
2016-02-24,-0.0023107381514398135
2016-02-25,0.0032994671072838844
2016-02-26,-0.009930766223214451
2016-02-29,0.008612269764602188
2016-03-01,0.03500033574136768
2016-03-02,0.01328709391635527
2016-03-03,0.011250120189273764
2016-03-04,0.01969311601973862
2016-03-07,-0.0015247984858276142
2016-03-08,-0.017236477148414298
2016-03-09,0.006190250439191741
2016-03-10,0.0015412819664113828
2016-03-11,0.0207323578791174
2016-03-14,-0.006053120260933176
2016-03-15,-0.014371134093403497
2016-03-16,0.019820775395276984
2016-03-17,0.021801817932676444
2016-03-18,0.005303243864629778
2016-03-21,0.0020549368544530385
2016-03-22,-0.0023485643286736274
2016-03-23,-0.017196069871900737
2016-03-24,-0.0023952587063041193
2016-03-28,0.003292145923189807
2016-03-29,0.013649911609862845
2016-03-30,0.010262510757397895
2016-03-31,-0.0008752684699037769
2016-04-01,-0.0029243153917933584
2016-04-04,-0.012078258921275488
2016-04-05,-0.019755314693195882
2016-04-06,0.012019471435140648
2016-04-07,-0.020214940980372725
2016-04-08,0.01722369681126456
2016-04-11,0.012799597661892799
2016-04-12,0.015263152847691877
2016-04-13,0.017612359665560316
2016-04-14,-0.004877182727182262
2016-04-15,-0.005768600352301518
2016-04-18,0.004617703888602611
2016-04-19,0.015144998224930453
2016-04-20,-0.004547934106914744
2016-04-21,-0.010021690128764195
2016-04-22,-0.006061345196242277
2016-04-25,-0.006389994739037296
2016-04-26,0.010723262937986837
2016-04-27,0.006035488409411634
2016-04-28,-0.010368756608361058
2016-04-29,-0.004352334868514605
2016-05-02,-0.0026205920092338525
2016-05-03,-0.028687188454194833
2016-05-04,-0.016334409501133407
2016-05-05,-0.0003050962462150181
2016-05-06,0.0015241886194311445
2016-05-09,-0.012875532029077043
2016-05-10,0.018948872339768604
2016-05-11,-0.0024248827624954753
2016-05-12,-0.0027349857851371555
2016-05-13,-0.018118100617408026
2016-05-16,0.012012881069639922
2016-05-17,-0.004603299250300261
2016-05-18,-0.00989186586621393
2016-05-19,-0.009363477500817353
2016-05-20,0.009984607933772108
2016-05-23,-0.001864549907456761
2016-05-24,0.01021212115743408
2016-05-25,0.01193581921470188
2016-05-26,0.0066707952234496505
2016-05-27,-0.0003022578033052079
2016-05-31,0.0012084834408371396
2016-06-01,-0.0006041310999333167
2016-06-02,0.008124100830699098
2016-06-03,0.015167665851929335
2016-06-06,0.010569542166300997
2016-06-07,0.009013109094827852
2016-06-08,0.007209842309633564
2016-06-09,-0.011560776257673504
2016-06-10,-0.025616375511862716
2016-06-13,-0.014116178628293641
2016-06-14,-0.0033329700648239164
2016-06-15,0.01056606041337613
2016-06-16,-0.003610113129182073
2016-06-17,0.0027090743199070654
2016-06-20,0.017578350821883804
2016-06-21,0.007649147574532682
2016-06-22,0.0025370240007340224
2016-06-23,0.023873102427774733
2016-06-24,-0.06262242477465
2016-06-27,-0.012947198351989006
2016-06-28,0.02904965927403691
2016-06-29,0.025001374285082957
2016-06-30,0.009944430277216967
2016-07-01,0.009558211727543198
2016-07-05,-0.02156255480264974
2016-07-06,-0.0026543906565673855
2016-07-07,-0.002661525159239054
2016-07-08,0.021386703119252688
2016-07-11,0.009519403272196959
2016-07-12,0.013970434233797997
2016-07-13,-0.001700366456986383
2016-07-14,0.014360528883280871
2016-07-15,-0.002239192567987347
2016-07-18,0.008926252196478046
2016-07-19,-0.010328148854650675
2016-07-20,0.005037960244926592
2016-07-21,-0.0030757621303170966
2016-07-22,0.007254705715324492
2016-07-25,-0.010058959609746891
2016-07-26,0.007832231493413874
2016-07-27,0.00333797314104974
2016-07-28,0.00027786436619476056
2016-07-29,0.005260826302574634
2016-08-01,-0.001934946291643451
2016-08-02,-0.007220456870247585
2016-08-03,0.003339099013220827
2016-08-04,0.0055400937239021425
2016-08-05,0.011535325392763621
2016-08-08,0.007074999976522083
2016-08-09,0.006755811895500467
2016-08-10,0.0002692294715908333
2016-08-11,0.012841396383687101
2016-08-12,-0.0037285664557094957
2016-08-15,0.010351927934111821
2016-08-16,-0.004498860929008275
2016-08-17,-0.006386711896141948
2016-08-18,0.00929997981596179
2016-08-19,-0.005569678129727795
2016-08-22,-0.013387030822666178
2016-08-23,-0.004051147127431142
2016-08-24,0.0027026299715258843
2016-08-25,0.0008093412361144266
2016-08-26,-0.008667230097671568
2016-08-29,0.007587877780151759
2016-08-30,-0.002703552657616261
2016-08-31,-0.011160905216359707
2016-09-01,0.007635664084545313
2016-09-02,0.016168312806105624
2016-09-06,0.021159507247357188
2016-09-07,-0.0031454808871358756
2016-09-08,-0.002628927230194528
2016-09-09,-0.03427381566523627
2016-09-12,0.0067869915794024705
2016-09-13,-0.025484179433656558
2016-09-14,0.003048355106339319
2016-09-15,0.017010152486297267
2016-09-16,-0.006824236038565915
2016-09-19,0.0079113556550077
2016-09-20,0.000543405671471659
2016-09-21,0.027589847762801583
2016-09-22,0.007108239927514542
2016-09-23,-0.012937731611170789
2016-09-26,-0.014723651269387508
2016-09-27,0.014192196938699343
2016-09-28,0.008999584689293154
2016-09-29,-0.01754408984318364
2016-09-30,0.004281283996562496
2016-10-03,0.006918549934406504
2016-10-04,-0.011199833930969004
2016-10-05,0.01437702430091633
2016-10-06,0.0007927852219581173
2016-10-07,-0.004500490121339471
2016-10-10,0.010819564663120272
2016-10-11,-0.02336811774727142
2016-10-12,-0.0018824538925881387
2016-10-13,-0.008922709019362377
2016-10-14,0.0016283834619503059
2016-10-17,-0.0010851446658959303
2016-10-18,0.01748985768343405
2016-10-19,0.006116411067750842
2016-10-20,-0.002920605798781928
2016-10-21,-0.0002659901962424574
2016-10-24,0.004246312712488953
2016-10-25,0.0010586574050014683
2016-10-26,-0.010638359436020674
2016-10-27,-0.00859281742392649
2016-10-28,-0.004053400402045019
2016-10-31,0.005670120421328802
2016-11-01,-0.00811018603298741
2016-11-02,-0.012015350983407391
2016-11-03,-0.002751217708233414
2016-11-04,-0.010245213051233156
2016-11-07,0.03554228441031304
2016-11-08,0.006426104737726754
2016-11-09,-0.03310149827510782
2016-11-10,-0.028825052707271554
2016-11-11,-0.019206795922061308
2016-11-14,-0.007262271695449001
2016-11-15,0.01991700714687799
2016-11-16,-0.008322444912522748
2016-11-17,0.0014397774006308912
2016-11-18,-0.004614972273311852
2016-11-21,0.009781561027770284
2016-11-22,0.01505913625729976
2016-11-23,-0.010774145448649304
2016-11-25,0.004834390220389883
2016-11-28,0.003963776556228645
2016-11-29,0.0014117925964195286
2016-11-30,0.0016914045634126385
2016-12-01,-0.01190136393645075
2016-12-02,0.0011393547429355384
2016-12-05,0.008223728243739311
2016-12-06,0.005351145684550312
2016-12-07,0.016713682622014052
2016-12-08,0.004410107831940946
2016-12-09,-0.005239262469507176
2016-12-12,-0.006657446401918043
2016-12-13,0.011071334404688436
2016-12-14,-0.03017825443805372
2016-12-15,0.001700647371559198
2016-12-16,-0.004541547409802033
2016-12-19,-0.006851365312520544
2016-12-20,0.0034315840158181134
2016-12-21,-0.0041666391858347675
2016-12-22,-0.011958459465000452
2016-12-23,0.005851098588073127
2016-12-27,0.004366271250828353
2016-12-28,0.007523104800707109
2016-12-29,0.01629778927748387
2016-12-30,-0.007115318182881741
2017-01-03,0.011924905691586753
2017-01-04,0.007591870236471877
2017-01-05,0.010865372812430765
2017-01-06,-0.004165085106364442
2017-01-09,-0.0008349467213422531
2017-01-10,0.00583113926711374
2017-01-11,0.011834036938506832
2017-01-12,0.004368073320573016
2017-01-13,-0.000817426388668136
2017-01-17,-0.0005456834186280803
2017-01-18,-0.005470391553426583
2017-01-19,-0.003021536068199162
2017-01-20,0.0019239858126299237
2017-01-23,0.014718299386953227
2017-01-24,0.006203457063089937
2017-01-25,0.01096421156146705
2017-01-26,-0.00426452143465088
2017-01-27,0.0008010894645882272
2017-01-30,-0.00535175560872579
2017-01-31,0.0018762240229713502
2017-02-01,0.0005353734141599277
2017-02-02,0.004273509311037908
2017-02-03,0.0061117091116341315
2017-02-06,-0.0023872725300147076
2017-02-07,-0.005057787721063013
2017-02-08,0.006119714788411744
2017-02-09,0.004498939849979873
2017-02-10,0.009199634768960884
2017-02-13,0.0031348734987916337
2017-02-14,0.0010427371840483466
2017-02-15,0.008044572052082144
2017-02-16,-0.0036248021023557726
2017-02-17,-0.0041594531930273515
2017-02-21,0.01088134663343063
2017-02-22,0.0030869289890263617
2017-02-23,0.0002568194624595411
2017-02-24,-0.011883285575234428
2017-02-27,-0.003123450280447
2017-02-28,-0.009692120966592171
2017-03-01,0.015411065107020932
2017-03-02,-0.017782991969720007
2017-03-03,0.007622336646877435
2017-03-06,0.0005236441274290095
2017-03-07,0.0010467716868496266
2017-03-08,-0.009456681759715256
2017-03-09,-0.007949078110913516
2017-03-10,0.011111149899395562
2017-03-13,0.013847217764822435
2017-03-14,-0.005724471732262223
2017-03-15,0.025761312598756633
2017-03-16,0.006085237663375674
2017-03-17,-0.0017713150824476337
2017-03-20,0.011581405491642034
2017-03-21,-0.011074995228199795
2017-03-22,0.0047976793336922405
2017-03-23,0.00025166244116804604
2017-03-24,0.002515142015796778
2017-03-27,-0.002766804456964711
2017-03-28,0.0027668044569648083
2017-03-29,0.0017568547482829679
2017-03-30,-0.00527996882017439
2017-03-31,-0.007083210846769636
2017-04-03,0.005569698993593355
2017-04-04,0.0005048763950077217
2017-04-05,-0.003032734260597106
2017-04-06,-0.0017734405895422612
2017-04-07,-0.0017762353031973285
2017-04-10,-0.004072346602204915
2017-04-11,-0.0022978024326985626
2017-04-12,0.00484509552781559
2017-04-13,-0.0043338969308957375
2017-04-17,0.010420441921552311
2017-04-18,-0.012722657088408527
2017-04-19,-0.00616465723454377
2017-04-20,0.012292019780148182
2017-04-21,0.0
2017-04-24,0.014152274400082243
2017-04-25,0.00874447287098914
2017-04-26,-0.0037381053677208453
2017-04-27,-0.0012495360800841722
2017-04-28,0.0014991161104990043
2017-05-01,0.005724954725593039
2017-05-02,0.0071720274799218515
2017-05-03,-0.006675670166659984
2017-05-04,-0.011226427076928157
2017-05-05,0.008244580899026145
2017-05-08,-0.0002484239420217822
2017-05-09,0.01261282644594396
2017-05-10,0.0066136479797703615
2017-05-11,0.0021948648356826983
2017-05-12,0.004132606604727996
2017-05-15,0.010137826195280709
2017-05-16,0.0009603073362403075
2017-05-17,-0.0171814550608496
2017-05-18,-0.01673671153013437
2017-05-19,0.02112045269069291
2017-05-22,0.0009716234653186949
2017-05-23,0.0009705670269452949
2017-05-24,0.0038731011724110666
2017-05-25,0.004820544766220379
2017-05-26,0.003600163905604178
2017-05-30,-0.0052844987957967665
2017-05-31,-0.007736977914320271
2017-06-01,0.008459038585289265
2017-06-02,0.005041668617175719
2017-06-05,-0.0011981151269906145
2017-06-06,0.0004794631001006618
2017-06-07,-0.0011988649016667526
2017-06-08,0.005979891812446733
2017-06-09,-0.007660923055103332
2017-06-12,-0.005301390992959357
2017-06-13,0.004820544766220379
2017-06-14,-0.00024017279975395182
2017-06-15,-0.010395663631141428
2017-06-16,0.0016995803687700761
2017-06-19,0.009897829627459855
2017-06-20,-0.011114260218063722
2017-06-21,0.002193650968794701
2017-06-22,0.0051000701117369885
2017-06-23,0.005315567938768643
2017-06-26,0.009592505587113527
2017-06-27,-0.011763626748582803
2017-06-28,0.007698183380684949
2017-06-29,-0.01278220100949012
2017-06-30,0.004600718208561416
2017-07-03,0.005781999834216053
2017-07-05,-0.0019235837505941114
2017-07-06,-0.0121067084395861
2017-07-07,0.0019471038210194884
2017-07-10,0.009437515674648147
2017-07-11,0.00815541197084627
2017-07-12,0.01916508892542663
2017-07-13,0.00490962698922226
2017-07-14,0.012514636399026457
2017-07-17,-0.0046169725964504095
2017-07-18,0.003003407542175801
2017-07-19,0.008270234581384154
2017-07-20,-0.0011444641156550415
2017-07-21,-0.0006873929615152648
2017-07-24,0.00297501289187432
2017-07-25,-0.0025166274023290755
2017-07-26,0.008213520112379247
2017-07-27,-0.005467929597981913
2017-07-28,-0.000457447240960504
2017-07-31,0.001142323602099616
2017-08-01,0.002963694761930086
2017-08-02,0.0009099872435185934
2017-08-03,-0.0041021697815503905
2017-08-04,0.003647120969132125
2017-08-07,0.006802718989823307
2017-08-08,0.00022611281591771422
2017-08-09,-0.009078799787279424
2017-08-10,-0.02399725908367599
2017-08-11,0.0023325523724874895
2017-08-14,0.01019951102866231
2017-08-15,0.0011524851002702862
2017-08-16,0.010312710582255816
2017-08-17,-0.012849761527637978
2017-08-18,0.008508591952135255
2017-08-21,0.003657230260040325
2017-08-22,0.011117399130234476
2017-08-23,0.004727276125955329
2017-08-24,0.003139009017514289
2017-08-25,0.005803382609711948
2017-08-28,-0.0035674287529546397
2017-08-29,-0.0017885502342542886
2017-08-30,0.0015652212457324861
2017-08-31,0.0015627751563566778
2017-09-01,0.007334179690099284
2017-09-05,-0.01315106590888868
2017-09-06,0.00648567797450707
2017-09-07,0.007329294216439123
2017-09-08,-0.006660742274782264
2017-09-11,0.013277616889822909
2017-09-12,-0.0010999640232938139
2017-09-13,-0.005295603536565588
2017-09-14,0.002651358492230666
2017-09-15,0.005939902027226522
2017-09-18,0.003503274255916465
2017-09-19,0.0021836346401712097
2017-09-20,-0.004590867674220835
2017-09-21,0.0
2017-09-22,-0.0057127417907618504
2017-09-25,-0.017113391554130514
2017-09-26,-0.0026936131080324078
2017-09-27,-0.0036029826714404486
2017-09-28,-0.0006766853923613231
2017-09-29,0.011446609958028217
2017-10-02,0.00022276853232941656
2017-10-03,0.015717300621521612
2017-10-04,-0.00021990710979462986
2017-10-05,0.007441733299941735
2017-10-06,-0.005027958374644812
2017-10-09,-0.0006577061075820539
2017-10-10,0.009820053820561052
2017-10-11,0.004549783696970659
2017-10-12,-0.0004326183000264628
2017-10-13,0.009042224600142203
2017-10-16,-0.00064318293623609
2017-10-17,-0.005160210156117706
2017-10-18,0.0023683604825448156
2017-10-19,-0.00885624495939161
2017-10-20,0.0036816712690849965
2017-10-23,-0.008030397249198733
2017-10-24,0.0
2017-10-25,-0.0021814246191123785
2017-10-26,-0.006793174406963642
2017-10-27,0.01440748242005884
2017-10-30,-0.006304882291167655
2017-10-31,0.009334626421602404
2017-11-01,0.00517234333923248
2017-11-02,0.0012890911376399023
2017-11-03,-0.005165763116554266
2017-11-06,0.01115901827332299
2017-11-07,-0.006422701009982963
2017-11-08,0.0047136920692405875
2017-11-09,-0.006218256567644628
2017-11-10,-0.004311529703920156
2017-11-13,-0.002162554593011491
2017-11-14,-0.006734047825907002
2017-11-15,-0.005244786098239005
2017-11-16,0.0206016322627159
2017-11-17,0.004924710029537108
2017-11-20,0.0051127399121193426
2017-11-21,0.013298222978057432
2017-11-22,0.0025132936341295802
2017-11-24,-0.0020940211919039872
2017-11-27,-0.014780644430273479
2017-11-28,0.007417924944872514
2017-11-29,-0.01596315626448811
2017-11-30,-0.011002224134656144
2017-12-01,-0.005655779370698603
2017-12-04,0.001961306140305017
2017-12-05,-0.0006532063192432162
2017-12-06,-0.013599507140064832
2017-12-07,0.002866860694113355
2017-12-08,0.011603898290603265
2017-12-11,0.004993912632358716
2017-12-12,-0.006736871882184337
2017-12-13,0.011921505741395841
2017-12-14,-0.007352915520943182
2017-12-15,0.0021682816617315027
2017-12-18,0.011199676971072324
2017-12-19,-0.0052975241102420105
2017-12-20,0.0013108162209494033
2017-12-21,0.006527338005563661
2017-12-22,0.008422318199971985
2017-12-26,-0.000860618199271906
2017-12-27,0.0025797341250825027
2017-12-28,0.006846475658928463
2017-12-29,0.004679604058301305
2018-01-02,0.018711992317972163
2018-01-03,0.009535663558692795
2018-01-04,0.004939391919737136
2018-01-05,0.008585404191949446
2018-01-08,0.0
2018-01-09,-0.0016297224000751277
2018-01-10,-0.006339934491649013
2018-01-11,0.006136149069334425
2018-01-12,0.009538485090404471
2018-01-16,-0.003845253564267967
2018-01-17,0.013093346875642807
2018-01-18,0.0011999084606380908
2018-01-19,0.008161791418626349
2018-01-22,0.005732864546565202
2018-01-23,0.004719952294019018
2018-01-24,0.00840066403272031
2018-01-25,-0.000583605099464307
2018-01-26,0.013726489948547867
2018-01-29,-0.01528500300292401
2018-01-30,-0.013742172225481556
2018-01-31,0.008660007045418609
2018-02-01,-0.01361374901885557
2018-02-02,-0.02595994137927492
2018-02-05,-0.03569577927137464
2018-02-06,0.0320193980983937
2018-02-07,-0.032019398098393805
2018-02-08,-0.03526495459851645
2018-02-09,0.015850929613523447
2018-02-12,0.015603593060425046
2018-02-13,0.00760620673279721
2018-02-14,0.024738832528831592
2018-02-15,0.020326027159715102
2018-02-16,-0.0032246321238425676
2018-02-20,-0.013821327840324225
2018-02-21,-0.0008190321651521051
2018-02-22,0.0006145479790786816
2018-02-23,0.01765283908274803
2018-02-26,0.009209212315457902
2018-02-27,-0.02952679035718212
2018-02-28,-0.014472252438070253
2018-03-01,-0.0018760254645239602
2018-03-02,0.004164229090045694
2018-03-05,0.001453226756665196
2018-03-06,0.009292929096690607
2018-03-07,0.0010270489086940326
2018-03-08,0.0002054901424394083
2018-03-09,0.021125990732213218
2018-03-12,0.0024091559903535054
2018-03-13,-0.009064280109172604
2018-03-14,0.0016173454339284165
2018-03-15,-0.003643084151626409
2018-03-16,-0.0022326529778661282
2018-03-19,-0.010828601596406563
2018-03-20,0.011031869217170193
2018-03-21,0.005874638921370482
2018-03-22,-0.03389453319244193
2018-03-23,-0.020475823850288864
2018-03-26,0.031901748538996806
2018-03-27,-0.018345155919428185
2018-03-28,-0.005062427771371204
2018-03-29,0.020718686187441163
2018-04-02,-0.018184075553930888
2018-04-03,0.0098645275972071
2018-04-04,0.000417783144299542
2018-04-05,0.002501990829541126
2018-04-06,-0.01976924417460445
2018-04-09,0.0010614747072700144
2018-04-10,0.019332361774296834
2018-04-11,0.00041621000840103115
2018-04-12,-0.0004162100084011215
2018-04-13,-0.010039824811795491
2018-04-16,0.001260600516786774
2018-04-17,0.002097347958949092
2018-04-18,0.008552935370925935
2018-04-19,-0.005832904544295199
2018-04-20,-0.01261600172897113
2018-04-23,-0.008073191366103537
2018-04-24,-0.00470391155158474
2018-04-25,-0.007745207079018519
2018-04-26,0.01436712222302756
2018-04-27,0.006155187773679123
2018-04-30,-0.007220377904267529
2018-05-01,-0.004913933529521636
2018-05-02,-0.007955961590924683
2018-05-03,-0.0021612610246538183
2018-05-04,0.004532949803706793
2018-05-07,-0.005832031466379403
2018-05-08,0.005616646708995987
2018-05-09,0.0019368932748820838
2018-05-10,0.020641212774084292
2018-05-11,-0.0016861157756988543
2018-05-14,0.0012648291586144047
2018-05-15,-0.020864910553980272
2018-05-16,0.01494808893390859
2018-05-17,-0.01537873698603154
2018-05-18,-0.008429600369975504
2018-05-21,0.006059444729542522
2018-05-22,0.00344578808953632
2018-05-23,-0.00042997621411515474
2018-05-24,-0.005392192858331351
2018-05-25,0.004100660554947744
2018-05-29,-0.023535627428535863
2018-05-30,0.007907116861166588
2018-05-31,-0.00043780380353764485
2018-06-01,0.013910277501439009
2018-06-04,0.01009342209887053
2018-06-05,-0.0077219482199241745
2018-06-06,0.014960870235698647
2018-06-07,-0.01539169200256069
2018-06-08,-0.0019406521120843808
2018-06-11,0.0
2018-06-12,-0.00259337546555884
2018-06-13,-0.0067311904186860986
2018-06-14,-0.006776706095875282
2018-06-15,-0.007928013144997612
2018-06-18,-0.012234286934026336
2018-06-19,-0.011099893533834292
2018-06-20,0.004318662501506726
2018-06-21,-0.014161992715830933
2018-06-22,0.010298614690775155
2018-06-25,-0.013524527612560662
2018-06-26,-0.003931063995252598
2018-06-27,-0.019418125138512637
2018-06-28,0.008468917762114848
2018-06-29,0.014880271371650367
2018-07-02,-0.009973255118871614
2018-07-03,0.0006988136782730864
2018-07-05,-0.0025655225794046564
2018-07-06,0.013684616903229517
2018-07-09,0.017808845051321815
2018-07-10,-0.0022655922969315296
2018-07-11,-0.019698411904241136
2018-07-12,0.013555601158893977
2018-07-13,0.0006843547861673116
2018-07-16,-0.0054882055985503875
2018-07-17,0.007311003450179092
2018-07-18,-0.0011388073771744867
2018-07-19,-0.01238282987158596
2018-07-20,0.014204382507598649
2018-07-23,-0.0066187146274916675
2018-07-24,0.014548864329625034
2018-07-25,0.016118760734664457
2018-07-26,-0.011165867541512192
2018-07-27,0.003586554656495768
2018-07-30,-0.0015676753371279186
2018-07-31,0.005364411066558898
2018-08-01,-0.008956807517585244
2018-08-02,-0.01335905782356544
2018-08-03,0.007720231560488097
2018-08-06,-0.007720231560488177
2018-08-07,0.010205397594397682
2018-08-08,-0.0013547513843139582
2018-08-09,-0.002941451462678463
2018-08-10,-0.021531008600602
2018-08-13,-0.016575560605044243
2018-08-14,0.0061019626395505825
2018-08-15,-0.029201018413358017
2018-08-16,0.00624421741196161
2018-08-17,0.010478576681320595
2018-08-20,0.004491186144466957
2018-08-21,0.012655518545884748
2018-08-22,0.007887095185327776
2018-08-23,-0.016306179934642003
2018-08-24,0.018383412182373632
2018-08-27,0.014194312060923536
2018-08-28,-0.0036437305320009684
2018-08-29,0.006141206149201236
2018-08-30,-0.026423198652749415
2018-08-31,0.005109219600190736
2018-09-04,-0.01964985447294081
2018-09-05,-0.014515404326442473
2018-09-06,0.0009583442639169553
2018-09-07,-0.005041420463242495
2018-09-10,-0.00991668089737546
2018-09-11,0.0021853879472568407
2018-09-12,0.00508033917915903
2018-09-13,0.013423015939503508
2018-09-14,-0.0009528654325462016
2018-09-17,-0.009097467137569926
2018-09-18,0.009573904944559153
2018-09-19,0.013721757024568184
2018-09-20,0.010982576279048391
2018-09-21,0.004637195546305093
2018-09-24,-0.01139944482310049
2018-09-25,0.00396961742529829
2018-09-26,0.002095231143053684
2018-09-27,0.004871832633777117
2018-09-28,-0.00673419656215677
2018-10-01,0.00023302500915405985
2018-10-02,-0.01265827128699848
2018-10-03,-0.00829093641911425
2018-10-04,-0.025293513403079528
2018-10-05,-0.0036658696737717146
2018-10-08,0.0014680054012066208
2018-10-09,-0.003674285479607179
2018-10-10,-0.030142911088090796
2018-10-11,-0.010168182762968863
2018-10-12,0.0289584126991381
2018-10-15,-0.010729818535087692
2018-10-16,0.024778168762498932
2018-10-17,-0.012312454393030562
2018-10-18,-0.02661473582783585
2018-10-19,0.009370730187519216
2018-10-22,0.010781389321857533
2018-10-23,-0.011033451526453185
2018-10-24,-0.0328064035609873
2018-10-25,0.019097262203185302
2018-10-26,-0.011569818964869517
2018-10-29,-0.0174781541129819
2018-10-30,0.019286940834620524
2018-10-31,0.010783037534298757
2018-11-01,0.03512641452341869
2018-11-02,0.006389780232763455
2018-11-05,0.0026913864876261704
2018-11-06,-0.0017119229391310143
2018-11-07,0.018669575246365994
2018-11-08,-0.026285574029494465
2018-11-09,-0.01866873517864224
2018-11-12,-0.014170273863451419
2018-11-13,0.011402710990865475
2018-11-14,0.006028619650195945
2018-11-15,0.022044213635665517
2018-11-16,0.001958079952612441
2018-11-19,-0.013538823167385285
2018-11-20,-0.02179702520335872
2018-11-21,0.018321691987772826
2018-11-23,-0.011757574291419666
2018-11-26,0.012254402706827448
2018-11-27,0.006935982137884049
2018-11-28,0.023662346239589512
2018-11-29,-0.00871649220819504
2018-11-30,-0.000973378115524958
2018-12-03,0.02000322666916799
2018-12-04,-0.02146479529730277
2018-12-06,-0.009307138223722302
2018-12-07,-0.018877447891346467
2018-12-10,-0.010587553926022163
2018-12-11,0.007573550820271079
2018-12-12,0.01621636200881624
2018-12-13,-0.00024755834726366947
2018-12-14,-0.014209559947729813
2018-12-17,-0.009332794534093929
2018-12-18,0.006767913514301043
2018-12-19,-0.016746543509319724
2018-12-20,0.007763992445205117
2018-12-21,-0.006984909914865336
2018-12-24,-0.009389878702648166
2018-12-26,0.01972036702609038
2018-12-27,-0.0012854899005380436
2018-12-28,0.00947386140854847
2018-12-31,-0.004597605522755534
2019-01-02,0.0025568471916620956
2019-01-03,-0.01829710015262331
2019-01-04,0.031740517785438814
2019-01-07,0.0022648992923413294
2019-01-08,0.0037636943911541205
2019-01-09,0.017625084048585666
2019-01-10,0.007110515211749881
2019-01-11,-0.004898391892042081
2019-01-14,-0.00838258748631079
2019-01-15,0.006908345714794053
2019-01-16,0.012219228083172702
2019-01-17,0.004362161358910871
2019-01-18,0.004825232135185243
2019-01-22,-0.017480129678821725
2019-01-23,0.01023406566689506
2019-01-24,0.00965019228889708
2019-01-25,0.0131186209409682
2019-01-28,-0.010481135709521156
2019-01-29,0.0016748337435451399
2019-01-30,0.021521361091809455
2019-01-31,0.00838776698174522
2019-02-01,-0.007919708257473347
2019-02-04,0.0016355926633845694
2019-02-05,0.013681380537612458
2019-02-06,-0.01368138053761249
2019-02-07,-0.010090546264984802
2019-02-08,-0.005676400619701656
2019-02-11,-0.0033261928217763726
2019-02-12,0.008294723617650606
2019-02-13,-0.0071056489514943234
2019-02-14,0.0019000514639486467
2019-02-15,-0.0014246467750182144
2019-02-19,0.007809608156203919
2019-02-20,0.005642023006258609
2019-02-21,-0.0021119378691663295
2019-02-22,0.010980275908341226
2019-02-25,0.011090572185180973
2019-02-26,-0.003452583344612296
2019-02-27,-0.0085680226291444
2019-02-28,-0.013108738464661126
2019-03-01,0.0011774195708976068
2019-03-04,0.0014112445744551968
2019-03-05,0.009822189582559412
2019-03-06,-0.005600890943852494
2019-03-07,-0.018661574730921487
2019-03-08,-0.007178656649903958
2019-03-11,0.018558679804568986
2019-03-12,0.005172971956664215
2019-03-13,0.0011719002968842765
2019-03-14,-0.005402233735245051
2019-03-15,0.014496684012570845
2019-03-18,0.011080228171515907
2019-03-19,0.0004588381658296613
2019-03-20,0.0016053561497292605
2019-03-21,0.0013734584561707344
2019-03-22,-0.029721117112759415
2019-03-25,0.00235379727703504
2019-03-26,0.0030521393678630683
2019-03-27,-0.01084168132457612
2019-03-28,0.006613124779349958
2019-03-29,0.010304716600908993
2019-04-01,0.016406946166285144
2019-04-02,-0.0032139452620007936
2019-04-03,0.006874333856520404
2019-04-04,0.00614707927263215
2019-04-05,0.007687134160245727
2019-04-08,0.0
2019-04-09,-0.002029189990433343
2019-04-10,0.0047280180580475985
2019-04-11,-0.01084000408598308
2019-04-12,0.007239743500031666
2019-04-15,-0.005198227436190676
2019-04-16,0.007450135709715147
2019-04-17,0.002919638367556027
2019-04-18,-0.00067309163919555
2019-04-22,-0.006529274305497291
2019-04-23,0.002256278885631793
2019-04-24,-0.013614877758731879
2019-04-25,-0.0013716770864549742
2019-04-26,0.0038816783781398154
2019-04-29,0.002049054398618849
2019-04-30,-0.0009103539716239437
2019-05-01,-0.007540154357964609
2019-05-02,0.002290911273118247
2019-05-03,0.011828987483518346
2019-05-06,-0.02079331334362663
2019-05-07,-0.019821374815996443
2019-05-08,-0.0014141325881157469
2019-05-09,-0.015928022175667564
2019-05-10,0.005973128584257796
2019-05-13,-0.03391814248298426
2019-05-14,0.013948589396136949
2019-05-15,0.0019422725528252438
2019-05-16,-0.004862554501066065
2019-05-17,-0.01820014959091971
2019-05-20,-0.004228618550139339
2019-05-21,0.012631925051777062
2019-05-22,-0.004934760903854989
2019-05-23,-0.012945071398195743
2019-05-24,0.001001892653594413
2019-05-28,0.003498013586305393
2019-05-29,0.006464533138633067
2019-05-30,0.005437409403696548
2019-05-31,0.0034450894876394437
2019-06-03,0.009047594208525647
2019-06-04,0.0021885645788961715
2019-06-05,-0.00804778670199838
2019-06-06,0.000489170406066453
2019-06-07,0.007801216500914842
2019-06-10,0.010387942174186164
2019-06-11,0.011232082946910115
2019-06-12,-0.010751423967349948
2019-06-13,-0.0016829945358757333
2019-06-14,-0.011130021735801769
2019-06-17,0.0039393866952290146
2019-06-18,0.02388820235039547
2019-06-19,0.008310668382171526
2019-06-20,0.014554181634685973
2019-06-21,-0.0032678479536498196
2019-06-24,-0.0014039753979784866
2019-06-25,-0.010355511877370254
2019-06-26,0.00941839724093214
2019-06-27,0.007006374128856632
2019-06-28,-0.001397436140790208
2019-07-01,0.011815396126536643
2019-07-02,-0.0025368244912429318
2019-07-03,-0.0018486956581009555
2019-07-05,-0.006963881464177836
2019-07-08,-0.006074932501081328
2019-07-09,-0.003051100347082852
2019-07-10,0.008426907762824882
2019-07-11,-0.0018664842040603366
2019-07-12,0.0007004307525005225
2019-07-15,0.003726884658493024
2019-07-16,-0.0013958250612215635
2019-07-17,-0.0030314903497721717
2019-07-18,0.006053715249353061
2019-07-19,-0.005119881955006785
2019-07-22,0.00023303670651568352
2019-07-23,0.0011657173411280994
2019-07-24,0.0016297039960940147
2019-07-25,-0.008878778523697197
2019-07-26,0.0021100562172213415
2019-07-29,-0.0018751303394314801
2019-07-30,-0.0077730055504778755
2019-07-31,-0.012372254008096882
2019-08-01,-0.019826616724470156
2019-08-02,-0.009816377948582259
2019-08-05,-0.0376924789894331
2019-08-06,0.014238851391612716
2019-08-07,0.004534121298155894
2019-08-08,0.012239015824537895
2019-08-09,-0.010230877365709441
2019-08-12,-0.012112141317340046
2019-08-13,0.01261376955551458
2019-08-14,-0.02925309310820568
2019-08-15,0.006689035624337881
2019-08-16,0.013751164341557749
2019-08-19,0.004038467459079703
2019-08-20,0.0020131341927379105
2019-08-21,0.009507207917919015
2019-08-22,-0.013033193558332497
2019-08-23,-0.014995462255865597
2019-08-26,0.005363158132245589
2019-08-27,0.0017813841958737552
2019-08-28,0.002793180197447692
2019-08-29,0.01109412262385738
2019-08-30,0.007743284910137025
2019-09-03,-0.006239642668209948
2019-09-04,0.016636136801379327
2019-09-05,0.011263312714177697
2019-09-06,0.004372966872879661
2019-09-09,0.003146905111178135
2019-09-10,0.0007245815149524182
2019-09-11,0.006978739698966403
2019-09-12,0.007168450608400192
2019-09-13,0.005697948280620724
2019-09-16,-0.007843103641164157
2019-09-17,0.0
2019-09-18,-0.00406439259151415
2019-09-19,-0.004081300425179261
2019-09-20,0.0009618999692841639
2019-09-23,0.0009607619455627968
2019-09-24,-0.010620357701664071
2019-09-25,-0.0007283153561138322
2019-09-26,-0.00024281765858620875
2019-09-27,-0.012957073811362086
2019-09-30,0.005643576038436401
2019-10-01,-0.0071209710392261165
2019-10-02,-0.007668469000926216
2019-10-03,0.012829939415323025
2019-10-04,0.0044033534665598095
2019-10-07,-0.008333473349757531
2019-10-08,-0.0071632959176360835
2019-10-09,0.007655433792519548
2019-10-10,0.010279013778446377
2019-10-11,0.015942323096760854
2019-10-14,-0.00432266421261667
2019-10-15,0.008865360353275807
2019-10-16,0.0028584695378600857
2019-10-17,0.003798767329350096
2019-10-18,-0.005226715765492345
2019-10-21,0.009011002015589391
2019-10-22,0.0007080342863405681
2019-10-23,0.00023583010916708024
2019-10-24,0.0
2019-10-25,0.007050519903348879
2019-10-28,0.005837921318164066
2019-10-29,-0.005135522785374952
2019-10-30,0.004436619777592729
2019-10-31,-0.007953243007248175
2019-11-01,0.014918844708503177
2019-11-04,0.009899913682979329
2019-11-05,0.005711124406067975
2019-11-06,-0.0031943404971688846
2019-11-07,0.00728598052677299
2019-11-08,-0.009115647794208264
2019-11-11,-0.007122596721623292
2019-11-12,-0.006476854102519825
2019-11-13,-0.0076879995212164615
2019-11-14,0.0007013092780372137
2019-11-15,0.007914468471974445
2019-11-18,-0.0016242030525165198
2019-11-19,0.0020876149013483196
2019-11-20,-0.004412816253855315
2019-11-21,-0.002097272366455033
2019-11-22,0.0
2019-11-25,0.009980544720978353
2019-11-26,-0.0030067435570170597
2019-11-27,0.001157517878421965
2019-11-29,-0.015858612602009655
2019-12-02,-0.00023526311788001658
2019-12-03,-0.005185950355794993
2019-12-04,0.007534528926232102
2019-12-05,0.004447108106207516
2019-12-06,0.005821298168523049
2019-12-09,-0.003954813964462644
2019-12-10,0.0034906445388380915
2019-12-11,0.014528090624789672
2019-12-12,0.017249443723300156
2019-12-13,-0.000449956877127505
2019-12-16,0.008448601800799177
2019-12-17,0.009078383735221088
2019-12-18,0.005408064456071858
2019-12-19,0.0004491507636955201
2019-12-20,0.002019515757391751
2019-12-23,0.0013442116224443908
2019-12-24,-0.0022412924282744504
2019-12-26,0.00715440799295057
2019-12-27,0.004001672176578831
2019-12-30,-0.0066787020873140075
2019-12-31,0.0022311938187287066
2020-01-02,0.02007787642489279
2020-01-03,-0.018741545778955624
2020-01-06,-0.0024512566779207154
2020-01-07,-0.0006695333235488401
2020-01-08,0.005787912452465649
2020-01-09,0.0066372336612604025
2020-01-10,0.0052784222002216314
2020-01-13,0.015453363679432426
2020-01-14,-0.005631304891822031
2020-01-15,-0.007849990334480207
2020-01-16,0.006328527038826584
2020-01-17,0.005639949336991541
2020-01-21,-0.025633906754373183
2020-01-22,0.008177575283127306
2020-01-23,-0.010399543866454598
2020-01-24,-0.00803931779480768
2020-01-27,-0.03513919364670212
2020-01-28,0.008325641291079142
2020-01-29,0.004824771426784323
2020-01-30,-0.015010254198373747
2020-01-31,-0.02044940378910315
2020-02-03,0.011099182418847135
2020-02-04,0.025505693754749776
2020-02-05,0.0057070952886768625
2020-02-06,0.0009103421697097148
2020-02-07,-0.013970363184075237
2020-02-10,0.00551980668123248
2020-02-11,0.012988694300589299
2020-02-12,0.013492333013001128
2020-02-13,-0.013266005278135207
2020-02-14,0.00045260041691991385
2020-02-18,-0.006582790950966125
2020-02-19,0.007261258472034194
2020-02-20,-0.015723112830518755
2020-02-21,-0.005758563123373014
2020-02-24,-0.03814028818030507
2020-02-25,-0.007950898767546276
2020-02-26,0.007950898767546202
2020-02-27,-0.024290485961297688
2020-02-28,-0.0036950627180595027
2020-03-02,0.021485427488380372
2020-03-03,-0.00678660986426147
2020-03-04,0.017597380007092274
2020-03-05,-0.021251719401910323
2020-03-06,-0.020716010061766512
2020-03-09,-0.07072088814743675
2020-03-10,0.04956674114139602
2020-03-11,-0.04769612024256912
2020-03-12,-0.10547942865054967
2020-03-13,0.06960563508861477
2020-03-16,-0.1332941740646472
2020-03-17,0.06665081626655182
2020-03-18,-0.09032427745358984
2020-03-19,0.007739356380662234
2020-03-20,0.007361293473050591
2020-03-23,-0.024206307533448376
2020-03-24,0.07244965379536027
2020-03-25,0.03464092427737772
2020-03-26,0.037163826120461825
2020-03-27,-0.058523529798183566
2020-03-30,0.016357255607757644
2020-03-31,0.006761951348248782
2020-04-01,-0.04371964990609318
2020-04-02,0.033115632673982945
2020-04-03,-0.019133685585547837
2020-04-06,0.05319296995801298
2020-04-07,0.0051386321635278984
2020-04-08,0.010198105833645742
2020-04-09,-0.0036704719238720234
2020-04-13,0.0014135798420320431
2020-04-14,0.022623177219450088
2020-04-15,-0.02601914420055989
2020-04-16,0.005371271590540372
2020-04-17,0.022027722621657968
2020-04-22,0.026924876726939474
2020-04-23,-0.003641740800919321
2020-04-24,-0.00140438746656082
2020-04-27,0.02003410821176647
2020-04-28,0.0019266172322042474
2020-04-29,0.028728202834880014
2020-04-30,-0.02133200888876415
2020-05-01,-0.03669113108022876
2020-05-04,0.010701226572243844
2020-05-05,0.005586600250274617
2020-05-06,-0.0030687123981204484
2020-05-07,0.008070094272611591
2020-05-08,0.020845587380442742
2020-05-11,-0.0065361059044824815
2020-05-12,-0.0038322519695792247
2020-05-13,-0.0019219167597723653
2020-05-14,0.0038397294422252604
2020-05-15,-0.01378178082032866
2020-05-18,0.03838763054652296
2020-05-19,-0.008044911091224438
2020-05-20,0.013107142319493056
2020-05-21,-0.011492786748154637
2020-05-22,-0.020916162409886512
2020-05-26,0.02172224692804983
2020-05-27,0.0032178560208399832
2020-05-28,-0.006985546933373375
2020-05-29,0.01710814574343668
2020-06-01,0.022796699150870358
2020-06-02,0.023554526042025205
2020-06-03,0.02301266955940177
2020-06-04,-0.01419525375301115
2020-06-05,0.025994722653901025
2020-06-08,0.006091073023454138
2020-06-09,-0.006824441613215351
2020-06-10,0.00731001845682709
2020-06-11,-0.05360870810833983
2020-06-12,0.02103733558737298
2020-06-15,-0.009123140854791854
2020-06-16,0.006344361938757369
2020-06-17,0.009566898550370514
2020-06-18,0.0005010516438643015
2020-06-19,-0.00025049444033866167
2020-06-22,0.012199956982194712
2020-06-23,0.009604792547069797
2020-06-24,-0.01332369727055224
2020-06-25,0.0042136510940889585
2020-06-26,-0.01219377720387486
2020-06-29,0.004496647485920493
2020-06-30,-0.0032454288206463823
2020-07-01,0.011189893516203272
2020-07-02,0.02249483822314036
2020-07-06,0.04213647800245041
2020-07-07,-0.016830940910350426
2020-07-08,0.025600969815655874
2020-07-09,0.0
2020-07-10,-0.006454648721058412
2020-07-13,-0.006729305975668875
2020-07-14,0.0013957334147997953
2020-07-15,0.003018192376622066
2020-07-16,-0.014241026194879143
2020-07-17,0.0056272620961346055
2020-07-20,0.012777556256250103
2020-07-21,0.009190957048935872
2020-07-22,-0.004355143584560284
2020-07-23,-0.008072930500588353
2020-07-24,-0.0009266751212927522
2020-07-27,0.015411490313673953
2020-07-28,-0.008251371460996384
2020-07-29,0.015982075112781154
2020-07-30,-0.012765240111392547
2020-07-31,-0.006906090955588138
2020-08-03,0.0069060909555880325
2020-08-04,0.013218183490916255
2020-08-05,0.010808381304200318
2020-08-06,0.0031308057722794227
2020-08-07,-0.020754283000090145
2020-08-10,0.002504320413746689
2020-08-11,-0.0027321176514930076
2020-08-12,0.013362068119111122
2020-08-13,-0.002928916442836192
2020-08-14,-0.0018066682594997498
2020-08-17,0.012578761402094402
2020-08-18,-0.0011167084190510561
2020-08-19,-0.012366612607715745
2020-08-20,-0.003172565274828913
2020-08-21,0.004980867035470617
2020-08-24,0.011005085822895302
2020-08-25,0.010001317443950088
2020-08-26,0.002650057729721096
2020-08-27,-0.008416505276722983
2020-08-28,0.013037464734488585
2020-08-31,-0.022422969904023853
2020-09-01,0.01691940608025799
2020-09-02,-0.0026524966885706873
2020-09-03,-0.019218433818465268
2020-09-04,0.00045110867535080174
2020-09-08,-0.01751832345617838
2020-09-09,0.014808320012971558
2020-09-10,-0.016186300715662308
2020-09-11,0.00960662037563003
2020-09-14,0.016032589433169236
2020-09-15,0.010473898382270157
2020-09-16,-0.001330906793463969
2020-09-17,-0.004003574437284261
2020-09-18,-0.007831086944395186
2020-09-21,-0.009251852737363687
2020-09-22,-0.0075096726865211206
2020-09-23,-0.015653950601801147
2020-09-24,-0.004651127838993503
2020-09-25,0.0009319578170207396
2020-09-28,0.01111626885403757
2020-09-29,-0.0006909336590407453
2020-09-30,0.01600389851428091
2020-10-01,0.009256225256283829
2020-10-02,-0.011527015686189647
2020-10-05,0.013323040458335626
2020-10-06,0.0017929018334233405
2020-10-07,0.010912340642299428
2020-10-08,0.008161265658520267
2020-10-09,0.0067870220012917065
2020-10-12,0.008690146927676824
2020-10-13,-0.004118292059260153
2020-10-14,-0.006756053445733938
2020-10-15,-0.0072424835475099385
2020-10-16,0.003517905629330512
2020-10-19,-0.002857456254659809
2020-10-20,0.010945953906794526
2020-10-21,0.002826487183756803
2020-10-22,-0.00021724720974508984
2020-10-23,0.005845992771767141
2020-10-26,-0.013037967586389818
2020-10-27,0.0043650612946132174
2020-10-28,-0.025362600269266435
2020-10-29,0.010001317443950088
2020-10-30,-0.011342338516902365
2020-11-02,0.012668149576162857
2020-11-03,0.004407194184235674
2020-11-04,0.030958268098758828
2020-11-05,0.016910172772073462
2020-11-06,0.004600505643778102
2020-11-09,0.006861496028952187
2020-11-10,-0.011462001672730369
2020-11-11,0.00647666889293144
2020-11-12,-0.00752522968412785
2020-11-13,0.013960131503997372
2020-11-16,0.012338103779464983
2020-11-17,-0.0010224030601932498
2020-11-18,-0.003483867882749951
2020-11-19,0.0016410993653430297
2020-11-20,0.0055185024906310295
2020-11-23,0.00264639742705777
2020-11-24,0.013327977708916172
2020-11-25,-0.0056325448516476
2020-11-27,0.009436850464596464
2020-11-30,-0.026527910752993444
2020-12-01,0.019508756905648995
2020-12-02,0.0014078822377011234
2020-12-03,0.011389874449997013
2020-12-04,0.010278961975881611
2020-12-07,0.0
2020-12-08,0.0003931048975575819
2020-12-09,-0.00868704121452424
2020-12-10,0.012806781119824353
2020-12-11,-0.007072825022422791
2020-12-14,-0.005212754739684008
2020-12-15,0.01075505398291931
2020-12-16,0.004743060149800949
2020-12-17,0.006485054856641952
2020-12-18,-0.001175770691386436
2020-12-21,-0.014818093668707481
2020-12-22,-0.007993508248810694
2020-12-23,0.010180516211795568
2020-12-24,-0.0043788949325078855
2020-12-28,0.0027890197604207604
2020-12-29,0.01480914506651077
2020-12-30,0.013239855729942773
2020-12-31,-0.0005803628264054772
2021-01-04,0.006366447715102119
2021-01-05,0.023754080202328363
2021-01-06,-0.008486628057493817
2021-01-07,0.009425138326935622
2021-01-08,0.02611023065219882
2021-01-11,-0.013618139024531158
2021-01-12,0.00977228964309567
2021-01-13,0.0021992819989061323
2021-01-14,0.009294099114571904
2021-01-15,-0.014249500115140439
2021-01-19,0.016423754526964807
2021-01-20,0.017404138710182596
2021-01-21,0.0017772679008553787
2021-01-22,-0.008738245746379412
2021-01-25,0.007494611896842615
2021-01-26,-0.007315638739305663
2021-01-27,-0.02815030867754467
2021-01-28,0.006974802212403075
2021-01-29,-0.025191096198857885
2021-02-01,0.026653420765236826
2021-02-02,0.012884712773483327
2021-02-03,0.005036140845810054
2021-02-04,0.00035856897759832296
2021-02-05,0.008571653298317515
2021-02-08,0.001776407790141687
2021-02-09,0.010593286687993355
2021-02-10,0.0035062541834959176
2021-02-11,0.010619022246815992
2021-02-12,0.0008654112499155743
2021-02-16,0.0024191451305585416
2021-02-17,0.00034540021253073844
2021-02-18,-0.013898818634950409
2021-02-19,0.006452070328266027
2021-02-22,-0.029816073191213835
2021-02-23,0.0044670839574481565
2021-02-24,-0.006439014186408591
2021-02-25,-0.02305200948666961
2021-02-26,-0.013495001037989514
2021-03-01,0.026447803280048404
2021-03-02,-0.009836020062199271
2021-03-03,-0.0020154930616164855
2021-03-04,-0.023570010490316425
2021-03-05,0.010833115824306854
2021-03-08,-0.027306103512838763
2021-03-09,0.021717432647818995
2021-03-10,-0.004493598471387
2021-03-11,0.031038916998989897
2021-03-12,-0.017988676338420377
2021-03-15,0.0024049330300876404
2021-03-16,0.00424075235998542
2021-03-17,0.0012871604875810659
2021-03-18,-0.01854652107236897
2021-03-19,0.012279281243316207
2021-03-22,-0.002963183655755929
2021-03-23,-0.01928718627640653
2021-03-24,-0.023143138273140653
2021-03-25,0.004633098909689526
2021-03-26,0.025669129337217805
2021-03-29,-0.006969763910766617
2021-03-30,0.003208466526913954
2021-03-31,0.005074697561983966
2021-04-01,0.009701463457933697
2021-04-05,0.0038914594955073737
2021-04-06,0.005532931605915924
2021-04-07,-0.014823462579784652
2021-04-08,0.008180229794961694
2021-04-09,-0.008553540307115363
2021-04-12,-0.005993610185024437
2021-04-13,0.004124643525259812
2021-04-14,0.005038630343767707
2021-04-15,0.009080070122843167
2021-04-16,0.002579143847471484
2021-04-19,-0.003686576027772899
2021-04-20,-0.008158754553754975
2021-04-21,0.006125297919859698
2021-04-22,-0.0035223346185574472
2021-04-23,0.01438109829361562
2021-04-26,0.0012804889314356898
2021-04-27,-0.0005488378608069387
2021-04-28,0.007471697284146081
2021-04-29,-0.002362967515351801
2021-04-30,-0.017810141838247497
2021-05-03,0.0
2021-05-04,-0.01136473163558645
2021-05-05,0.0046732612673016476
2021-05-06,0.009466454764736306
2021-05-07,0.010292170144283417
2021-05-10,-0.018081455136828222
2021-05-11,-0.0027967143149405754
2021-05-12,-0.028021538783284155
2021-05-13,-0.0013449502316840638
2021-05-14,0.01791204639174802
2021-05-17,-0.0009446356909454752
2021-05-18,0.013332239067687036
2021-05-19,-0.0029889601711351574
2021-05-20,0.005783069560250597
2021-05-21,-0.01159977764224644
2021-05-24,0.008245908306575862
2021-05-25,0.009843150835620188
2021-05-26,0.007365031285877197
2021-05-27,0.00018369991977832943
2021-05-28,0.006399031991756115
2021-06-01,0.02038490835650451
2021-06-02,0.0016057942065746487
2021-06-03,-0.01075476285897906
2021-06-04,0.008970277201610607
2021-06-07,-0.005013290564601287
2021-06-08,-0.004858363117298521
2021-06-09,-0.0028903110515372454
2021-06-10,0.007980733969902405
2021-06-11,-0.003430593788691642
2021-06-14,0.002709231494831293
2021-06-15,-0.006877896360622325
2021-06-16,-0.013715043138443656
2021-06-17,0.00550867255469163
2021-06-18,-0.00698279663207018
2021-06-21,0.004232175159183888
2021-06-22,-0.004601144387187894
2021-06-23,0.0060689692034777195
2021-06-24,0.009125993657529351
2021-06-25,0.008322802982312956
2021-06-28,0.0009005511958502249
2021-06-29,-0.0007206067428329136
2021-06-30,-0.006506303802966203
2021-07-01,-0.005636853154995199
2021-07-02,-0.0010947588874422355
2021-07-06,-0.017679938013169954
2021-07-07,-0.0011155183888952175
2021-07-08,-0.021053434536796423
2021-07-09,0.01713953054534127
2021-07-12,0.0009334088110114628
2021-07-13,0.0009323792550337511
2021-07-14,0.00427775127120369
2021-07-15,0.002409933715470146
2021-07-16,-0.007806819681860743
2021-07-19,-0.016936808702960188
2021-07-20,0.0032213442904113366
2021-07-21,0.006411643323188599
2021-07-22,0.0018777307089269996
2021-07-23,-0.01493274430199914
2021-07-26,-0.019227711192890393
2021-07-27,-0.02039670785835551
2021-07-28,0.026782945459958758
2021-07-29,0.005002878825794432
2021-07-30,-0.009643298975852222
2021-08-02,0.007145070289283051
2021-08-03,0.004224129103071485
2021-08-04,0.0051601445963520695
2021-08-05,-0.0015262301738096554
2021-08-06,-0.008435666481561254
2021-08-09,0.003267783721267913
2021-08-10,0.0013424122787183523
2021-08-11,0.0026794304109080706
2021-08-12,-0.008830983890011026
2021-08-13,-0.0025098872330302563
2021-08-16,-0.009127149880303085
2021-08-17,-0.018508251051825447
2021-08-18,0.0015887461992150143
2021-08-19,-0.017210794745022302
2021-08-20,-0.0008078046848394005
2021-08-23,0.015037870929597255
2021-08-24,0.02243318750154867
2021-08-25,0.0011666847495935783
2021-08-26,-0.009569211708150945
2021-08-27,0.012286690796572738
2021-08-30,0.0021298933398640864
2021-08-31,0.013639740511898226
2021-09-01,0.012702695432318181
2021-09-02,-0.004531608247553072
2021-09-03,0.005284870406130649
2021-09-07,0.005818842212091476
2021-09-08,-0.014706015430205369
2021-09-09,-0.0019010969813208442
2021-09-10,-0.0011423303592459774
2021-09-13,0.0026635456279999253
2021-09-14,-0.008395507847197453
2021-09-15,-0.00019155605903279705
2021-09-16,-0.011371472605747229
2021-09-17,-0.004273527607838523
2021-09-20,-0.02723136709835143
2021-09-21,0.007374426170823648
2021-09-22,0.012432170591343102
2021-09-23,0.007814134106007955
2021-09-24,-0.011941097594635405
2021-09-27,0.0064776635204590646
2021-09-28,-0.012997391681894621
2021-09-29,-0.0093598921674085
2021-09-30,0.007971414848033178
2021-10-01,-0.0009930965523464548
2021-10-04,-0.014812187188213791
2021-10-05,0.007033178608969512
2021-10-06,-0.0056225113116863575
2021-10-07,0.019344600510062364
2021-10-08,0.003745671920829645
2021-10-11,-0.00196970598180587
2021-10-12,-0.005139433158670388
2021-10-13,0.013777049866352354
2021-10-14,0.0031225904784270143
2021-10-15,0.012008586327304397
2021-10-18,-0.002505851964441177
2021-10-19,0.013229909776721324
2021-10-20,-0.00019034353406377583
2021-10-21,-0.006498570409197662
2021-10-22,-0.0021115769198405627
2021-10-25,0.005174897827037382
2021-10-26,-0.005174897827037445
2021-10-27,-0.008103468410625668
2021-10-28,0.0009680428856846082
2021-10-29,-0.014621478913606023
2021-11-01,0.007824751162064469
2021-11-02,-0.009003754210414511
2021-11-03,0.004707694778170318
2021-11-04,-0.0023511608178240963
2021-11-05,-0.00117753091199622
2021-11-08,0.009187897045592709
2021-11-09,-0.0038995595581553274
2021-11-10,-0.004110806575441133
2021-11-11,0.01711444909825591
2021-11-12,0.0026958595221507845
2021-11-15,-0.0032745433984659707
2021-11-16,0.0013498240703011912
2021-11-17,-0.005216050218632264
2021-11-18,-0.012277197209990614
2021-11-19,-0.0015698727756153685
2021-11-22,-0.008084603379456858
2021-11-23,-0.0009902858032579847
2021-11-24,-0.0013882021822797244
2021-11-26,-0.03411367905233348
2021-11-29,0.003893913387349198
2021-11-30,-0.001023203502090849
2021-12-01,0.003678695483209989
2021-12-02,0.012165490664923825
2021-12-03,-0.014207597602028903
2021-12-06,0.0077379027514127155
2021-12-07,0.015697503255938966
2021-12-08,0.003985649403963309
2021-12-09,-0.004784740263258374
2021-12-10,0.0007990908592951187
2021-12-13,-0.015985936275648142
2021-12-14,-0.002266368910846435
2021-12-15,-0.0028919973342020904
2021-12-16,0.001240402008176438
2021-12-17,-0.004971041173461594
2021-12-20,-0.01506295598792266
2021-12-21,0.016722862307130833
2021-12-22,0.004756386468999957
2021-12-23,0.005144653144806283
2021-12-27,0.004505101585016584
2021-12-28,-0.0032744546919081913
2021-12-29,-0.004520170927114527
2021-12-30,0.011390696222288922
2021-12-31,-0.004901036174435892
2022-01-03,0.007139359716580209
2022-01-04,-0.0034611395314547316
2022-01-05,-0.016451285351911513
2022-01-06,0.004551115108988811
2022-01-07,0.009040645692445089
2022-01-10,0.0
2022-01-11,0.02284992819619308
2022-01-12,0.016457187223114667
2022-01-13,-0.014260518096091515
2022-01-14,-0.00039884489075197194
2022-01-18,-0.01792069700135635
2022-01-19,0.0042574654148755525
2022-01-20,0.005849772557043943
2022-01-21,-0.014586995531453671
2022-01-24,-0.014181749801518592
2022-01-25,-0.0018646112262903011
2022-01-26,-0.012731115553015496
2022-01-27,-0.011619333867447157
2022-01-28,0.004875423861544926
2022-01-31,0.03225089426956661
2022-02-01,0.0061236070279346915
2022-02-02,-0.001629293127359055
2022-02-03,-0.010655737297954347
2022-02-04,0.0024688675040840293
2022-02-07,-0.002057038244370054
2022-02-08,0.009632313133728764
2022-02-09,0.015582367203927418
2022-02-10,-0.006648362842343398
2022-02-11,-0.015276825343268626
2022-02-14,-0.007003205616035788
2022-02-15,0.02147102289322621
2022-02-16,0.007256689096361742
2022-02-17,-0.011717372274639037
2022-02-18,-0.010007134098912978
2022-02-22,-0.01426392456922538
2022-02-23,-0.011727718496375945
2022-02-24,-0.020860761103943797
2022-02-25,0.01832948092962338
2022-02-28,-0.013180380673061527
2022-03-01,-0.013356517247276215
2022-03-02,0.001733531975613187
2022-03-03,-0.014172174972234773
2022-03-04,-0.020408943038693186
2022-03-07,-0.0381456428861786
2022-03-08,0.0032543553290807032
2022-03-09,0.02791938578355438
2022-03-10,-0.018909311344768615
2022-03-11,-0.021151131081807273
2022-03-14,-0.02449309474659348
2022-03-15,0.0014433430267729987
2022-03-16,0.07745063784680281
2022-03-17,-0.005130067963121459
2022-03-18,0.014209991630418676
2022-03-21,-0.015552568800632978
2022-03-22,0.01797472901247449
2022-03-23,-0.006619776951219948
2022-03-24,0.0052991744469064565
2022-03-25,-0.007959236118756456
2022-03-28,0.0033240892551614784
2022-03-29,0.016891915915803645
2022-03-30,-0.0028319564919900403
2022-03-31,-0.015166730848958586
2022-04-01,0.016474770231891235
2022-04-04,0.01749317757419447
2022-04-05,-0.018583060965187317
2022-04-06,-0.013172660525062432
2022-04-07,-0.007987492106433052
2022-04-08,0.0008906978762828306
2022-04-11,-0.01254235887258944
2022-04-12,-0.003160134423870443
2022-04-13,0.013028109958738638
2022-04-14,-0.013028109958738716
2022-04-18,-0.003397113337408673
2022-04-19,-0.005003337667339992
2022-04-20,-0.005945728817817351
2022-04-21,-0.019454084230687202
2022-04-22,-0.008926365425803238
2022-04-25,-0.007341858034357009
2022-04-26,-0.02211084849751461
2022-04-27,0.01159708733850291
2022-04-28,0.01430965120926841
2022-04-29,0.0035459679841003547
2022-05-02,-0.0014168588082345876
2022-05-03,0.0072984467239294165
2022-05-04,0.010732710204089847
2022-05-05,-0.03759757251139413
2022-05-06,-0.013830081219551094
2022-05-09,-0.02925325888604506
2022-05-10,0.0047682912496314995
2022-05-11,-0.0070351057002034905
2022-05-12,-0.006577350659608621
2022-05-13,0.027289138208718502
2022-05-16,-0.003959335701791349
2022-05-17,0.02425103887427354
2022-05-18,-0.024251038874273483
2022-05-19,0.015744452816165145
2022-05-20,0.004140741762584761
2022-05-23,0.007507001105377302
2022-05-24,-0.017522888772355503
2022-05-25,0.0048983145775269065
2022-05-26,0.01551543425958084
2022-05-27,0.011480587343575084
2022-05-31,0.013933502933795276
2022-06-01,-0.0070606839312929845
2022-06-02,0.017094594986952993
2022-06-03,-0.016386199558304462
2022-06-06,0.005413634111929286
2022-06-07,0.003047017175053507
2022-06-08,0.005368146657245882
2022-06-09,-0.023947302955125677
2022-06-10,-0.01112201405469
2022-06-13,-0.03563882859709782
2022-06-14,0.01376262450641654
2022-06-15,0.01308470903150579
2022-06-16,-0.031139623762754327
2022-06-17,0.0037884432575286627
2022-06-21,0.016004401203197082
2022-06-22,-0.018023068902357817
2022-06-23,0.003026422960147242
2022-06-24,0.02339590633399472
2022-06-27,0.0012293169509827605
2022-06-28,-0.006161443624453933
2022-06-29,-0.003963539597892805
2022-06-30,-0.004726782834954084
2022-07-01,-0.0062540283774244415
2022-07-05,-0.007809552054235296
2022-07-06,-0.006088281315492446
2022-07-07,0.01990233779418444
2022-07-08,0.0
2022-07-11,-0.027052340408754663
2022-07-12,-0.003851886930776326
2022-07-13,-0.0023179945105684147
2022-07-14,-0.009066151214931947
2022-07-15,0.005190594786996885
2022-07-18,0.006965094760385529
2022-07-19,0.016318627038957135
2022-07-20,-0.004308713617309784
2022-07-21,0.01136512193625252
2022-07-22,-0.010096074276694431
2022-07-25,0.00354537987132796
2022-07-26,-0.00786723884993005
2022-07-27,0.018427952479787364
2022-07-28,0.004243008620445206
2022-07-29,-0.004743408606555592
2022-08-01,-0.008544704574091556
2022-08-02,-0.004807224480323146
2022-08-03,0.00783135888416264
2022-08-04,0.007021019554066377
2022-08-05,0.0009989461954423
2022-08-08,0.001247515028634614
2022-08-09,-0.003746910607891472
2022-08-10,0.0124349726237029
2022-08-11,0.0039467131461295634
2022-08-12,0.010530287999602228
2022-08-15,-0.0046391694323924555
2022-08-16,-0.0002449843048767468
2022-08-17,-0.0041700465493734705
2022-08-18,-0.0056698981756085984
2022-08-19,-0.013690370382910213
2022-08-22,-0.008810643556488173
2022-08-23,0.005295632995817072
2022-08-24,-0.0002513432611067637
2022-08-25,0.021404410770899353
2022-08-26,-0.01488503109537214
2022-08-29,-0.006268036414420413
2022-08-30,-0.011891194930420427
2022-08-31,0.0035567715124037638
2022-09-01,-0.00789317347681221
2022-09-02,-0.009244871009531638
2022-09-06,-0.011938936963770859
2022-09-07,0.008838006582101062
2022-09-08,-0.005449440221234181
2022-09-09,0.014723211501754646
2022-09-12,0.014762382659440451
2022-09-13,-0.03130894714433039
2022-09-14,0.0049408768981498855
2022-09-15,-0.010692592757468906
2022-09-16,-0.009218878418189682
2022-09-19,0.0031703479502851466
2022-09-20,-0.005554777736662426
2022-09-21,-0.01685223887845105
2022-09-22,-0.004867407387855861
2022-09-23,-0.024977138806819572
2022-09-26,-0.012304427516281587
2022-09-27,-0.0011262991185151097
2022-09-28,0.00869444881911222
2022-09-29,-0.02259338617461193
2022-09-30,-0.003719961038448737
2022-10-03,0.01620962058122089
2022-10-04,0.03219802354491483
2022-10-05,0.0005461765896402395
2022-10-06,-0.006024183395284736
2022-10-07,-0.021094197929073317
2022-10-10,-0.014124635932632282
2022-10-11,-0.01605995040866551
2022-10-12,0.0011557924229566423
2022-10-13,0.0028835300828000967
2022-10-14,-0.015085823732787435
2022-10-17,0.027106451635696343
2022-10-18,0.00028458720841485497
2022-10-19,-0.018370333939738137
2022-10-20,0.006352967034806975
2022-10-21,0.015140955372420637
2022-10-24,-0.038733084690644765
2022-10-25,0.0082184573790442
2022-10-26,0.016236899663922267
2022-10-27,-0.007795765546578024
2022-10-28,-0.006105373493368429
2022-10-31,-0.002920645723656197
2022-11-01,0.018258544362436513
2022-11-02,-0.00836311371767051
2022-11-03,0.005775278187701982
2022-11-04,0.04145506243699368
2022-11-07,0.000552476052837553
2022-11-08,0.007152606701455642
2022-11-09,-0.017420535404775058
2022-11-10,0.03562024623408269
2022-11-11,0.02682417761253714
2022-11-14,-0.006045679140182711
2022-11-15,0.022677815551334086
2022-11-16,-0.016108357389341844
2022-11-17,0.0018318323276888741
2022-11-18,-0.005768304099354541
2022-11-21,-0.012701797098896897
2022-11-22,0.002394054148071543
2022-11-23,0.008202040608710394
2022-11-25,-0.004754380908147091
2022-11-28,-0.004511198064244726
2022-11-29,0.021313964208507598
2022-11-30,0.028488829087546987
2022-12-01,-0.003294847139431184
2022-12-02,0.003800922453962952
2022-12-05,-0.01144617152986835
2022-12-06,-0.0012798745636176943
2022-12-07,-0.005908785639454756
2022-12-08,0.012037489958392602
2022-12-09,-0.0066409421555146215
2022-12-12,-0.003080343108894336
2022-12-13,0.007125785771234466
2022-12-14,0.0005179368606355669
2022-12-15,-0.023320610903982388
2022-12-16,0.0029120101847302264
2022-12-19,0.0007924586489139978
2022-12-20,-0.0002642278147428618
2022-12-21,0.008942764690795172
2022-12-22,-0.008942764690795085
2022-12-23,-0.0013218613234273068
2022-12-27,0.014706249714316033
2022-12-28,-0.014706249714316045
2022-12-29,0.016529510384462046
2022-12-30,-0.013887315981353746
2023-01-03,0.00840785315323469
2023-01-04,0.029645016299333447
2023-01-05,-0.0030526445915809064
2023-01-06,0.020676560028005424
2023-01-09,0.00745881765693717
2023-01-10,0.007157928991286276
2023-01-11,0.0041723675504599204
2023-01-12,0.004886341882094959
2023-01-13,0.0065590338014991775
2023-01-17,-0.005584484040821352
2023-01-18,-0.00684097130425037
2023-01-19,0.007571035982691655
2023-01-20,0.015212266148535712
2023-01-23,0.007163267430057457
2023-01-24,0.0007136884222175261
2023-01-25,0.0009505002164981632
2023-01-26,0.009456317105311855
2023-01-27,-0.004716932297828346
2023-01-30,-0.02029925085865017
2023-01-31,-0.002173763900117502
2023-02-01,0.012255359698503741
2023-02-02,-0.005988785159848616
2023-02-03,-0.017939797426400204
2023-02-06,-0.014785799215454299
2023-02-07,0.003964135758409919
2023-02-08,-0.001237047986966005
2023-02-09,0.004693189682503406
2023-02-10,-0.009657252575712079
2023-02-13,0.008177554839888693
2023-02-14,-0.0017290350990615292
2023-02-15,-0.008441003801135603
2023-02-16,0.0002492393298225866
2023-02-17,-0.011027691411111101
2023-02-21,-0.012680925280921683
2023-02-22,-0.0048611930116431055
2023-02-23,0.0048611930116430925
2023-02-24,-0.02271632558718116
2023-02-27,0.0052081748973645025
2023-02-28,-0.007037629925939803
2023-03-01,0.02122241068363197
2023-03-02,0.0035786294456880666
2023-03-03,0.008891306238044834
2023-03-06,-0.003546999803794272
2023-03-07,-0.016893226197253218
2023-03-08,0.004121500513594119
2023-03-09,-0.022356021552677505
2023-03-10,-0.005271321357199328
2023-03-13,0.0015844136182902168
2023-03-14,0.0005274721777250903
2023-03-15,-0.017289972353661254
2023-03-16,0.015178086557645853
2023-03-17,-0.006096784459079208
2023-03-20,0.0037156103489710407
2023-03-21,0.00896613033271463
2023-03-22,0.003930367564709345
2023-03-23,0.013764581736355863
2023-03-24,-0.002582614774110006
2023-03-27,-0.005445256498765346
2023-03-28,0.014199110788106229
2023-03-29,0.0028157457149522195
2023-03-30,0.009920090411457397
2023-03-31,-0.0012663925670652607
2023-04-03,0.002025479799083762
2023-04-04,0.0
2023-04-05,-0.00787123338677604
2023-04-06,0.004070230504592093
2023-04-10,0.0010151045476070463
2023-04-11,0.006068254440528168
2023-04-12,-0.007083358988135248
2023-04-13,0.013616131113660505
2023-04-14,-0.005273182751471716
2023-04-17,0.004270795681423763
2023-04-18,-0.0012542180284039815
2023-04-19,-0.010090884368526495
2023-04-20,-0.0015223963281775122
2023-04-21,-0.00944016579474862
2023-04-24,-0.0023096749699396905
2023-04-25,-0.018934624839558312
2023-04-26,0.005744200207299815
2023-04-27,0.013447389123237848
2023-04-28,0.005124317124551817
2023-05-01,-0.003327938809667606
2023-05-02,-0.009791335038577237
2023-05-03,-0.0015546392177619463
2023-05-04,0.008007028957950975
2023-05-05,0.013289197938708214
2023-05-08,0.0005077331938877935
2023-05-09,-0.006108411011910082
2023-05-10,-0.0005106350772698851
2023-05-11,-0.003582607580952015
2023-05-12,-0.011861736892613004
2023-05-15,0.018250034638121467
2023-05-16,-0.007157596821193208
2023-05-17,0.004607151892513692
2023-05-18,-0.0053769377831021925
2023-05-19,0.0007697858905884107
2023-05-22,0.008175851717479019
2023-05-23,-0.015643435045206332
2023-05-24,-0.007523554010202117
2023-05-25,-0.002085566788590434
2023-05-26,0.017589671038128578
2023-05-30,-0.011605404728536956
2023-05-31,-0.009382562916884867
2023-06-01,0.017649022347033652
2023-06-02,0.017090200820892423
2023-06-05,-0.00025299969717842996
2023-06-06,0.008815064267377588
2023-06-07,-0.004305281478763152
2023-06-08,0.00708135828608945
2023-06-09,0.0045260295848788806
2023-06-12,0.002005011974140195
2023-06-13,0.009965198467106709
2023-06-14,0.007409266269124129
2023-06-15,0.009307043161063167
2023-06-16,-0.0034190037703369864
2023-06-20,-0.019763275784952208
2023-06-21,-0.004751940732974422
2023-06-22,-0.0035157203016733256
2023-06-23,-0.014698787608117358
2023-06-26,0.0033133174493136957
2023-06-27,0.010126766258420756
2023-06-28,-0.0060637866417543795
2023-06-29,-0.005336001681771349
2023-06-30,0.007867109564840444
2023-07-03,0.011060940559543866
2023-07-05,-0.00601806863519398
2023-07-06,-0.020582439717813816
2023-07-07,0.011232885479936448
2023-07-10,0.0007614794790226251
2023-07-11,0.010095990679769018
2023-07-12,0.02210440039360557
2023-07-13,0.012935037804266183
2023-07-14,-0.00559286494334619
2023-07-17,0.0012186204181941862
2023-07-18,-0.007333398112599181
2023-07-19,-0.0019645359989942865
2023-07-20,-0.007401953829459993
2023-07-21,-0.0014869882203613132
2023-07-24,0.01354871551403491
2023-07-25,0.008284642426450438
2023-07-26,0.005806932508280237
2023-07-27,-0.012380243608299061
2023-07-28,0.023893818687856904
2023-07-31,0.00047696863436129004
2023-08-01,-0.012714716467745227
2023-08-02,-0.024191709861295364
2023-08-03,0.003949745426594808
2023-08-04,-0.0012325387529952012
2023-08-07,-0.001481316375406791
2023-08-08,-0.01217854499152616
2023-08-09,0.002497604063865454
2023-08-10,0.0014954112363003743
2023-08-11,-0.014803873797045232
2023-08-14,-0.004814450578426459
2023-08-15,-0.011495893415790152
2023-08-16,-0.009033321836684477
2023-08-17,0.0023306472475188114
2023-08-18,-0.006747903762718235
2023-08-21,0.002340953018359992
2023-08-22,-0.0020807296174379228
2023-08-23,0.015756640394849083
2023-08-24,-0.003851744795306555
2023-08-25,0.001028541539458911
2023-08-28,0.009718844738345576
2023-08-29,0.012645479962432081
2023-08-30,-0.0032724481161384316
2023-08-31,-0.012432019727511474
2023-09-01,0.011675252881721193
2023-09-05,-0.00810746316389694
2023-09-06,-0.005612152152189158
2023-09-07,-0.011837600565150706
2023-09-08,0.002068786712092651
2023-09-11,0.012323536527935842
2023-09-12,-0.003066597386470171
2023-09-13,-0.0012804164553229316
2023-09-14,0.006641039688597304
2023-09-15,-0.0038259927970302377
2023-09-18,-0.001278660328483396
2023-09-19,-0.005902904023373073
2023-09-20,-0.004126800803635117
2023-09-21,-0.01746866063929665
2023-09-22,0.011766212004511301
2023-09-25,-0.004428764782175815
2023-09-26,-0.014199653717920448
2023-09-27,0.001587721096799181
2023-09-28,0.0026406127355104556
2023-09-29,0.0007909871290911016
2023-10-02,-0.005019320961400641
2023-10-03,-0.013329859473229975
2023-10-04,-0.0029566469223924075
2023-10-05,0.0037614207615180137
2023-10-06,0.014377451353298525
2023-10-09,-0.004769697046188183
2023-10-10,0.014240738572619495
2023-10-11,0.006264699673537852
2023-10-12,-0.011252184620607054
2023-10-13,-0.003691011565473169
2023-10-16,0.007368342784709586
2023-10-17,-0.0026253610904516454
2023-10-18,-0.015364532366494781
2023-10-19,-0.005890131946165596
2023-10-20,-0.012157541438542828
2023-10-23,-0.0008156049080971912
2023-10-24,0.012704527260569242
2023-10-25,-0.013248744598932783
2023-10-26,-0.004911329923912419
2023-10-27,-0.0008210725908203673
2023-10-30,0.01034878149117278
2023-10-31,-0.00570570297742462
2023-11-01,0.009221648600900623
2023-11-02,0.01739633204465911
2023-11-03,0.02022397396140358
2023-11-06,0.008027953874080994
2023-11-07,-0.0018072032602715173
2023-11-08,-0.006741012371900208
2023-11-09,-0.009409262134222421
2023-11-10,0.00706536650836954
2023-11-13,-0.00026094947597581097
2023-11-14,0.02625632079202749
2023-11-15,0.008349138960508295
2023-11-16,-0.009620219210361283
2023-11-17,0.0012710802498529321
2023-11-20,0.012372377825106326
2023-11-21,-0.006293231962226235
2023-11-22,-0.0020222441306734294
2023-11-24,0.0005060476304164895
2023-11-27,-0.004054845099217326
2023-11-28,0.008345018091204892
2023-11-29,-0.0058088783098431815
2023-11-30,0.002024290936604271
2023-12-01,0.004288111720741652
2023-12-04,-0.011391130582473466
2023-12-05,-0.006128718114052599
2023-12-06,-0.001281610014442423
2023-12-07,0.004861154719880679
2023-12-08,-0.004348438971693128
2023-12-11,0.005878764225840213
2023-12-12,0.00025475745135862397
2023-12-13,0.00988731102454615
2023-12-14,0.0145255646484226
2023-12-15,-0.005984950284428272
2023-12-18,-0.0005004769829482735
2023-12-19,0.00847261200634329
2023-12-20,-0.018165618682910185
2023-12-21,0.018620529050714357
2023-12-22,-0.004813067669989681
2023-12-26,0.00784099669745403
2023-12-27,0.005778312068639396
2023-12-28,0.007735440242154734
2023-12-29,-0.0004970857234073419
2024-01-02,-0.011757545892704521
2024-01-03,-0.00555138090151196
2024-01-04,-0.003294924291498508
2024-01-05,0.0012685012800968056
2024-01-08,0.002785274211910212
2024-01-09,-0.014260543333504289
2024-01-10,-0.002310940686470203
2024-01-11,0.004104733743126458
2024-01-12,0.0035777577070207605
2024-01-16,-0.024533223606832615
2024-01-17,-0.015014070014930726
2024-01-18,0.008193522996445528
2024-01-19,0.010474035340230439
2024-01-22,-0.008895961263278228
2024-01-23,0.008635432567799556
2024-01-24,0.011141479024656538
2024-01-25,0.001287549228341613
2024-01-26,0.0007717345517512411
2024-01-29,0.0005140562197004737
2024-01-30,-0.007999015852380897
2024-01-31,-0.0054552744765905435
2024-02-01,0.009591741180361744
2024-02-02,-0.0028419171970271227
2024-02-05,0.0012927724515242294
2024-02-06,0.02248440720204895
2024-02-07,0.0012624156920465531
2024-02-08,-0.005566832745798507
2024-02-09,0.004304417053751952
2024-02-12,0.007801630150341634
2024-02-13,-0.018980641511560342
2024-02-14,0.014206176194929147
2024-02-15,0.004774465316631111
2024-02-16,0.00475187787846001
2024-02-20,0.0014958457150725788
2024-02-21,0.0017424460678400748
2024-02-22,0.010144641006460751
2024-02-23,-0.0004924104714506063
2024-02-26,-0.0044434311715018755
2024-02-27,0.001977340135953596
2024-02-28,-0.013172723475909458
2024-02-29,0.0005001697769909729
2024-03-01,0.012178585094804777
2024-03-04,-0.002225784222932125
2024-03-05,-0.008953111273244295
2024-03-06,0.01438533843275056
2024-03-07,0.006137292361800885
2024-03-08,-0.0009796664667843164
2024-03-11,0.002202461440086005
2024-03-12,0.010939643411586852
2024-03-13,-0.0031480138592608277
2024-03-14,-0.005106400697137753
2024-03-15,-0.006113281163258854
2024-03-18,0.0017155440696702642
2024-03-19,-0.00490928537036878
2024-03-20,0.011255370679574073
2024-03-21,0.0012158535159216709
2024-03-22,-0.007072225560028121
2024-03-25,0.0007337781348246372
2024-03-26,-0.0007337781348246575
2024-03-27,0.0017115727911904347
2024-03-28,0.0036581409952448686
2024-04-01,0.001702511773592876
2024-04-02,0.003154124228230269
2024-04-03,0.000726508877006562
2024-04-04,-0.0036376396974243243
2024-04-05,0.002184287691527831
2024-04-08,0.006524092444513075
2024-04-09,0.006720885491877381
2024-04-10,-0.013730060070131254
2024-04-11,0.006045281176543143
2024-04-12,-0.023169075394711715
2024-04-15,-0.006435423999322432
2024-04-16,-0.0132486583945642
2024-04-17,-0.0007552217141009655
2024-04-18,0.004021173982178277
2024-04-19,-0.004021173982178387
2024-04-22,0.010770321538965425
2024-04-23,0.00818763997165932
2024-04-24,0.0034534199281031565
2024-04-25,0.0022137393754445905
2024-04-26,0.011481609168604495
2024-04-29,0.009669008380696684
2024-04-30,-0.014050590107907435
2024-05-01,0.0009753127853036821
2024-05-02,0.02550662284478874
2024-05-03,0.008987831875887786
2024-05-06,0.0009414350914052303
2024-05-07,-0.005661761852040655
2024-05-08,0.0002365557344855495
2024-05-09,0.0030699544876099973
2024-05-10,0.0021199759346837606
2024-05-13,0.007501220991082538
2024-05-14,0.005356971994364134
2024-05-15,0.010628521716513295
2024-05-16,0.00206634310030882
2024-05-17,0.0043483185369003205
2024-05-20,-0.0036604546928729787
2024-05-21,-0.006207598160132124
2024-05-22,-0.003234040802860652
2024-05-23,-0.0074315388228216005
2024-05-24,0.002793221698016125
2024-05-28,-0.0013956355883933493
2024-05-29,-0.01500959664380688
2024-05-30,-0.0028396783214019805
2024-05-31,-0.009762957133386284
2024-06-03,0.01047363305017841
2024-06-04,-0.014069607137085577
2024-06-05,0.01596227743007605
2024-06-06,0.00495109483421241
2024-06-07,-0.011353075852141355
2024-06-10,0.005929054581326696
2024-06-11,-0.0033387801033579133
2024-06-12,0.009983270829539384
2024-06-13,-0.0023679270968649012
2024-06-14,0.001184711469897689
2024-06-17,0.006373263782819797
2024-06-18,0.00913459016843999
2024-06-20,-0.001633402453265982
2024-06-21,-0.0035092379491338515
2024-06-24,0.0
2024-06-25,-0.0023462588995024907
2024-06-26,-0.002116452928668806
2024-06-27,0.0007060132859592933
2024-06-28,0.0018801133680608866
2024-07-01,0.0023451584729299573
2024-07-02,0.003040664650354937
2024-07-03,0.014605545254097544
2024-07-05,0.004134232954532618
2024-07-08,0.0002290679602574594
2024-07-09,0.00411617968410958
2024-07-10,0.005688938576736591
2024-07-11,0.005882438900315543
2024-07-12,0.0040521511167467715
2024-07-15,-0.01061551298748578
2024-07-16,0.005660599787099399
2024-07-17,-0.016390012071105176
2024-07-18,-0.009454729083593173
2024-07-19,-0.009778905272889849
2024-07-22,0.008387667725085445
2024-07-23,-0.00885569267673638
2024-07-24,-0.01461963314929029
2024-07-25,-0.004046107309165452
2024-07-26,0.010203053894572663
2024-07-29,-0.0033105460193928442
2024-07-30,-0.0045103847390771815
2024-07-31,0.02165300198808948
2024-08-01,-0.01761650213077421
2024-08-02,-0.014319981811616039
2024-08-05,-0.028775533589908083
2024-08-06,0.005674247305225613
2024-08-07,0.006131220125421759
2024-08-08,0.02248370875150984
2024-08-09,0.005483408958890053
2024-08-12,0.0033229302604769204
2024-08-13,0.01107590964873373
2024-08-14,-0.005404714109121052
2024-08-15,0.011013524851971912
2024-08-16,0.011585009625123615
2024-08-19,0.009628699588953328
2024-08-20,-0.007787438614523454
2024-08-21,0.0039011633245775537
2024-08-22,-0.012445444652485904
2024-08-23,0.01655983338948506
2024-08-26,-0.008475595262583832
2024-08-27,0.0013792213778716274
2024-08-28,-0.006221990924326207
2024-08-29,0.0004622759713741239
2024-08-30,0.0020772808103374568
2024-09-03,-0.020028523918866174
2024-09-04,-0.00023525122382820325
2024-09-05,0.0014107712554239098
2024-09-06,-0.01849711736845399
2024-09-09,0.008342348481083657
2024-09-10,-0.003804941352839105
2024-09-11,0.00735889082893276
2024-09-12,0.008244192126677947
2024-09-13,0.004680537111837112
2024-09-16,0.0032634728824249273
2024-09-17,0.0011628508348194078
2024-09-18,-0.0034928950572214314
2024-09-19,0.021004830069464776
2024-09-20,-0.002057806968814382
2024-09-23,0.007752018933995327
2024-09-24,0.03350010510717028
2024-09-25,-0.010598394616639695
2024-09-26,0.03597119364995586
2024-09-27,-0.0019290146849804894
2024-09-30,-0.016221901126709348
2024-10-01,0.007170101363447219
2024-10-02,0.01950960780967893
2024-10-03,-0.011960748616192908
2024-10-04,0.009196857293890163
2024-10-07,0.008268945596056926
2024-10-08,-0.025014662083433226
2024-10-09,-0.005427207592092213
2024-10-10,0.001957206878080087
2024-10-11,0.007143628956659898
2024-10-14,-0.004106774194440373
2024-10-15,-0.02145441831290426
2024-10-16,0.0077153512620181264
2024-10-17,-0.0015383678903039516
2024-10-18,0.009847956186218818
2024-10-21,-0.0069930175810366335
2024-10-22,-0.0021954231142154944
2024-10-23,-0.005951795939656689
2024-10-24,-0.0015486561706356382
2024-10-25,-0.0008862507888129276
2024-10-28,0.004422806744286467
2024-10-29,-0.003093900789499078
2024-10-30,-0.009786452149202821
2024-10-31,-0.006503108028456287
2024-11-01,0.0008996033508056913
2024-11-04,0.005603504677650583
2024-11-05,0.013542138203904824
2024-11-06,-0.01242526630854644
2024-11-07,0.021862317703650536
2024-11-08,-0.02499288580896797
2024-11-11,-0.007643963717040368
2024-11-12,-0.019139279139601496
2024-11-13,-0.006462190447433206
2024-11-14,-0.005572255211923455
2024-11-15,0.0
2024-11-18,0.011344029516346605
2024-11-19,-0.0006908016304127479
2024-11-20,-0.001152489191692091
2024-11-21,-0.0020778519770170154
2024-11-22,0.00023106536705153874
2024-11-25,0.0006929676542502973
2024-11-26,-0.004164751010904524
2024-11-27,0.001390086484301388
2024-11-29,0.0016194209009785538
2024-12-02,0.00392213921222436
2024-12-03,0.002070113542778006
2024-12-04,0.0025244948078187086
2024-12-05,0.0066246539538125345
2024-12-06,-0.0015950658825243243
2024-12-09,0.020316758396518662
2024-12-10,-0.01622016061427982
2024-12-11,0.004079704394017259
2024-12-12,-0.004988620285379167
2024-12-13,0.0009089158913618878
2024-12-16,-0.005465747278630602
2024-12-17,-0.0023947568973180437
2024-12-18,-0.023552684791110317
2024-12-19,0.0033309374772755797
2024-12-20,0.004029949190856678
2024-12-23,0.0056617465768798855
2024-12-24,0.0030533864922569513
2024-12-26,-0.0035239456449798574
2024-12-27,-0.004481713590855897
2024-12-30,-0.008070360501433314
2024-12-31,-0.0033420697128610233
2025-01-02,-0.0014357552581081927
2025-01-03,0.009295772035607445
2025-01-06,0.0035524134367951464
2025-01-07,-0.0071174915182361815
2025-01-08,-0.0047733570839243716
2025-01-10,-0.017131489079678448
2025-01-13,-0.006837592706417619
2025-01-14,0.01120876289156381
2025-01-15,0.012999650140069647
2025-01-16,-0.0011966681157793216
2025-01-17,0.007871265613636979
2025-01-21,0.010634662336943447
2025-01-22,0.0007049723978878004
2025-01-23,0.002346264064040538
2025-01-24,0.0065406034364264695
2025-01-27,-0.018327641801333748
2025-01-28,0.007324272427541118
2025-01-29,0.00023550058811571686
2025-01-30,0.01680306963386419
2025-01-31,-0.011404641936271238
2025-02-03,-0.0072830659366365765
2025-02-04,0.01776162467253347
2025-02-05,-0.0025512959420627354
2025-02-06,0.004171605034141584
2025-02-07,-0.0009256210841204124
2025-02-10,0.011965148283476031
2025-02-11,-0.0038959432460522934
2025-02-12,0.0054957958701568
2025-02-13,0.006373760103007958
2025-02-14,0.007685445563948962
2025-02-18,0.006285056122474742
2025-02-19,-0.0015675208271425933
2025-02-20,0.00914674641740409
2025-02-21,-0.0028911781142293472
2025-02-24,-0.015486838966784778
2025-02-25,0.0006784399816131112
2025-02-26,0.009896620307386339
2025-02-27,-0.019663848604417018
2025-02-28,-0.013790287698425756
2025-03-03,-0.008833066910794175
2025-03-04,0.00837013251436486
2025-03-05,0.029430673076814837
2025-03-06,-0.00631482326176685
2025-03-07,0.004964987237908883
2025-03-10,-0.024152393586859947
2025-03-11,0.00826824402139245
2025-03-12,0.005474484602983707
2025-03-13,-0.004103051203741356
2025-03-14,0.01810826696965533
2025-03-17,0.01690431549807245
2025-03-18,-0.005085681778048866
2025-03-19,0.0024355811018022364
2025-03-20,-0.009331445141762531
2025-03-21,-0.0049227696800633915
2025-03-24,0.004476269004965987
2025-03-25,-0.0029072552534727125
2025-03-26,-0.006065409868791384
2025-03-27,0.004944899480333781
2025-03-28,-0.018785152487978782
2025-03-31,-0.001600494791439486
2025-04-01,0.003198521206323873
2025-04-02,0.0013676819072309244
2025-04-03,-0.021412101998046777
2025-04-04,-0.05722692601058494
2025-04-07,-0.037920486416326664
2025-04-08,-0.01417730258990959
2025-04-09,0.06701794877566279
2025-04-10,-0.017387509523746153
2025-04-11,0.030891465708076743
2025-04-14,0.009060623605716777
2025-04-15,-0.0009499272914572627
2025-04-16,-0.011709992265768129
2025-04-17,0.007662867010437508
2025-04-21,-0.00023860994164081941
2025-04-22,0.014920397533914954
2025-04-23,0.011452714199051408
2025-04-24,0.01155272728680817
2025-04-25,-0.001839480160733737
2025-04-28,0.0018394801607337333
2025-04-29,0.0027530255994585974
2025-04-30,0.002516854393397768
2025-05-01,-0.00022857583781486941
2025-05-02,0.028170941459435567
2025-05-05,0.007527122604235689
2025-05-06,-0.003977832568173699
2025-05-07,-0.01158157585587168
2025-05-08,-0.0006721836520789392
2025-05-09,0.006702373198757084
2025-05-12,0.021368905273375555
2025-05-13,0.001742053112212793
2025-05-14,0.0075865494504964385
2025-05-15,-0.00043202314830919286
2025-05-16,-0.000648300429192141
2025-05-19,0.002159397045030866
2025-05-20,-0.0010790734675296774
2025-05-21,-0.002594604670742385
2025-05-22,-0.0032527514277710706
2025-05-23,0.0041183115257055645
2025-05-27,-0.0023822224252682844
2025-05-28,-0.00456375250946549
2025-05-29,0.0036962118834223097
2025-05-30,-0.01222732342112187
2025-06-02,0.0072233475618292695
2025-06-03,0.0023962340329153732
2025-06-04,0.01232585452838295
2025-06-05,0.005144723115347432
2025-06-06,0.0032020627292669262
2025-06-09,0.008488988438139895
2025-06-10,0.005689635071296187
2025-06-11,0.0041938259274029305
2025-06-12,0.0016724874629205691
2025-06-13,-0.016003626897567378
2025-06-16,0.012184813969654814
2025-06-17,-0.013214157142017463
2025-06-18,-0.0002146145189022361
2025-06-20,-0.005810735014271594
2025-06-23,0.008168468236703648
2025-06-24,0.02557467758182421
2025-06-25,0.000834390965638739
2025-06-26,0.006650101963772634
2025-06-27,-0.0039431697371249035
2025-06-30,0.003114391649024946
2025-07-01,0.001863925820437307
2025-07-02,0.004335670205728148
2025-07-03,0.004522024372349844
2025-07-07,-0.014251992712248794
2025-07-08,0.006221533518354563
2025-07-09,-0.0016552357794128486
2025-07-10,0.002688378547897459
2025-07-11,-0.003309869157857576
2025-07-14,0.0014494910051891592
2025-07-15,0.007215708748139646
2025-07-16,0.004713649107333236
2025-07-17,0.005708418229921015
2025-07-18,-0.00223865193586774
2025-07-21,0.006498760560289086
2025-07-22,0.00060707458674953
2025-07-23,0.010064517402043784
2025-07-24,-0.005422222569943039
2025-07-25,-0.003025202659986397
2025-07-28,-0.006687553623199387
2025-07-29,0.00040659381024936306
2025-07-30,-0.007344023722295724
2025-07-31,-0.0057494440849540215
2025-08-01,-0.0074410954755893145
2025-08-04,0.010319949525785741
2025-08-05,0.0028705900347574635
2025-08-06,0.004698243498380302
2025-08-07,0.008320646649678978
2025-08-08,-0.000808748546844874
2025-08-11,-0.0028357033993225895
2025-08-12,0.012096977072674384
2025-08-13,0.011952310952547278
2025-08-14,-0.012353199893649197
2025-08-15,0.0012021075306423022
2025-08-18,0.005790235488710514
2025-08-19,-0.008195975017247911
2025-08-20,-0.0014060319296407735
2025-08-21,-0.0022135029861761525
2025-08-22,0.019747323151354374
2025-08-25,-0.005744281579117637
2025-08-26,-0.0025857863043677416
2025-08-27,-0.005992853956032358
2025-08-28,0.0037995750611905803
2025-08-29,-0.004801859176816037
2025-09-02,-0.0008025822803944169
2025-09-03,0.0038064259319490106
2025-09-04,-0.0032044676510718712
2025-09-05,0.011964305163281046
2025-09-08,0.009076626763970844
2025-09-09,0.005484776789386828
2025-09-10,0.006814086046459675
2025-09-11,0.014446933801606894
2025-09-12,-0.0005739351307392581
2025-09-15,0.0072450060518453605
2025-09-16,0.007381523343277887
2025-09-17,0.004327755727496308
2025-09-18,-0.0024437735228312924
2025-09-19,-0.0022612049470505627
2025-09-22,0.0048927586174374385
2025-09-23,0.0005629837779839431
2025-09-24,-0.00338281244681209
2025-09-25,-0.005852931166664753
2025-09-26,-0.001895409003766347
2025-09-29,0.009065230390744711
2025-09-30,0.0039403697835448
2025-10-01,0.00783439182018299
2025-10-02,0.004634331529134807
2025-10-03,0.0029547377313635342
2025-10-06,0.004599445856804739
2025-10-07,-0.007739113583317052
2025-10-08,0.007922689047995203
2025-10-09,-0.010330326771560275
2025-10-10,-0.03759773925023001
2025-10-13,0.028657455264509697
2025-10-14,-0.009020861194911018
2025-10-15,0.016290927897532528
2025-10-16,0.0064796385286678545
2025-10-17,-0.00018452044873112949
2025-10-20,0.013565768637458259
2025-10-21,-0.011169155743964671
2025-10-22,-0.0009211165227085
2025-10-23,0.008807408210319187
2025-10-24,0.006554986171013815
2025-10-27,0.011009965697466791
2025-10-28,-0.00035907270434000277
2025-10-29,0.005729610289463736
2025-10-30,-0.010409256617847177
2025-10-31,-0.0023480610255575862
2025-11-03,0.006309244442986436
2025-11-04,-0.01849893719931628
2025-11-05,0.008929424008210295
2025-11-06,-0.007466143534331737
2025-11-07,-0.0029287762066718295
2025-11-10,0.01744542628139829
2025-11-11,0.001080321517932544
2025-11-12,0.0001799749815265384
2025-11-13,-0.011763737189805655
2025-11-14,0.000545974874986953
2025-11-17,-0.011897235474725973
2025-11-18,-0.004983910186447033
2025-11-19,-0.0035221352045975143
2025-11-20,-0.013837121532113793
2025-11-21,-0.00018834590637397414
2025-11-24,0.010490955043958496
2025-11-25,0.003534512394529376
2025-11-26,0.007216330164015371
2025-11-28,0.0014737940218216836
2025-12-01,-0.0007366611442624596
2025-12-02,0.0003683984058348666
2025-12-03,0.0007363899093334789
2025-12-04,-0.0001840110366238899
2025-12-05,0.0075180967585363094
2025-12-08,-0.002194625924692317
2025-12-09,-0.0016491005081411896
2025-12-10,0.011124414725090622
2025-12-11,-0.004726434453018742
2025-12-12,-0.01173026075387853
2025-12-15,-0.0029542633947337825
2025-12-16,-0.0063407796427112015
2025-12-17,-0.007198384469053602
2025-12-18,0.011342319954006693
2025-12-19,0.00972698368990943
2025-12-22,0.005383789149360661
2025-12-23,0.005539213805071648
2025-12-24,0.0020233023754689405
2025-12-26,0.006958480323340761
2025-12-29,-0.0025580023233772982
2025-12-30,0.004016825172031164
2025-12-31,-0.003102511538822853
2026-01-02,0.02758178600557661
2026-01-05,0.010963839610016311
2026-01-06,0.007359384384091269
2026-01-07,-0.007535307985125497
2026-01-08,0.00035174918090235326
2026-01-09,0.00473644358393169
2026-01-12,0.013903582518313015
2026-01-13,-0.007449152099242253
2026-01-14,0.004164532861891754
2026-01-15,0.005870185229287973
2026-01-16,-0.0037944375025929645
2026-01-20,-0.009723944602449543
2026-01-21,0.01644057019520513
2026-01-22,0.007524017109962288
2026-01-23,0.006283436321486868
2026-01-26,0.001691449590139919
2026-01-27,0.019580610516774098
2026-01-28,0.006771845960941189
2026-01-29,-0.005115967537678073
2026-01-30,-0.022420216089521564
2026-02-02,0.0030410618022151553
2026-02-03,0.00538358807363541
2026-02-04,-0.013513706539888254
2026-02-05,-0.004602419482315726
2026-02-06,0.025971121334629456
2026-02-09,0.007298069113827605
2026-02-10,0.0014862550001867943
2026-02-11,0.015717463383100785
2026-02-12,-0.011436176781244178
2026-02-13,0.004262972884952327
2026-02-17,-0.004098702424206661
2026-02-18,0.005243330073035202
2026-02-19,-0.0024543530563749185
2026-02-20,0.02107387481185221
2026-02-23,-0.011130022425838673
2026-02-24,0.015611444480140655
2026-02-25,0.010958617406403436
2026-02-26,-0.009522406292023144
2026-02-27,-0.0020751424553871658
2026-03-02,-0.017408592687686415
2026-03-03,-0.05137890919582004
2026-03-04,0.010726264106491317
2026-03-05,-0.02434124574055445
2026-03-06,-0.005393686346689438
2026-03-09,0.01952210333503412
2026-03-10,0.003927257504525144
2026-03-11,0.0025530015254112757
2026-03-12,-0.03247825671102488
2026-03-13,-0.002637390994772242
2026-03-16,0.027437071426805654
2026-03-17,0.006317769302389748
2026-03-18,-0.020463247146675294
2026-03-19,0.0010418052415584317
2026-03-20,-0.03496735503356364
2026-03-23,0.029572796440560465
2026-03-24,-0.013880586610676676
2026-03-25,0.015798076888649332
2026-03-26,-0.03455028673043176
2026-03-27,-0.004879388969272837
2026-03-30,-0.0081855984078062
